booking_id,customer_id,hotel_id,booking_date,checkin_date,checkout_date,booking_amount,tax_amount,discount_amount,total_paid_amount,booking_channel,booking_status,payment_status,city,room_type,guest_count,loyalty_tier_at_booking,expected_refund_amount
BKG300000,CUST100199,HTL200933,2026-02-08,2026-02-15,2026-02-17,3038.3,291.68,607.66,2722.32,Mobile App,Cancelled,Refunded,Bengaluru,Deluxe,5,Gold,1225.04
BKG300001,CUST100883,HTL200537,2026-05-03,2026-06-16,2026-06-17,7455.57,894.67,0.0,8350.24,Mobile App,Completed,Partially Paid,Varanasi,Deluxe,3,Gold,0.0
BKG300002,CUST100507,HTL200891,2026-02-05,2026-02-17,2026-02-18,5555.31,533.31,1111.06,4977.56,Mobile App,Completed,Paid,Bengaluru,Family Room,2,Blue,0.0
BKG300003,CUST100897,HTL200428,2026-01-21,2026-01-28,2026-01-29,18739.63,2136.32,936.98,19938.97,Mobile App,Completed,Paid,KOLKATA,Suite,1,Blue,0.0
BKG300004,CUST100445,HTL200542,2026-04-28,2026-04-30,2026-05-05,41664.86,3999.83,8332.97,37331.72,Mobile App,Confirmed,Payment Failed,Udaipur,Standard,5,Blue,0.0
BKG300005,CUST100079,HTL200125,2026-02-17,2026-02-18,2026-02-19,1347.0,145.48,134.7,1357.78,Website,Completed,Paid,Hyderabad,Suite,2,Silver,0.0
BKG300006,CUST100744,HTL200709,2026-01-26,2026-02-18,2026-02-24,70916.61,7233.49,10637.49,67512.61,Mobile App,Completed,Paid,Bengaluru,Family Room,3,Blue,0.0
BKG300007,CUST100697,HTL200300,2026-02-05,2026-03-02,2026-03-06,65959.61,6727.88,9893.94,62793.55,Call Center,Confirmed,Paid,Varanasi,Standard,5,Blue,0.0
BKG300008,CUST100930,HTL200542,2026-05-08,2026-05-26,2026-06-02,72261.39,8671.37,0.0,80932.76,Website,Completed,Paid,  Udaipur  ,Executive,4,Gold,0.0
BKG300009,CUST100653,HTL200366,2026-05-29,2026-07-12,2026-07-16,68352.14,8202.26,0.0,76554.4,Website,Confirmed,paid,Agra,Executive,3,Blue,0.0
BKG300010,CUST100901,HTL200828,2026-05-26,2026-06-02,2026-06-07,43159.59,4920.19,2157.98,45921.8,Call Center,Confirmed,Paid,Shimla,Standard,4,Platinum,0.0
BKG300011,CUST100271,HTL200943,2026-01-15,2026-01-18,2026-01-22,21906.07,2628.73,0.0,24534.8,Mobile App,Cancelled,Refund Pending,Manali,Executive,5,Gold,24534.8
BKG300012,CUST100123,HTL200743,2026-03-20,2026-04-18,2026-04-22,75877.26,8650.01,3793.86,80733.41,Website,Confirmed,Paid,Manali,Suite,5,Platinum,0.0
BKG300013,CUST100685,HTL200044,2026-05-14,2026-05-24,2026-05-26,5311.47,509.9,1062.29,4759.08,Website,Completed,Paid,Goa,Deluxe,4,Gold,0.0
BKG300014,CUST100651,HTL200492,2026-01-28,2026-03-12,2026-03-19,99363.34,11327.42,4968.17,105722.59,Mobile App,Check-in Denied,Paid,Ahmedabad,Suite,1,Blue,0.0
BKG300015,CUST100296,HTL200315,2026-05-16,2026-05-21,2026-05-28,24835.6,2831.26,1241.78,26425.08,Mobile App,Confirmed,Paid,Manali,Executive,5,Blue,0.0
BKG300016,CUST101142,HTL200188,2026-05-29,2026-07-02,2026-07-03,12718.52,1449.91,635.93,13532.5,Mobile App,Completed,Paid,Ahmedabad,Deluxe,2,Gold,0.0
BKG300017,CUST100786,HTL200051,2026-04-30,2026-05-08,2026-05-14,50346.11,5437.38,5034.61,50748.88,Mobile App,COMPLETED,Paid,Manali,Suite,2,Blue,0.0
BKG300018,CUST101099,HTL200563,2026-03-29,2026-04-12,2026-04-18,95947.08,11513.65,0.0,107460.73,Partner Desk,Completed,Paid,Bengaluru,Executive,5,Blue,0.0
BKG300019,CUST100620,HTL200331,2026-01-31,2026-03-12,2026-03-14,32801.14,3936.14,0.0,36737.28,Mobile App,Completed,Paid,Delhi,Suite,4,Silver,0.0
BKG300020,CUST100972,HTL200498,2026-02-16,2026-02-22,2026-02-28,50460.85,5147.01,7569.13,48038.73,Mobile App,Completed,Paid,Kolkata,Executive,4,Silver,0.0
BKG300021,CUST100880,HTL200976,2026-02-03,2026-02-04,2026-02-06,22006.98,2244.71,3301.05,20950.64,Call Center,Confirmed,Paid,Ahmedabad,Family Room,3,Platinum,0.0
BKG300022,CUST100350,HTL200317,2026-01-02,2026-02-04,2026-02-11,125021.43,12752.19,18753.21,119020.41,Mobile App,Confirmed,Paid,Mumbai,Standard,4,Blue,0.0
BKG300023,CUST100254,HTL200409,2026-04-16,2026-05-26,2026-06-02,58417.99,5958.64,8762.7,55613.93,Partner Desk,Cancelled,paid,Mumbai,Executive,1,Blue,25026.27
BKG300024,CUST100678,HTL200322,2026-04-04,2026-04-15,2026-04-22,109748.46,12511.32,5487.42,116772.36,Call Center,CONFIRMED,Paid,Hyderabad,Suite,1,Silver,0.0
BKG300025,CUST100028,HTL200590,2026-03-13,2026-04-06,2026-04-12,97510.22,10531.1,9751.02,98290.3,Website,Cancelled,  Refunded  ,Jaipur,Executive,2,Blue,68803.21
BKG300026,CUST100466,HTL200560,2026-02-21,2026-03-03,2026-03-07,36321.74,4140.68,1816.09,38646.33,Website,Cancelled,Refund Pending,Manali,Executive,5,Silver,38646.33
BKG300027,CUST101058,HTL200229,2026-05-15,2026-06-28,2026-07-05,98448.24,11813.79,0.0,110262.03,Website,Confirmed,Paid,Varanasi,Suite,2,Platinum,0.0
BKG300028,CUST100748,HTL200343,2026-05-27,2026-06-19,2026-06-22,32022.96,3650.62,1601.15,34072.43,Website,Confirmed,Paid,Hyderabad,Suite,5,Silver,0.0
BKG300029,CUST100601,HTL200370,2026-03-31,2026-04-16,2026-04-17,8451.15,1014.14,0.0,9465.29,Mobile App,Confirmed,Paid,Goa,Deluxe,2,Silver,0.0
BKG300030,CUST100739,HTL200989,2026-04-02,2026-05-09,2026-05-12,7312.79,833.66,365.64,7780.81,Mobile App,completed,Paid,  Kochi  ,Executive,5,Silver,0.0
BKG300031,CUST100930,HTL200555,2026-05-23,2026-06-08,2026-06-12,34344.68,3915.29,1717.23,36542.74,Mobile App,Cancelled,Refunded,Agra,Family Room,5,Platinum,25579.92
BKG300032,CUST101091,HTL200291,2026-03-19,2026-05-02,2026-05-07,60924.62,6579.86,6092.46,61412.02,Website,Confirmed,Paid,Agra,Standard,2,Silver,0.0
BKG300033,CUST100130,HTL200436,2026-05-05,2026-06-05,2026-06-07,26399.01,3009.49,1319.95,28088.55,Website,Confirmed,Partially Paid,Chennai,Executive,3,Blue,0.0
BKG300034,CUST100110,HTL200246,2026-05-22,2026-05-28,2026-06-03,35663.33,3851.64,3566.33,35948.64,Mobile App,Completed,Partially Paid,Ahmedabad,Suite,1,Gold,0.0
BKG300035,CUST100523,HTL200939,2026-05-11,2026-06-10,2026-06-16,53948.24,6150.1,2697.41,57400.93,Website,Confirmed,Paid,Kolkata,Deluxe,4,Silver,0.0
BKG300036,CUST100686,HTL200218,2026-02-19,2026-03-28,2026-04-01,42629.84,4348.24,6394.48,40583.6,Website,Completed,Paid,Shimla,Executive,1,Blue,0.0
BKG300037,CUST100830,HTL200533,2026-04-03,2026-04-04,2026-04-10,17720.99,2126.52,0.0,19847.51,WeBsItE,Completed,Paid,Agra,Family Room,4,Blue,0.0
BKG300038,CUST100665,HTL200641,2026-05-04,2026-06-15,2026-06-19,56520.51,6104.22,5652.05,56972.68,Mobile App,Confirmed,Payment Failed,Shimla,Suite,5,Blue,0.0
BKG300039,CUST101066,HTL200518,2026-02-23,2026-03-20,2026-03-23,54948.43,5934.43,5494.84,55388.02,Mobile App,Completed,Paid,Varanasi,Family Room,2,Platinum,0.0
BKG300040,CUST100874,HTL200783,2026-05-14,2026-06-04,2026-06-09,7113.49,682.89,1422.7,6373.68,Mobile App,Confirmed,Paid,Kolkata,Family Room,2,Blue,0.0
BKG300041,CUST100284,HTL200471,2026-03-19,2026-04-23,2026-04-25,24916.17,2840.44,1245.81,26510.8,Mobile App,Confirmed,Paid,Delhi,Standard,4,Gold,0.0
BKG300042,CUST100822,,2026-03-19,2026-04-26,2026-05-02,55424.8,6318.43,2771.24,58971.99,Mobile App,Confirmed,Paid,Udaipur,Standard,2,Blue,0.0
BKG300043,CUST100563,HTL200043,2026-01-20,2026-01-25,2026-01-30,7064.23,847.71,0.0,7911.94,Website,Completed,Paid,Kochi,Executive,2,Blue,0.0
BKG300044,CUST100018,HTL200751,2026-04-01,2026-04-13,2026-04-18,86167.93,10340.15,0.0,96508.08,Mobile App,Completed,Paid,JAIPUR,Standard,2,Blue,0.0
BKG300045,CUST100546,HTL200877,2026-04-09,2026-04-14,2026-04-19,28885.79,3292.98,1444.29,30734.48,Mobile App,Confirmed,Paid,Goa,Executive,1,Blue,0.0
BKG300046,CUST100047,HTL200064,2026-02-25,2026-03-06,2026-03-07,15071.12,1537.25,2260.67,14347.7,Website,Confirmed,Paid,Hyderabad,Executive,2,Gold,0.0
BKG300047,CUST100218,HTL200245,2026-01-02,2026-02-15,2026-02-20,43615.11,4972.12,2180.76,46406.47,Mobile App,Confirmed,Partially Paid,Shimla,Suite,3,Silver,0.0
BKG300048,CUST100765,HTL200986,2026-04-15,2026-04-24,2026-05-01,112764.68,13531.76,0.0,126296.44,Website,Confirmed,Paid,Varanasi,Suite,4,Silver,0.0
BKG300049,CUST100030,,2026-04-22,2026-05-27,2026-05-31,47438.37,5692.6,0.0,53130.97,Partner Desk,Completed,Paid,AGRA,Deluxe,1,Gold,0.0
BKG300050,CUST100258,HTL200070,2026-01-24,2026-01-25,2026-01-26,11218.34,1346.2,0.0,12564.54,Mobile App,Confirmed,Payment Failed,Hyderabad,Standard,1,Silver,0.0
BKG300051,CUST100307,HTL200708,2026-04-19,2026-04-29,2026-05-06,26939.52,2586.19,5387.9,24137.81,Website,Completed,Paid,Jaipur,Deluxe,5,Silver,0.0
BKG300052,CUST101094,HTL200700,2026-03-09,2026-04-17,2026-04-18,5414.22,552.25,812.13,5154.34,Website,Confirmed,Paid,Varanasi,Family Room,5,Gold,0.0
BKG300053,CUST100306,HTL200157,2026-04-24,2026-05-30,2026-06-04,19861.85,2264.25,993.09,21133.01,Mobile App,Completed,Paid,Goa,Executive,2,Silver,0.0
BKG300054,CUST100567,HTL200937,2026-03-25,2026-05-01,2026-05-07,40246.93,4829.63,0.0,45076.56,Mobile App,CANCELLED,Refund Pending,Kolkata,Executive,1,Silver,45076.56
BKG300055,CUST101122,HTL200474,2026-02-18,2026-03-25,2026-03-31,76578.58,7811.02,11486.79,72902.81,Mobile App,Completed,Partially Paid,Mumbai,Suite,1,Silver,0.0
BKG300056,CUST100020,HTL200841,2026-02-01,2026-02-18,2026-02-24,39777.45,4773.29,0.0,44550.74,Mobile App,Confirmed,Paid,Udaipur,Family Room,2,Blue,0.0
BKG300057,CUST101029,HTL200024,2026-03-02,2026-03-15,2026-03-21,59588.03,6435.51,5958.8,60064.74,Mobile App,Confirmed,Partially Paid,Shimla,Executive,4,Blue,0.0
BKG300058,CUST100230,HTL200849,2026-05-09,2026-05-15,2026-05-19,32860.99,3351.82,4929.15,31283.66,Mobile App,Confirmed,Paid,Chennai,Executive,1,Silver,0.0
BKG300059,CUST100081,HTL200582,2026-04-12,2026-05-19,2026-05-25,29948.49,3414.13,1497.42,31865.2,Website,Completed,PAID,Kochi,Family Room,5,Blue,0.0
BKG300060,CUST100957,HTL200824,2026-02-04,2026-03-08,2026-03-10,28159.57,3379.15,0.0,31538.72,Website,Confirmed,Paid,Delhi,Family Room,2,Blue,0.0
BKG300061,CUST100216,HTL200222,2026-02-20,2026-03-03,2026-03-08,90138.8,10816.66,0.0,100955.46,Mobile App,Confirmed,Paid,Shimla,Executive,1,Blue,0.0
BKG300062,CUST100334,HTL200159,2026-02-14,2026-03-03,2026-03-04,11396.93,1094.1,2279.39,10211.64,Mobile App,No Show,  Paid  ,Bengaluru,Family Room,5,Silver,3063.49
BKG300063,CUST100558,HTL200817,2026-03-18,2026-03-23,2026-03-25,25294.94,3035.39,0.0,28330.33,website,Confirmed,Paid,Delhi,Standard,3,Silver,0.0
BKG300064,CUST100863,HTL200074,2026-04-23,2026-04-29,2026-05-05,21892.74,2495.77,1094.64,23293.87,Website,Check-in Denied,Refund Pending,PuNe,Family Room,1,Gold,0.0
BKG300065,CUST100873,HTL200137,2026-03-06,2026-03-16,2026-03-18,13273.55,1353.9,1991.03,12636.42,Mobile App,Cancelled,Refunded,Shimla,Deluxe,2,Silver,12636.42
BKG300066,CUST100752,HTL200917,2026-01-14,2026-02-16,2026-02-17,8321.59,848.8,1248.24,7922.15,Mobile App,Cancelled,Paid,Hyderabad,Deluxe,5,Blue,0.0
BKG300067,CUST100593,HTL200478,2026-04-03,2026-05-03,2026-05-09,18044.1,2057.03,902.21,19198.92,Mobile App,No Show,Refund Pending,Jaipur,Executive,1,Blue,19198.92
BKG300068,CUST100703,HTL200552,2026-05-11,2026-06-01,2026-06-03,30582.08,3669.85,0.0,34251.93,Mobile App,Confirmed,Paid,  Udaipur  ,Executive,5,Gold,0.0
BKG300069,CUST100924,HTL200302,2026-01-24,2026-03-07,2026-03-11,4900.17,529.22,490.02,4939.37,Website,CONFIRMED,Paid,shimla,Suite,2,Blue,0.0
BKG300070,CUST100552,HTL200909,2026-03-06,2026-03-23,2026-03-27,38373.74,4604.85,0.0,42978.59,Mobile App,Confirmed,Paid,Delhi,Family Room,1,Gold,0.0
BKG300071,CUST100782,HTL200386,2026-05-18,2026-06-14,2026-06-19,57745.19,6929.42,0.0,64674.61,MOBILE APP,Confirmed,Paid,Udaipur,Deluxe,2,Gold,0.0
BKG300072,CUST100086,HTL200471,2026-01-13,2026-01-16,2026-01-21,80212.4,8181.66,12031.86,76362.2,Mobile App,Confirmed,Paid,Delhi,Suite,4,Blue,0.0
BKG300073,CUST100512,HTL200333,2026-05-22,2026-06-20,2026-06-27,36862.05,4423.45,0.0,41285.5,Partner Desk,Cancelled,Refund Pending,Hyderabad,Executive,1,Blue,18578.48
BKG300074,CUST100983,HTL200308,2026-04-10,2026-04-12,2026-04-14,3223.03,386.76,0.0,3609.79,Mobile App,Confirmed,Paid,Kochi,Standard,1,Gold,0.0
BKG300075,CUST101008,HTL200527,2026-05-18,2026-06-16,2026-06-17,7888.04,899.24,394.4,8392.88,Mobile App,Confirmed,Paid,Manali,Family Room,5,Blue,0.0
BKG300076,CUST100586,HTL200886,2026-04-09,2026-05-15,2026-05-19,61047.1,6959.37,3052.35,64954.12,Website,Completed,Partially Paid,Pune,Suite,1,Silver,0.0
BKG300077,CUST100497,HTL200700,2026-02-24,2026-03-30,2026-04-02,17760.46,1918.13,1776.05,17902.54,Website,Confirmed,Paid,Varanasi,Standard,4,Blue,0.0
BKG300078,CUST100906,HTL200539,2026-03-04,2026-04-10,2026-04-15,6744.72,687.96,1011.71,6420.97,Mobile App,Completed,Paid,Ahmedabad,Executive,5,Silver,0.0
BKG300079,CUST100955,HTL200162,2026-03-12,2026-04-23,2026-04-30,125039.72,13504.29,12503.97,126040.04,Mobile App,Confirmed,Partially Paid,Kochi,Deluxe,5,Blue,0.0
BKG300080,CUST100742,HTL200999,2026-04-09,2026-04-10,2026-04-14,12122.19,1309.2,1212.22,12219.17,Call Center,Cancelled,Refunded,Delhi,Suite,3,Gold,12219.17
BKG300081,CUST100448,HTL200897,2026-03-07,2026-04-02,2026-04-09,94409.65,10196.24,9440.97,95164.92,Mobile App,Completed,  Paid  ,Delhi,Suite,1,Platinum,0.0
BKG300082,CUST100587,HTL200828,2026-03-20,2026-03-21,2026-03-27,54643.51,6557.22,0.0,61200.73,Mobile App,Completed,Paid,Shimla,Executive,3,Gold,0.0
BKG300083,CUST100259,HTL200951,2026-03-14,2026-03-18,2026-03-20,31346.55,3573.51,1567.33,33352.73,Mobile App,Confirmed,Paid,Kochi,Executive,4,Blue,0.0
BKG300084,CUST100462,HTL200993,2026-02-16,2026-03-27,2026-04-03,28452.4,3072.86,2845.24,28680.02,Mobile App,Check-in Denied,Refund Pending,Ahmedabad,Deluxe,1,Silver,14340.01
BKG300085,CUST100093,HTL200054,2026-03-22,2026-04-05,2026-04-09,45902.77,5508.33,0.0,51411.1,Mobile App,Confirmed,Payment Failed,Varanasi,Deluxe,3,Silver,0.0
BKG300086,CUST101020,HTL200785,2026-05-06,2026-05-24,2026-05-28,57584.32,6564.61,2879.22,61269.71,Website,Cancelled,Refund Pending,Manali,Deluxe,3,Blue,61269.71
BKG300087,CUST101131,HTL200454,2026-02-21,2026-03-27,2026-03-29,30362.23,3461.29,1518.11,32305.41,Mobile App,Check-in Denied,Refunded,Agra,Standard,5,Blue,9691.62
BKG300088,CUST100354,HTL200304,2026-05-26,2026-05-27,2026-06-01,79293.85,8563.74,7929.38,79928.21,Website,Completed,Paid,Kochi,Standard,3,Gold,0.0
BKG300089,CUST100468,HTL200101,2026-05-26,2026-06-17,2026-06-22,24174.9,2755.94,1208.75,25722.09,Website,Completed,Paid,Shimla,Executive,3,Platinum,0.0
BKG300090,CUST100094,HTL200553,2026-01-23,2026-02-08,2026-02-11,40908.01,4418.07,4090.8,41235.28,Website,Confirmed,Paid,Udaipur,Suite,1,Blue,0.0
BKG300091,CUST100867,HTL200774,2026-05-20,2026-06-11,2026-06-14,19057.41,2172.55,952.87,20277.09,Website,Completed,Paid,Bengaluru,Standard,1,Blue,0.0
BKG300092,CUST100090,HTL200387,2026-01-21,2026-02-06,2026-02-11,23424.91,2389.34,3513.74,22300.51,Website,Cancelled,Refunded,Chennai,Executive,5,Platinum,15610.36
BKG300093,CUST101067,HTL200682,2026-03-05,2026-04-02,2026-04-07,34800.89,3967.3,1740.04,37028.15,Website,Confirmed,Paid,Shimla,Standard,1,Blue,0.0
BKG300094,CUST100954,HTL200207,2026-03-13,2026-04-10,2026-04-17,27565.27,3142.44,1378.26,29329.45,Website,No Show,Refund Pending,Delhi,Deluxe,4,Gold,29329.45
BKG300095,CUST100383,HTL200314,2026-05-10,2026-06-01,2026-06-06,33286.78,3994.41,0.0,37281.19,Mobile App,Completed,Paid,Goa,Executive,5,Blue,0.0
BKG300096,CUST100022,HTL200048,2026-03-10,2026-03-16,2026-03-21,50183.32,5720.9,2509.17,53395.05,Mobile App,Completed,Paid,Pune,Deluxe,4,Platinum,0.0
BKG300097,CUST100022,HTL200571,2026-03-09,2026-04-03,2026-04-07,57472.38,5862.18,8620.86,54713.7,Mobile App,Completed,PAID,Pune,Family Room,1,Silver,0.0
BKG300098,CUST100310,HTL200517,2026-05-27,2026-07-08,2026-07-11,3577.94,407.88,178.9,3806.92,Website,Confirmed,Paid,MANALI,Suite,1,Blue,0.0
BKG300099,CUST100574,HTL200147,2026-05-08,2026-05-10,2026-05-12,9664.82,1159.78,0.0,10824.6,Mobile App,Confirmed,Paid,Ahmedabad,Deluxe,5,Blue,0.0
BKG300100,CUST100102,HTL200798,2026-04-17,2026-04-24,2026-04-25,8223.51,888.14,822.35,8289.3,Mobile App,Confirmed,Paid,Goa,Suite,3,Blue,0.0
BKG300101,CUST100499,HTL200210,2026-04-19,2026-05-06,2026-05-08,24733.96,2968.08,0.0,27702.04,MoBiLe aPp,Completed,Partially Paid,Shimla,Executive,2,Gold,0.0
BKG300102,CUST100827,HTL200371,2026-03-13,2026-04-17,2026-04-23,55804.72,6026.91,5580.47,56251.16,Website,No Show,Refund Pending,Bengaluru,Family Room,2,Blue,16875.35
BKG300103,CUST100188,HTL200661,2026-04-13,2026-05-03,2026-05-04,12865.5,1466.67,643.28,13688.89,Call Center,Completed,Paid,varanasi,Suite,1,Blue,0.0
BKG300104,CUST100459,HTL200596,2026-05-21,2026-07-04,2026-07-08,12402.16,1413.85,620.11,13195.9,Website,Completed,Paid,Ahmedabad,Standard,4,Blue,0.0
BKG300105,CUST100188,HTL200977,2026-03-06,2026-03-08,2026-03-14,87218.05,8896.24,13082.71,83031.58,Mobile App,Confirmed,Partially Paid,Pune,Executive,5,Blue,0.0
BKG300106,CUST100350,HTL200671,2026-05-14,2026-05-21,2026-05-24,41003.66,4428.39,4100.37,41331.68,Mobile App,Cancelled,Refunded,Bengaluru,Family Room,3,Silver,0.0
BKG300107,CUST100580,HTL200046,2026-04-22,2026-05-24,2026-05-25,16157.95,1842.01,807.9,17192.06,Mobile App,Completed,Paid,Varanasi,Standard,1,Platinum,0.0
BKG300108,CUST100113,HTL200673,2026-03-20,2026-04-08,2026-04-13,10932.55,1180.72,1093.25,11020.02,Mobile App,Completed,Paid,pune,Standard,4,Blue,0.0
BKG300109,CUST100103,HTL200498,2026-05-06,2026-05-18,2026-05-24,37986.49,4102.54,3798.65,38290.38,Mobile App,Check-in Denied,  Refunded  ,Kolkata,Family Room,1,Gold,0.0
BKG300110,CUST100619,HTL200154,2026-05-01,2026-05-10,2026-05-14,14474.09,1563.2,1447.41,14589.88,Mobile App,No Show,Refunded,Manali,Deluxe,2,Blue,14589.88
BKG300111,CUST101044,HTL200229,2026-03-28,2026-04-24,2026-04-25,14502.7,1740.32,0.0,16243.02,Call Center,Completed,Paid,Varanasi,Family Room,1,Platinum,0.0
BKG300112,CUST100386,HTL200299,2026-02-17,2026-03-03,2026-03-08,84385.74,9619.97,4219.29,89786.42,Mobile App,Check-in Denied,Paid,Kolkata,Family Room,4,Silver,0.0
BKG300113,CUST100943,HTL200157,2026-03-29,2026-03-31,2026-04-06,26317.88,3000.24,1315.89,28002.23,Mobile App,Completed,  Paid  ,  Goa  ,Family Room,2,Gold,0.0
BKG300114,CUST100854,HTL200672,2026-03-09,2026-03-30,2026-04-03,35832.78,4299.93,0.0,40132.71,Partner Desk,Cancelled,Refunded,Delhi,Suite,1,Blue,40132.71
BKG300115,CUST100482,HTL200922,2026-04-11,2026-04-15,2026-04-21,56691.28,6802.95,0.0,63494.23,Mobile App,Completed,Paid,Kolkata,Deluxe,2,Gold,0.0
BKG300116,CUST100472,HTL200246,2026-01-17,2026-02-07,2026-02-08,5199.04,623.88,0.0,5822.92,Mobile App,Confirmed,Paid,Ahmedabad,Executive,5,Blue,0.0
BKG300117,CUST100858,HTL200567,2026-02-07,2026-03-01,2026-03-06,29226.68,2981.12,4384.0,27823.8,Mobile App,Pending,Paid,Pune,Standard,4,Blue,0.0
BKG300118,CUST100941,HTL200150,2026-05-18,2026-05-20,2026-05-23,9787.13,1057.01,978.71,9865.43,Mobile App,Confirmed,Paid,Varanasi,Suite,4,Silver,0.0
BKG300119,CUST100392,HTL200298,2026-02-23,2026-03-12,2026-03-19,56077.25,6392.81,2803.86,59666.2,Website,Confirmed,Paid,Varanasi,Deluxe,5,Blue,0.0
BKG300120,CUST100515,HTL200978,2026-05-14,2026-06-02,2026-06-06,50668.8,5472.23,5066.88,51074.15,Mobile App,Confirmed,Paid,Ahmedabad,Family Room,4,Gold,0.0
BKG300121,CUST100345,HTL200053,2026-05-14,2026-06-23,2026-06-24,7805.9,843.04,780.59,7868.35,Website,Confirmed,Paid,Mumbai,Suite,4,Silver,0.0
BKG300122,CUST100540,HTL200222,2026-02-21,2026-03-17,2026-03-22,102280.13,11659.93,5114.01,108826.05,Website,Confirmed,Paid,Shimla,Suite,1,Blue,0.0
BKG300123,,HTL200765,2026-01-15,2026-02-04,2026-02-07,60274.23,6871.26,3013.71,64131.78,Mobile App,Completed,PAID,Chennai,Standard,3,Blue,0.0
BKG300124,CUST101100,HTL200579,2026-03-09,2026-04-16,2026-04-22,59389.54,7126.74,0.0,66516.28,Mobile App,Pending,Paid,Chennai,Executive,1,Blue,0.0
BKG300125,CUST100342,HTL200564,2026-04-22,2026-05-04,2026-05-09,68486.95,7396.59,6848.7,69034.84,Website,Confirmed,Paid,Ahmedabad,Deluxe,5,Silver,0.0
BKG300126,CUST100542,HTL200466,2026-04-14,2026-05-09,2026-05-16,61363.85,6995.48,3068.19,65291.14,Mobile App,cancelled,Refund Pending,Goa,Deluxe,5,Gold,65291.14
BKG300127,CUST100818,HTL200756,2026-01-07,2026-01-30,2026-02-02,29224.46,3331.59,1461.22,31094.83,Mobile App,Confirmed,Paid,jaipur,Deluxe,3,Gold,0.0
BKG300128,CUST101059,HTL200485,2026-02-20,2026-03-26,2026-03-27,3446.48,392.9,172.32,3667.06,Website,Confirmed,Paid,Hyderabad,Family Room,1,Silver,0.0
BKG300129,CUST100756,HTL200551,2026-02-27,2026-03-31,2026-04-05,27669.22,2988.28,2766.92,27890.58,Mobile App,Completed,Paid,Kolkata,Family Room,1,Blue,0.0
BKG300130,CUST100350,HTL200443,2026-04-19,2026-05-13,2026-05-20,95017.0,10261.84,9501.7,95777.14,Partner Desk,No Show,Paid,Kolkata,Suite,1,Gold,0.0
BKG300131,CUST100187,HTL200853,2026-04-21,2026-06-02,2026-06-07,57747.08,6583.17,2887.35,61442.9,Mobile App,Confirmed,Paid,Jaipur,Executive,2,Platinum,0.0
BKG300132,CUST100333,HTL200904,2026-01-31,2026-02-25,2026-02-27,24482.96,2937.96,0.0,27420.92,Mobile App,Confirmed,Paid,Ahmedabad,Standard,2,Blue,0.0
BKG300133,CUST100482,HTL200862,2026-04-02,2026-04-05,2026-04-09,44698.98,4827.49,4469.9,45056.57,Website,Confirmed,Paid,Jaipur,Standard,1,Blue,0.0
BKG300134,CUST101181,HTL200137,2026-04-16,2026-05-11,2026-05-16,27107.28,2764.94,4066.09,25806.13,Mobile App,No Show,Refund Pending,Shimla,Executive,2,Blue,25806.13
BKG300135,CUST100666,HTL200777,2026-01-13,2026-02-10,2026-02-17,9249.42,998.94,924.94,9323.42,Mobile App,Confirmed,Paid,Delhi,Deluxe,1,Gold,0.0
BKG300136,CUST100295,HTL200925,2026-05-26,2026-06-07,2026-06-10,52867.61,5075.29,10573.52,47369.38,Call Center,Completed,Paid,AgRa,Executive,5,Blue,0.0
BKG300137,CUST100044,HTL200649,2026-04-29,2026-05-25,2026-05-29,57400.76,6888.09,0.0,64288.85,Mobile App,No Show,ReFuNd pEnDiNg,Agra,Standard,1,Silver,32144.42
BKG300138,CUST100494,HTL200953,2026-05-21,2026-07-04,2026-07-05,3942.85,473.14,0.0,4415.99,Mobile App,Completed,Paid,Udaipur,Family Room,2,Silver,0.0
BKG300139,CUST100174,HTL200291,2026-04-25,2026-05-03,2026-05-10,92260.04,9964.09,9226.0,92998.13,Mobile App,Check-in Denied,Refund Pending,Agra,Executive,3,Blue,46499.06
BKG300140,CUST101003,HTL200209,2026-02-26,2026-03-03,2026-03-07,36031.84,4323.82,0.0,40355.66,Mobile App,Check-in Denied,Refund Pending,Pune,Suite,5,Blue,40355.66
BKG300141,CUST100055,HTL200683,2026-05-06,2026-05-17,2026-05-19,9434.5,1132.14,0.0,10566.64,Website,completed,Paid,Kochi,Family Room,4,Gold,0.0
BKG300142,CUST100340,HTL200696,2026-02-23,2026-04-06,2026-04-07,6961.01,793.56,348.05,7406.52,Mobile App,Completed,Paid,Ahmedabad,Suite,3,Blue,0.0
BKG300143,CUST101131,HTL200810,2026-05-13,2026-06-17,2026-06-22,72068.84,8215.85,3603.44,76681.25,Website,Confirmed,Paid,Bengaluru,Suite,3,Silver,0.0
BKG300144,CUST100213,HTL200751,2026-01-19,2026-02-15,2026-02-22,116974.18,14036.9,0.0,131011.08,mobile app,Pending,Paid,Jaipur,Executive,4,Gold,0.0
BKG300145,CUST100757,HTL200210,2026-03-18,2026-04-28,2026-05-04,71558.29,6869.6,14311.66,64116.23,Partner Desk,Confirmed,Paid,Shimla,Suite,5,Blue,0.0
BKG300146,CUST100549,HTL200874,2026-03-10,2026-04-23,2026-04-24,16465.17,1975.82,0.0,18440.99,Mobile App,CANCELLED,Refunded,Ahmedabad,Deluxe,4,Blue,12908.69
BKG300147,CUST100496,HTL200662,2026-02-13,2026-03-23,2026-03-30,71303.12,8556.37,0.0,79859.49,Website,Confirmed,Payment Failed,Kochi,Executive,5,Blue,0.0
BKG300148,CUST100172,HTL200387,2026-02-07,2026-02-26,2026-02-27,4457.47,534.9,0.0,4992.37,call center,Confirmed,Paid,Chennai,Standard,5,Silver,0.0
BKG300149,CUST100104,HTL200395,2026-03-03,2026-04-04,2026-04-06,32824.63,3348.11,4923.69,31249.05,Mobile App,Confirmed,Paid,Manali,Deluxe,5,Blue,0.0
BKG300150,CUST100478,HTL200123,2026-01-22,2026-02-19,2026-02-22,41590.43,4491.77,4159.04,41923.16,Mobile App,Completed,Paid,Udaipur,Family Room,3,Silver,0.0
BKG300151,CUST100433,HTL200560,2026-03-14,2026-04-19,2026-04-20,8427.54,1011.3,0.0,9438.84,Mobile App,Confirmed,Paid,manali,Executive,5,Blue,0.0
BKG300152,CUST100641,HTL200919,2026-05-05,2026-05-23,2026-05-30,75646.93,9077.63,0.0,84724.56,Call Center,Confirmed,Partially Paid,Varanasi,Standard,4,Silver,0.0
BKG300153,CUST100692,HTL200908,2026-01-05,2026-01-15,2026-01-18,30390.03,3282.12,3039.0,30633.15,Website,Confirmed,Paid,Shimla,Standard,3,Blue,0.0
BKG300154,CUST100990,HTL200123,2026-02-23,2026-03-27,2026-03-31,58885.85,7066.3,0.0,65952.15,Partner Desk,Confirmed,Paid,Udaipur,Executive,5,Silver,0.0
BKG300155,CUST100921,HTL200067,2026-03-27,2026-04-14,2026-04-20,115119.18,11051.44,23023.84,103146.78,Website,Completed,Paid,Bengaluru,Deluxe,2,Gold,0.0
BKG300156,CUST100193,HTL200474,2026-01-03,2026-01-15,2026-01-17,32154.89,3472.73,3215.49,32412.13,Mobile App,Completed,Payment Failed,Mumbai,Standard,2,Gold,0.0
BKG300157,CUST100842,HTL200357,2026-02-07,2026-02-15,2026-02-20,87273.39,10472.81,0.0,97746.2,Mobile App,Confirmed,Paid,Chennai,Executive,5,Blue,0.0
BKG300158,CUST100800,HTL200742,2026-05-22,2026-06-24,2026-07-01,73645.08,7511.8,11046.76,70110.12,Partner Desk,Completed,Paid,Goa,Executive,2,Silver,0.0
BKG300159,CUST100058,HTL200455,2026-05-22,2026-06-29,2026-07-06,33818.8,3855.34,1690.94,35983.2,Mobile App,Cancelled,Refunded,Shimla,Suite,1,Silver,0.0
BKG300160,CUST100477,HTL200345,2026-03-14,2026-03-28,2026-04-04,20249.39,2308.43,1012.47,21545.35,Mobile App,Completed,Paid,Mumbai,Executive,3,Silver,0.0
BKG300161,CUST101126,HTL200929,2026-02-07,2026-02-09,2026-02-10,9143.09,1042.31,457.15,9728.25,Mobile App,Pending,Payment Failed,Ahmedabad,Standard,1,Blue,0.0
BKG300162,CUST100532,HTL200520,2026-05-05,2026-05-14,2026-05-20,28277.65,3053.99,2827.76,28503.88,Mobile App,Confirmed,Paid,Ahmedabad,Suite,3,Blue,0.0
BKG300163,CUST100591,HTL200777,2026-03-11,2026-04-24,2026-04-30,9557.11,1146.85,0.0,10703.96,Mobile App,Cancelled,Refund Pending,Delhi,Standard,4,Silver,4816.78
BKG300164,CUST100838,HTL200636,2026-03-06,2026-03-11,2026-03-14,38694.45,4411.17,1934.72,41170.9,Website,Completed,paid,Manali,Deluxe,2,Blue,0.0
BKG300165,CUST100548,HTL200882,2026-01-25,2026-02-28,2026-03-01,6263.55,751.63,0.0,7015.18,Mobile App,Completed,Paid,Shimla,Deluxe,2,Gold,0.0
BKG300166,CUST101037,HTL200832,2026-01-16,2026-02-04,2026-02-11,16363.5,1669.08,2454.53,15578.05,Mobile App,completed,Paid,chennai,Standard,2,Gold,0.0
BKG300167,CUST100220,HTL200623,2026-01-15,2026-01-22,2026-01-28,49518.44,5645.1,2475.92,52687.62,Mobile App,Confirmed,Paid,Mumbai,Family Room,5,Blue,0.0
BKG300168,CUST100875,HTL200497,2026-05-11,2026-06-19,2026-06-26,26982.54,3237.9,0.0,30220.44,Website,Confirmed,Paid,Chennai,Family Room,3,Silver,0.0
BKG300169,CUST100677,HTL200327,2026-02-06,2026-03-20,2026-03-27,89656.99,9682.95,8965.7,90374.24,Mobile App,Completed,paid,Varanasi,Family Room,5,Silver,0.0
BKG300170,CUST101196,HTL200329,2026-05-05,2026-05-22,2026-05-29,110658.72,11951.14,11065.87,111543.99,MOBILE APP,Confirmed,Paid,Kochi,Standard,2,Gold,0.0
BKG300171,CUST100661,HTL200565,2026-04-23,2026-05-19,2026-05-21,37978.06,3873.76,5696.71,36155.11,Call Center,Completed,Partially Paid,Ahmedabad,Executive,4,Platinum,0.0
BKG300172,CUST100683,HTL200426,2026-01-01,2026-01-28,2026-02-02,87890.08,10019.47,4394.5,93515.05,Mobile App,Cancelled,Refunded,JAIPUR,Suite,2,Blue,65460.54
BKG300173,CUST101104,HTL200442,2026-03-12,2026-04-24,2026-04-28,58885.85,6006.36,8832.88,56059.33,Mobile App,Confirmed,Paid,Udaipur,Executive,5,Silver,0.0
BKG300174,CUST100335,HTL200600,2026-04-13,2026-05-11,2026-05-15,66934.47,7630.53,3346.72,71218.28,Mobile App,Confirmed,Paid,Pune,Standard,2,Gold,0.0
BKG300175,CUST100224,HTL200094,2026-01-19,2026-02-08,2026-02-11,10849.59,1301.95,0.0,12151.54,Mobile App,Confirmed,Payment Failed,HyDeRaBaD,Executive,1,Gold,0.0
BKG300176,CUST100870,HTL200870,2026-02-21,2026-02-27,2026-03-05,10570.49,1078.19,1585.57,10063.11,Mobile App,CONFIRMED,Paid,Goa,Deluxe,1,Silver,0.0
BKG300177,CUST100034,HTL200761,2026-04-28,2026-05-06,2026-05-10,49297.85,5324.17,4929.79,49692.23,Partner Desk,Confirmed,Paid,Kolkata,Suite,5,Blue,0.0
BKG300178,CUST100187,HTL200954,2026-04-17,2026-05-19,2026-05-22,9217.83,995.53,921.78,9291.58,Mobile App,Confirmed,Paid,Bengaluru,Standard,1,Silver,0.0
BKG300179,CUST100642,HTL200450,2026-02-24,2026-03-15,2026-03-20,74382.97,7140.77,14876.59,66647.15,Website,Confirmed,  Paid  ,Delhi,Suite,3,Blue,0.0
BKG300180,CUST100962,HTL200316,2026-01-14,2026-02-15,2026-02-22,115301.05,12452.51,11530.1,116223.46,Partner Desk,Confirmed,Paid,Chennai,Family Room,3,Blue,0.0
BKG300181,CUST100967,HTL200486,2026-01-13,2026-02-01,2026-02-02,1624.8,194.98,0.0,1819.78,Mobile App,Confirmed,Paid,Bengaluru,Family Room,5,Blue,0.0
BKG300182,CUST100493,HTL200677,2026-03-25,2026-04-18,2026-04-20,10446.43,1065.54,1566.97,9945.0,Mobile App,Pending,PAID,Goa,Deluxe,1,Blue,0.0
BKG300183,CUST100310,HTL200738,2026-03-31,2026-04-24,2026-04-29,24647.03,2809.76,1232.35,26224.44,Website,Pending,Paid,Shimla,Standard,3,Silver,0.0
BKG300184,CUST100520,HTL200647,2026-01-27,2026-02-13,2026-02-18,18763.99,2139.09,938.2,19964.88,Mobile App,Confirmed,Paid,Kochi,Family Room,1,Silver,0.0
BKG300185,CUST100368,HTL200895,2026-03-30,2026-04-17,2026-04-21,63545.95,7625.51,0.0,71171.46,Website,Confirmed,Paid,Pune,Suite,2,Silver,0.0
BKG300186,CUST100745,HTL200576,2026-05-17,2026-05-29,2026-06-02,57111.62,6510.72,2855.58,60766.76,website,Completed,Paid,Hyderabad,Suite,1,Blue,0.0
BKG300187,,HTL200004,2026-02-10,2026-03-23,2026-03-25,10488.26,1132.73,1048.83,10572.16,Mobile App,Confirmed,Paid,Manali,Deluxe,1,Gold,0.0
BKG300188,CUST100997,HTL200631,2026-02-17,2026-03-12,2026-03-13,6263.59,714.05,313.18,6664.46,Mobile App,Completed,Paid,Goa,Family Room,5,Blue,0.0
BKG300189,CUST100496,HTL200370,2026-01-12,2026-01-30,2026-02-04,44996.03,4859.57,4499.6,45356.0,Mobile App,Completed,Paid,Goa,Executive,2,Blue,0.0
BKG300190,CUST100963,HTL200730,2026-05-18,2026-06-03,2026-06-09,51468.37,5249.77,7720.26,48997.88,Mobile App,Confirmed,Paid,Delhi,Family Room,3,Silver,0.0
BKG300191,CUST101198,HTL200876,2026-01-06,2026-01-22,2026-01-26,24565.68,2800.49,1228.28,26137.89,Mobile App,Cancelled,Refund Pending,Goa,Deluxe,3,Gold,18296.52
BKG300192,CUST100297,HTL200985,2026-02-10,2026-03-18,2026-03-23,92169.96,9954.36,9217.0,92907.32,Website,Cancelled,Refunded,Goa,Family Room,1,Silver,65035.12
BKG300193,CUST101109,HTL200554,2026-01-06,2026-01-29,2026-01-30,15003.06,1530.31,2250.46,14282.91,Mobile App,Pending,Paid,Jaipur,Standard,4,Blue,0.0
BKG300194,CUST100576,HTL200187,2026-05-10,2026-06-01,2026-06-04,44100.61,4762.87,4410.06,44453.42,Website,CONFIRMED,Paid,Kolkata,Deluxe,4,Blue,0.0
BKG300195,CUST101112,HTL200025,2026-01-15,2026-02-23,2026-02-24,10867.69,1173.71,1086.77,10954.63,Mobile App,No Show,Paid,Kochi,Executive,3,Blue,0.0
BKG300196,CUST100053,HTL200778,2026-05-25,2026-06-27,2026-07-02,50837.36,5795.46,2541.87,54090.95,Website,Completed,Paid,MANALI,Suite,1,Silver,0.0
BKG300197,CUST100228,HTL200161,2026-01-16,2026-02-09,2026-02-14,34378.26,3919.12,1718.91,36578.47,Website,Completed,Paid,Goa,Family Room,1,Blue,0.0
BKG300198,CUST100778,HTL200744,2026-03-26,2026-04-15,2026-04-17,25782.17,2939.17,1289.11,27432.23,Website,No sHoW,Paid,Mumbai,Suite,2,Blue,13716.12
BKG300199,CUST100984,HTL200129,2026-01-10,2026-02-12,2026-02-17,51715.9,5895.61,2585.8,55025.71,Mobile App,Check-in Denied,Refund Pending,PuNe,Deluxe,5,Blue,27512.86
BKG300200,CUST100372,HTL200532,2026-05-18,2026-06-18,2026-06-22,16871.44,1822.12,1687.14,17006.42,Mobile App,Cancelled,Refund Pending,Bengaluru,Suite,4,Silver,11904.49
BKG300201,CUST100468,HTL200882,2026-05-18,2026-06-27,2026-07-03,47290.59,5674.87,0.0,52965.46,Mobile App,Confirmed,Paid,  Shimla  ,Standard,1,Gold,0.0
BKG300202,CUST100419,HTL200409,2026-01-19,2026-01-27,2026-01-29,17543.2,1684.15,3508.64,15718.71,Mobile App,Completed,Payment Failed,Mumbai,Deluxe,3,Gold,0.0
BKG300203,CUST100531,HTL200639,2026-03-09,2026-03-19,2026-03-24,53482.16,5455.18,8022.32,50915.02,Call Center,Completed,Paid,Ahmedabad,Deluxe,4,Silver,0.0
BKG300204,CUST100987,HTL200587,2026-02-11,2026-02-12,2026-02-13,10943.89,1247.6,547.19,11644.3,Mobile App,Cancelled,Refunded,Goa,Family Room,5,Blue,0.0
BKG300205,CUST100561,HTL200072,2026-05-20,2026-06-10,2026-06-15,40074.8,4808.98,0.0,44883.78,Website,Completed,Paid,Kolkata,Deluxe,1,Silver,0.0
BKG300206,CUST100089,,2026-05-26,2026-06-20,2026-06-21,6545.7,706.94,654.57,6598.07,Website,Completed,Paid,mumbai,Standard,4,Silver,0.0
BKG300207,CUST100368,HTL200854,2026-03-25,2026-04-26,2026-04-27,14315.71,1546.1,1431.57,14430.24,Mobile App,Completed,Paid,Goa,Family Room,1,Silver,0.0
BKG300208,CUST101097,HTL200105,2026-05-14,2026-05-24,2026-05-29,50211.35,4820.29,10042.27,44989.37,Mobile App,Confirmed,Paid,Chennai,Standard,5,Silver,0.0
BKG300209,CUST100014,HTL200900,2026-02-22,2026-03-03,2026-03-04,5177.13,621.26,0.0,5798.39,Mobile App,Check-in Denied,Paid,Pune,Executive,2,Platinum,0.0
BKG300210,CUST100343,HTL200008,2026-04-08,2026-04-28,2026-05-04,76633.38,9196.01,0.0,85829.39,Mobile App,Confirmed,Paid,Shimla,Family Room,4,Gold,0.0
BKG300211,CUST101059,HTL200630,2026-02-11,2026-03-03,2026-03-06,8020.75,818.12,1203.11,7635.76,Website,Completed,Payment Failed,Varanasi,Deluxe,5,Gold,0.0
BKG300212,CUST100916,HTL200049,2026-01-30,2026-03-11,2026-03-13,33081.32,3969.76,0.0,37051.08,Website,No Show,Refunded,Varanasi,Deluxe,2,Gold,18525.54
BKG300213,CUST100204,HTL200521,2026-01-09,2026-01-16,2026-01-21,21301.4,2300.55,2130.14,21471.81,Mobile App,Completed,  Paid  ,Kolkata,Deluxe,2,Silver,0.0
BKG300214,CUST100775,HTL200624,2026-02-03,2026-02-14,2026-02-21,15869.07,1904.29,0.0,17773.36,Mobile App,Cancelled,Paid,Shimla,Executive,5,Blue,17773.36
BKG300215,CUST101080,HTL200441,2026-03-29,2026-04-19,2026-04-22,23767.1,2566.85,2376.71,23957.24,Mobile App,Cancelled,Refunded,Ahmedabad,Standard,3,Gold,16770.07
BKG300216,CUST101133,HTL200777,2026-05-25,2026-07-02,2026-07-03,1417.83,170.14,0.0,1587.97,Mobile App,Confirmed,Payment Failed,Delhi,Deluxe,5,Silver,0.0
BKG300217,CUST100685,HTL200589,2026-02-19,2026-03-10,2026-03-11,6300.79,680.49,630.08,6351.2,Mobile App,Completed,Paid,Udaipur,Suite,1,Silver,0.0
BKG300218,CUST100717,HTL200035,2026-03-17,2026-04-01,2026-04-03,36202.18,3909.83,3620.22,36491.79,Website,Cancelled,Refunded,Varanasi,Deluxe,3,Blue,0.0
BKG300219,CUST100224,HTL200201,2026-02-15,2026-02-21,2026-02-24,24146.16,2318.03,4829.23,21634.96,Mobile App,Completed,Paid,Kochi,Family Room,2,Blue,0.0
BKG300220,CUST100063,HTL200823,2026-02-15,2026-02-25,2026-02-28,43463.78,5215.65,0.0,48679.43,Mobile App,CoMpLeTeD,Paid,Kochi,Family Room,4,Silver,0.0
BKG300221,CUST100947,HTL200117,2026-05-06,2026-05-22,2026-05-27,29017.18,3307.96,1450.86,30874.28,Mobile App,Completed,Paid,Agra,Suite,2,Silver,0.0
BKG300222,CUST100960,HTL200701,2026-01-17,2026-01-28,2026-01-29,10389.18,1246.7,0.0,11635.88,Website,Confirmed,Paid,Jaipur,Executive,4,Blue,0.0
BKG300223,CUST100319,HTL200753,2026-03-07,2026-04-11,2026-04-18,101307.3,10333.34,15196.1,96444.54,Mobile App,Completed,Paid,Hyderabad,Family Room,4,Blue,0.0
BKG300224,CUST100356,HTL200804,2026-04-14,2026-04-22,2026-04-26,30388.25,3281.93,3038.83,30631.35,Mobile App,Confirmed,Paid,Varanasi,Executive,5,Blue,0.0
BKG300225,CUST100092,HTL200168,2026-01-05,2026-02-02,2026-02-09,50337.57,5436.46,5033.76,50740.27,Mobile App,Confirmed,Paid,Varanasi,Executive,5,Blue,0.0
BKG300226,CUST100694,HTL200511,2026-05-03,2026-05-06,2026-05-11,94704.87,11364.58,0.0,106069.45,Mobile App,Completed,PAID,Pune,Suite,2,Gold,0.0
BKG300227,CUST100433,HTL200229,2026-05-05,2026-05-07,2026-05-12,70908.5,8083.57,3545.42,75446.65,Mobile App,Completed,Paid,Varanasi,Family Room,5,Blue,0.0
BKG300228,CUST101125,HTL200559,2026-04-22,2026-05-06,2026-05-11,27080.06,3087.13,1354.0,28813.19,Website,Confirmed,Paid,JAIPUR,Deluxe,2,Silver,0.0
BKG300229,CUST100840,HTL200149,2026-01-16,2026-02-14,2026-02-16,26568.08,3028.76,1328.4,28268.44,Mobile App,Cancelled,Refunded,Delhi,Executive,5,Blue,19787.91
BKG300230,CUST101023,HTL200854,2026-03-22,2026-03-25,2026-03-27,27751.84,2830.69,4162.78,26419.75,Mobile App,Completed,PaId,Goa,Executive,5,Silver,0.0
BKG300231,CUST100897,HTL200207,2026-04-01,2026-04-02,2026-04-07,23129.81,2775.58,0.0,25905.39,Mobile App,ChEcK-In dEnIeD,Paid,Delhi,Family Room,4,Platinum,12952.7
BKG300232,CUST100883,HTL200060,2026-05-15,2026-05-30,2026-06-05,61692.74,6662.82,6169.27,62186.29,Mobile App,Completed,Paid,Kochi,Family Room,3,Blue,0.0
BKG300233,CUST100777,HTL200842,2026-05-16,2026-06-05,2026-06-09,14199.1,1448.31,2129.87,13517.54,Mobile App,Confirmed,Partially Paid,Shimla,Suite,5,Silver,0.0
BKG300234,CUST100491,HTL200116,2026-03-13,2026-04-04,2026-04-07,27523.65,2807.41,4128.55,26202.51,Website,Cancelled,Refunded,Mumbai,Standard,5,Blue,18341.76
BKG300235,CUST101083,HTL200238,2026-04-06,2026-05-10,2026-05-13,47064.18,5082.93,4706.42,47440.69,Website,COMPLETED,Paid,Chennai,Standard,2,Blue,0.0
BKG300236,CUST100812,HTL200882,2026-04-21,2026-05-24,2026-05-25,7865.66,896.69,393.28,8369.07,Mobile App,Completed,Paid,Shimla,Standard,4,Blue,0.0
BKG300237,CUST100391,HTL200866,2026-03-23,2026-04-01,2026-04-04,20579.08,2222.54,2057.91,20743.71,Website,Confirmed,Paid,Udaipur,Executive,4,Blue,0.0
BKG300238,CUST101142,HTL200047,2026-02-07,2026-02-10,2026-02-17,82574.58,9908.95,0.0,92483.53,Mobile App,Confirmed,Paid,Kochi,Suite,3,Silver,0.0
BKG300239,CUST100020,HTL200447,2026-02-23,2026-02-25,2026-02-28,15381.36,1845.76,0.0,17227.12,Mobile App,Confirmed,PARTIALLY PAID,Ahmedabad,Standard,3,Silver,0.0
BKG300240,CUST101120,HTL200756,2026-03-17,2026-03-21,2026-03-25,40631.74,4388.23,4063.17,40956.8,Mobile App,Confirmed,paid,Jaipur,Family Room,3,Silver,0.0
BKG300241,CUST100512,HTL200467,2026-01-15,2026-01-31,2026-02-03,11313.21,1153.95,1696.98,10770.18,Partner Desk,Completed,Paid,Kochi,Executive,5,Gold,0.0
BKG300242,CUST100907,HTL200292,2026-04-26,2026-05-29,2026-06-05,30574.4,3668.93,0.0,34243.33,Website,No Show,Paid,Jaipur,Executive,2,Blue,10273.0
BKG300243,CUST100714,HTL200424,2026-01-09,2026-01-18,2026-01-22,39311.28,4717.35,0.0,44028.63,Website,Cancelled,Paid,Kochi,Family Room,1,Gold,19812.88
BKG300244,CUST100943,HTL200516,2026-01-08,2026-02-17,2026-02-19,6432.92,694.76,643.29,6484.39,Mobile App,Confirmed,Paid,Kochi,Suite,2,Silver,0.0
BKG300245,CUST100349,HTL200611,2026-04-20,2026-05-28,2026-06-01,9029.87,1083.58,0.0,10113.45,Mobile App,No Show,Refunded,Delhi,Suite,4,Gold,5056.73
BKG300246,CUST101155,HTL200204,2026-05-27,2026-06-14,2026-06-16,21659.64,2339.24,2165.96,21832.92,Mobile App,Completed,Paid,Jaipur,Standard,3,Blue,0.0
BKG300247,CUST100545,HTL200179,2026-02-20,2026-03-08,2026-03-12,24792.83,2975.14,0.0,27767.97,Website,Confirmed,Paid,Mumbai,Family Room,1,Silver,0.0
BKG300248,CUST100598,HTL200528,2026-01-31,2026-02-08,2026-02-13,99322.24,11918.67,0.0,111240.91,Mobile App,Cancelled,Paid,Jaipur,Deluxe,4,Blue,111240.91
BKG300249,CUST100031,HTL200089,2026-04-12,2026-05-05,2026-05-12,98776.97,10667.91,9877.7,99567.18,Mobile App,Confirmed,Paid,Chennai,Suite,3,Blue,0.0
BKG300250,CUST100258,HTL200499,2026-01-03,2026-02-08,2026-02-14,82287.19,8393.29,12343.08,78337.4,Partner Desk,Confirmed,Paid,Udaipur,Standard,1,Blue,0.0
BKG300251,CUST100475,HTL200107,2026-04-09,2026-04-12,2026-04-14,18037.43,1948.04,1803.74,18181.73,Partner Desk,Confirmed,Paid,Pune,Executive,2,Silver,0.0
BKG300252,CUST100824,HTL200189,2026-03-24,2026-04-08,2026-04-10,17381.63,1772.93,2607.25,16547.31,Website,Completed,Paid,Agra,Suite,4,Silver,0.0
BKG300253,CUST100971,HTL200179,2026-02-12,2026-03-22,2026-03-25,18622.04,2234.64,0.0,20856.68,Mobile App,Confirmed,Paid,Mumbai,Deluxe,5,Silver,0.0
BKG300254,CUST100919,HTL200760,2026-01-29,2026-03-03,2026-03-05,14909.02,1520.72,2236.35,14193.39,Call Center,Cancelled,Refunded,Pune,Executive,1,Blue,14193.39
BKG300255,CUST100032,HTL200762,2026-01-10,2026-01-28,2026-02-01,46909.21,5347.65,2345.46,49911.4,Website,Completed,Partially Paid,Pune,Executive,1,Silver,0.0
BKG300256,CUST100898,HTL200019,2026-05-20,2026-06-12,2026-06-17,18378.42,1874.6,2756.76,17496.26,Website,Completed,Partially Paid,Hyderabad,Family Room,2,Blue,0.0
BKG300257,CUST100387,HTL200358,2026-02-15,2026-03-30,2026-04-04,24953.23,2844.67,1247.66,26550.24,Call Center,Confirmed,Paid,Bengaluru,Family Room,2,Silver,0.0
BKG300258,CUST100797,HTL200608,2026-01-30,2026-02-02,2026-02-05,11666.51,1399.98,0.0,13066.49,Call Center,Cancelled,Refund Pending,Goa,Suite,4,Blue,5879.92
BKG300259,CUST100455,HTL200733,2026-04-04,2026-05-04,2026-05-08,62860.48,7543.26,0.0,70403.74,Mobile App,Completed,Payment Failed,Shimla,Deluxe,5,Platinum,0.0
BKG300260,CUST101167,HTL200655,2026-02-01,2026-02-18,2026-02-22,24831.94,2681.85,2483.19,25030.6,Mobile App,Completed,Partially Paid,Udaipur,Family Room,3,Blue,0.0
BKG300261,CUST100223,HTL200006,2026-02-16,2026-03-20,2026-03-21,15558.05,1866.97,0.0,17425.02,Website,Cancelled,Refund Pending,Jaipur,Standard,1,Gold,7841.26
BKG300262,CUST100216,HTL200861,2026-03-29,2026-04-05,2026-04-07,34112.92,3274.84,6822.58,30565.18,Mobile App,confirmed,Paid,Mumbai,Executive,1,Blue,0.0
BKG300263,CUST100155,HTL200321,2026-03-04,2026-04-12,2026-04-15,12710.68,1525.28,0.0,14235.96,Mobile App,Completed,Paid,Shimla,Standard,4,Blue,0.0
BKG300264,CUST100788,HTL200267,2026-05-11,2026-05-25,2026-05-30,73841.18,8417.89,3692.06,78567.01,Website,Completed,  Paid  ,Kolkata,Executive,3,Blue,0.0
BKG300265,CUST100035,HTL200426,2026-01-23,2026-02-07,2026-02-14,117562.76,14107.53,0.0,131670.29,Mobile App,Completed,Paid,jaipur,Standard,3,Blue,0.0
BKG300266,CUST100635,HTL200295,2026-03-15,2026-04-28,2026-05-04,24691.53,2962.98,0.0,27654.51,mobile app,Confirmed,Partially Paid,Bengaluru,Executive,3,Gold,0.0
BKG300267,CUST100008,HTL200512,2026-02-19,2026-03-03,2026-03-04,4760.39,514.12,476.04,4798.47,Mobile App,Confirmed,Paid,Shimla,Family Room,4,Gold,0.0
BKG300268,CUST101063,HTL200569,2026-05-04,2026-05-12,2026-05-16,45110.56,4871.94,4511.06,45471.44,Mobile App,Confirmed,PAID,Bengaluru,Standard,1,Blue,0.0
BKG300269,CUST100178,HTL200386,2026-01-13,2026-01-29,2026-01-31,25877.12,2639.47,3881.57,24635.02,Website,Pending,Partially Paid,Udaipur,Suite,2,Blue,0.0
BKG300270,CUST100958,HTL200263,2026-05-06,2026-06-16,2026-06-21,18035.06,2164.21,0.0,20199.27,Call Center,confirmed,Paid,PUNE,Suite,1,Blue,0.0
BKG300271,CUST100500,HTL200089,2026-01-29,2026-03-04,2026-03-11,121985.58,11710.62,24397.12,109299.08,Website,Confirmed,  Paid  ,Chennai,Deluxe,2,Silver,0.0
BKG300272,CUST100372,HTL200487,2026-05-01,2026-05-25,2026-05-26,16015.17,1825.73,800.76,17040.14,Website,Cancelled,Refund Pending,Udaipur,Deluxe,2,Silver,17040.14
BKG300273,CUST101091,HTL200586,2026-03-31,2026-04-29,2026-05-03,39230.83,4001.55,5884.62,37347.76,Mobile App,Completed,Paid,Mumbai,Deluxe,4,Silver,0.0
BKG300274,CUST100969,HTL200956,2026-05-13,2026-05-29,2026-06-03,26920.26,3230.43,0.0,30150.69,Mobile App,Completed,Paid,Bengaluru,Standard,3,Silver,0.0
BKG300275,CUST100514,HTL200852,2026-05-28,2026-06-02,2026-06-07,34663.78,3743.69,3466.38,34941.09,Website,Completed,Paid,Goa,Executive,4,Platinum,0.0
BKG300276,CUST100363,HTL200260,2026-03-19,2026-03-24,2026-03-28,12547.17,1355.09,1254.72,12647.54,Website,Completed,Paid,Varanasi,Deluxe,2,Blue,0.0
BKG300277,CUST100776,HTL200487,2026-04-19,2026-05-19,2026-05-23,71957.2,8203.12,3597.86,76562.46,Mobile App,Completed,Paid,Udaipur,Family Room,1,Platinum,0.0
BKG300278,CUST100773,HTL200793,2026-01-14,2026-01-19,2026-01-22,21527.55,2583.31,0.0,24110.86,Website,Confirmed,Paid,Hyderabad,Suite,2,Blue,0.0
BKG300279,CUST100328,HTL200340,2026-05-16,2026-06-28,2026-07-03,20758.01,2241.86,2075.8,20924.07,Call Center,Cancelled,Paid,Manali,Suite,4,Blue,9415.83
BKG300280,CUST100793,HTL200328,2026-02-17,2026-03-02,2026-03-06,36858.81,4423.06,0.0,41281.87,Mobile App,Confirmed,Paid,Kochi,Family Room,1,Gold,0.0
BKG300280,CUST100961,HTL200400,2026-05-21,2026-06-25,2026-07-01,100083.96,11409.57,5004.2,106489.33,Mobile App,Confirmed,Paid,Pune,Suite,3,Blue,0.0
BKG300282,CUST100369,HTL200356,2026-01-24,2026-02-18,2026-02-25,16391.08,1770.24,1639.11,16522.21,Mobile App,Confirmed,Paid,Goa,Standard,4,Silver,0.0
BKG300283,CUST100596,HTL200754,2026-03-20,2026-04-03,2026-04-10,89369.94,9651.95,8936.99,90084.9,Mobile App,CANCELLED,Refunded,Bengaluru,Family Room,5,Blue,63059.43
BKG300284,CUST101137,HTL200498,2026-02-20,2026-04-05,2026-04-11,39167.71,3760.1,7833.54,35094.27,Website,  Completed  ,Paid,Kolkata,Standard,2,Platinum,0.0
BKG300285,CUST100570,HTL200833,2026-01-03,2026-01-29,2026-02-05,92109.27,11053.11,0.0,103162.38,Partner Desk,Cancelled,  Refunded  ,Jaipur,Suite,3,Blue,103162.38
BKG300286,CUST101061,HTL200434,2026-05-08,2026-05-26,2026-05-27,17030.73,1941.5,851.54,18120.69,Website,Completed,Paid,goa,Family Room,3,Platinum,0.0
BKG300287,CUST100376,HTL200118,2026-04-29,2026-05-19,2026-05-26,33092.92,3772.59,1654.65,35210.86,website,Confirmed,Paid,Mumbai,Family Room,1,Gold,0.0
BKG300288,CUST100099,HTL200046,2026-02-27,2026-04-02,2026-04-04,29121.69,3145.14,2912.17,29354.66,Website,Confirmed,Paid,Varanasi,Family Room,4,Blue,0.0
BKG300289,CUST100815,HTL200167,2026-05-05,2026-05-12,2026-05-19,83601.83,8025.78,16720.37,74907.24,Mobile App,Completed,Paid,ahmedabad,Suite,2,Blue,0.0
BKG300290,CUST100117,HTL200347,2026-04-23,2026-05-03,2026-05-09,87773.51,8426.26,17554.7,78645.07,Website,Confirmed,Paid,Agra,Suite,5,Blue,0.0
BKG300291,CUST100420,HTL200503,2026-02-24,2026-03-11,2026-03-14,45912.65,4407.61,9182.53,41137.73,Website,CoNfIrMeD,Paid,Kolkata,Suite,2,Silver,0.0
BKG300292,CUST100540,HTL200538,2026-04-29,2026-05-16,2026-05-20,48230.51,4919.51,7234.58,45915.44,Website,No Show,Refund Pending,Agra,Deluxe,4,Platinum,13774.63
BKG300293,CUST100929,HTL200295,2026-04-30,2026-05-11,2026-05-13,8139.9,781.43,1627.98,7293.35,Mobile App,Cancelled,Paid,Bengaluru,Deluxe,3,Blue,5105.34
BKG300294,CUST100698,HTL200512,2026-03-21,2026-04-24,2026-04-27,11483.56,1309.13,574.18,12218.51,Mobile App,Confirmed,Paid,Shimla,Executive,5,Blue,0.0
BKG300295,CUST100112,HTL200173,2026-02-11,2026-03-10,2026-03-15,70293.54,6748.18,14058.71,62983.01,Mobile App,  Cancelled  ,Refunded,Varanasi,Family Room,1,Gold,62983.01
BKG300296,CUST100372,HTL200394,2026-01-21,2026-02-11,2026-02-13,25016.34,2701.76,2501.63,25216.47,Website,Completed,Paid,Bengaluru,Suite,4,Silver,0.0
BKG300297,CUST100298,HTL200678,2026-01-10,2026-02-10,2026-02-16,80972.15,9716.66,0.0,90688.81,Mobile App,CONFIRMED,Paid,Hyderabad,Family Room,2,Blue,0.0
BKG300298,CUST101042,HTL200529,2026-02-26,2026-03-02,2026-03-05,7460.86,895.3,0.0,8356.16,Mobile App,Completed,Paid,Pune,Standard,4,Silver,0.0
BKG300299,CUST100775,HTL200602,2026-02-25,2026-04-07,2026-04-11,14366.61,1723.99,0.0,16090.6,Website,Confirmed,Paid,Chennai,Standard,1,Blue,0.0
BKG300300,CUST100670,HTL200302,2026-02-07,2026-02-24,2026-02-28,4815.68,491.2,722.35,4584.53,Mobile App,Confirmed,Paid,Shimla,Suite,2,Blue,0.0
BKG300301,CUST100010,HTL200201,2026-03-27,2026-04-16,2026-04-23,53170.62,5742.43,5317.06,53595.99,Mobile App,Confirmed,Paid,Kochi,Deluxe,5,Gold,0.0
BKG300302,CUST100007,HTL200995,2026-04-23,2026-05-18,2026-05-21,43606.54,5232.78,0.0,48839.32,Partner Desk,Check-in Denied,Paid,Udaipur,Executive,2,Blue,24419.66
BKG300303,CUST101176,HTL200532,2026-04-22,2026-06-01,2026-06-06,25862.67,2793.17,2586.27,26069.57,Mobile App,Completed,Paid,Bengaluru,Deluxe,2,Silver,0.0
BKG300304,,HTL200155,2026-02-23,2026-03-18,2026-03-25,39790.14,4774.82,0.0,44564.96,Mobile App,Cancelled,Refund Pending,Shimla,Family Room,1,Blue,0.0
BKG300305,CUST100460,HTL200896,2026-02-15,2026-03-02,2026-03-08,37966.08,3872.54,5694.91,36143.71,  Mobile App  ,Confirmed,Paid,Kolkata,Deluxe,2,Blue,0.0
BKG300306,CUST100254,HTL200013,2026-01-04,2026-02-06,2026-02-09,5641.66,575.45,846.25,5370.86,MoBiLe aPp,Confirmed,Paid,Ahmedabad,Suite,4,Silver,0.0
BKG300307,CUST100585,HTL200019,2026-03-03,2026-03-22,2026-03-23,4093.63,392.99,818.73,3667.89,Mobile App,No Show,Paid,Hyderabad,Deluxe,3,Blue,1833.94
BKG300308,CUST100361,HTL200755,2026-05-04,2026-05-19,2026-05-22,35306.86,4236.82,0.0,39543.68,Website,Completed,Paid,Jaipur,Standard,1,Blue,0.0
BKG300309,CUST101002,HTL200888,2026-05-08,2026-06-18,2026-06-21,8484.23,865.39,1272.63,8076.99,Mobile App,no show,Refund Pending,Mumbai,Suite,1,Gold,8076.99
BKG300310,CUST100787,HTL200456,2026-04-22,2026-04-27,2026-05-03,20816.02,2373.03,1040.8,22148.25,Mobile App,Confirmed,Paid,Mumbai,Suite,1,Blue,0.0
BKG300311,CUST100208,HTL200172,2026-03-26,2026-04-11,2026-04-15,56171.84,6403.59,2808.59,59766.84,Mobile App,No Show,Paid,Manali,Suite,4,Silver,29883.42
BKG300312,CUST100266,HTL200444,2026-01-04,2026-02-05,2026-02-12,77854.16,8875.37,3892.71,82836.82,Mobile App,Completed,Paid,Goa,Deluxe,4,Blue,0.0
BKG300313,CUST100655,HTL200922,2026-03-06,2026-03-28,2026-04-02,48444.78,5232.04,4844.48,48832.34,Mobile App,Confirmed,Partially Paid,Kolkata,Standard,4,Blue,0.0
BKG300314,CUST100996,HTL200121,2026-03-03,2026-04-15,2026-04-22,66008.61,6336.83,13201.72,59143.72,Mobile App,Cancelled,Refund Pending,Pune,Deluxe,4,Blue,0.0
BKG300315,CUST100553,HTL200496,2026-03-31,2026-05-02,2026-05-05,57510.92,6211.18,5751.09,57971.01,Mobile App,Cancelled,Refunded,Chennai,Family Room,2,Silver,40579.71
BKG300316,CUST100735,HTL200183,2026-04-30,2026-05-13,2026-05-15,8358.55,802.42,1671.71,7489.26,Mobile App,Confirmed,Partially Paid,Kochi,Executive,1,Gold,0.0
BKG300317,CUST100420,HTL200819,2026-05-10,2026-06-17,2026-06-21,13076.5,1569.18,0.0,14645.68,Mobile App,Pending,  Payment Failed  ,Mumbai,Executive,1,Silver,0.0
BKG300318,CUST100307,HTL200579,2026-05-17,2026-06-12,2026-06-16,43278.86,4933.79,2163.94,46048.71,Mobile App,Cancelled,Refund Pending,Chennai,Executive,5,Blue,20721.92
BKG300319,CUST100136,HTL200804,2026-02-14,2026-03-03,2026-03-06,20193.33,2302.04,1009.67,21485.7,Website,Confirmed,Payment Failed,Varanasi,Family Room,3,Gold,0.0
BKG300320,CUST100194,HTL200849,2026-05-26,2026-05-31,2026-06-06,52218.26,5952.88,2610.91,55560.23,Mobile App,  Confirmed  ,Paid,Chennai,Family Room,2,Blue,0.0
BKG300321,CUST101118,HTL200670,2026-04-22,2026-05-25,2026-05-27,6046.8,580.49,1209.36,5417.93,Mobile App,Completed,Paid,Agra,Family Room,3,Silver,0.0
BKG300322,CUST101048,HTL200048,2026-02-11,2026-03-10,2026-03-13,34384.41,3713.52,3438.44,34659.49,Mobile App,Confirmed,Paid,Pune,Standard,2,Silver,0.0
BKG300323,CUST100605,HTL200180,2026-02-10,2026-02-15,2026-02-17,11817.04,1347.14,590.85,12573.33,Mobile App,Completed,Paid,Udaipur,Suite,2,Blue,0.0
BKG300324,CUST101013,HTL200806,2026-03-30,2026-05-06,2026-05-10,53529.39,5781.17,5352.94,53957.62,Mobile App,Cancelled,Refunded,Ahmedabad,Family Room,2,Platinum,0.0
BKG300325,CUST100861,HTL200393,2026-02-11,2026-02-18,2026-02-20,20592.34,2347.53,1029.62,21910.25,Mobile App,Completed,Paid,Mumbai,Executive,1,Silver,0.0
BKG300326,CUST100220,HTL200392,2026-02-04,2026-02-22,2026-03-01,52217.56,6266.11,0.0,58483.67,Website,Completed,Paid,Agra,Executive,3,Silver,0.0
BKG300327,CUST100296,HTL200347,2026-03-08,2026-04-08,2026-04-11,53813.72,5811.88,5381.37,54244.23,Website,Confirmed,Paid,Agra,Deluxe,3,Silver,0.0
BKG300328,CUST101010,HTL200475,2026-02-10,2026-02-16,2026-02-17,6790.05,733.33,679.01,6844.37,Mobile App,Check-in Denied,Paid,Bengaluru,Suite,4,Blue,2053.31
BKG300329,CUST100342,HTL200140,2026-04-09,2026-04-11,2026-04-12,8334.03,800.07,1666.81,7467.29,Mobile App,Confirmed,PAID,Delhi,Family Room,3,Gold,0.0
BKG300330,CUST100592,HTL200529,2026-02-19,2026-03-04,2026-03-06,5359.55,643.15,0.0,6002.7,Mobile App,Confirmed,Partially Paid,Pune,Suite,4,Blue,0.0
BKG300331,CUST100891,HTL200651,2026-04-14,2026-05-26,2026-06-01,88342.8,10071.08,4417.14,93996.74,Website,Completed,Paid,Delhi,Family Room,5,Blue,0.0
BKG300332,CUST100076,HTL200583,2026-03-27,2026-04-07,2026-04-10,26087.51,3130.5,0.0,29218.01,Mobile App,cancelled,Refunded,Bengaluru,Executive,4,Blue,29218.01
BKG300333,CUST100706,HTL200470,2026-03-20,2026-04-15,2026-04-20,21012.13,2521.46,0.0,23533.59,Mobile App,Pending,PAID,Mumbai,Suite,2,Blue,0.0
BKG300334,CUST101065,HTL200753,2026-02-14,2026-03-07,2026-03-08,13752.88,1485.31,1375.29,13862.9,Mobile App,Pending,Paid,Hyderabad,Suite,1,Gold,0.0
BKG300335,CUST100756,HTL200772,2026-05-27,2026-05-29,2026-06-02,34729.38,4167.53,0.0,38896.91,Partner Desk,No Show,Paid,DELHI,Family Room,2,Gold,11669.07
BKG300336,CUST100589,HTL200262,2026-04-16,2026-05-26,2026-06-02,50834.06,5490.08,5083.41,51240.73,Mobile App,Completed,Paid,Hyderabad,Family Room,5,Silver,0.0
BKG300337,CUST100387,HTL200142,2026-05-25,2026-06-14,2026-06-17,13472.4,1535.85,673.62,14334.63,MOBILE APP,confirmed,Paid,Jaipur,Suite,1,Gold,0.0
BKG300338,CUST100926,HTL200706,2026-05-02,2026-05-19,2026-05-22,17277.76,2073.33,0.0,19351.09,Website,Completed,Paid,Bengaluru,Family Room,5,Silver,0.0
BKG300339,CUST100636,HTL200145,2026-03-18,2026-04-03,2026-04-10,128238.34,14619.17,6411.92,136445.59,Mobile App,Confirmed,Paid,Bengaluru,Suite,2,Silver,0.0
BKG300340,CUST100140,HTL200293,2026-02-25,2026-04-08,2026-04-09,3550.35,426.04,0.0,3976.39,Mobile App,Confirmed,Paid,Kolkata,Deluxe,1,Gold,0.0
BKG300341,CUST101050,HTL200537,2026-04-22,2026-04-27,2026-05-04,62371.55,6361.9,9355.73,59377.72,Website,Confirmed,Partially Paid,Varanasi,Suite,5,Blue,0.0
BKG300342,CUST100447,HTL200508,2026-04-03,2026-04-17,2026-04-24,31471.59,3776.59,0.0,35248.18,Website,Confirmed,Paid,Delhi,Standard,4,Blue,0.0
BKG300343,CUST100292,HTL200421,2026-02-10,2026-03-06,2026-03-11,27605.39,3312.65,0.0,30918.04,Website,Completed,Partially Paid,Pune,Suite,3,Blue,0.0
BKG300344,CUST100714,HTL200570,2026-01-06,2026-01-10,2026-01-17,82963.12,8960.02,8296.31,83626.83,Mobile App,Completed,Paid,Delhi,Deluxe,2,Blue,0.0
BKG300345,CUST100456,HTL200563,2026-04-08,2026-05-02,2026-05-06,49738.62,4774.91,9947.72,44565.81,Website,Completed,Paid,Bengaluru,Deluxe,4,Platinum,0.0
BKG300346,CUST100891,HTL200416,2026-03-14,2026-03-23,2026-03-28,69075.66,7045.72,10361.35,65760.03,Partner Desk,Cancelled,Refunded,Goa,Executive,5,Gold,29592.01
BKG300347,CUST100838,HTL200660,2026-02-10,2026-02-13,2026-02-17,11166.41,1339.97,0.0,12506.38,Mobile App,completed,Paid,Goa,Executive,5,Gold,0.0
BKG300348,CUST100653,HTL200912,2026-01-09,2026-01-18,2026-01-19,7866.33,943.96,0.0,8810.29,Mobile App,Check-in Denied,Paid,Mumbai,Standard,1,Blue,2643.09
BKG300349,CUST100663,HTL200106,2026-01-08,2026-01-26,2026-01-29,11966.08,1292.34,1196.61,12061.81,Website,Completed,Paid,Delhi,Family Room,4,Gold,0.0
BKG300350,CUST100764,HTL200317,2026-04-14,2026-05-20,2026-05-24,77812.07,7936.83,11671.81,74077.09,Mobile App,Confirmed,PaYmEnT FaIlEd,Mumbai,Family Room,5,Blue,0.0
BKG300351,CUST101090,HTL200058,2026-01-13,2026-02-01,2026-02-04,33632.47,3834.1,1681.62,35784.95,Mobile App,Confirmed,Paid,Udaipur,Deluxe,1,Silver,0.0
BKG300352,CUST100175,HTL200257,2026-01-19,2026-02-12,2026-02-14,9905.87,1129.27,495.29,10539.85,Mobile App,Completed,Paid,Mumbai,Deluxe,3,Gold,0.0
BKG300353,CUST100509,HTL200959,2026-04-08,2026-04-12,2026-04-14,14146.81,1697.62,0.0,15844.43,Mobile App,cancelled,Refund Pending,Delhi,Executive,3,Blue,0.0
BKG300354,CUST101114,HTL200792,2026-04-06,2026-04-15,2026-04-16,2405.61,288.67,0.0,2694.28,Website,Confirmed,Paid,Kochi,Deluxe,1,Gold,0.0
BKG300355,CUST100704,HTL200424,2026-02-18,2026-03-23,2026-03-24,8951.86,966.8,895.19,9023.47,  Mobile App  ,No Show,Refunded,Kochi,Suite,4,Silver,9023.47
BKG300356,CUST101189,HTL200530,2026-04-10,2026-04-11,2026-04-17,60767.12,7292.05,0.0,68059.17,Mobile App,Completed,Paid,Ahmedabad,Suite,1,Silver,0.0
BKG300357,CUST100601,HTL200165,2026-03-23,2026-04-27,2026-04-28,5495.09,659.41,0.0,6154.5,Website,Confirmed,Paid,Udaipur,Standard,1,Blue,0.0
BKG300358,CUST100837,HTL200024,2026-03-07,2026-03-17,2026-03-19,20596.61,2471.59,0.0,23068.2,Website,  Completed  ,Paid,Shimla,Suite,4,Silver,0.0
BKG300359,CUST101001,HTL200934,2026-04-01,2026-04-13,2026-04-17,71052.77,8100.02,3552.64,75600.15,Website,Completed,Paid,Chennai,Standard,3,Silver,0.0
BKG300360,CUST100050,HTL200003,2026-02-28,2026-03-18,2026-03-25,89539.63,10744.76,0.0,100284.39,Mobile App,CONFIRMED,Paid,  Bengaluru  ,Executive,5,Silver,0.0
BKG300361,CUST100685,HTL200002,2026-02-22,2026-03-08,2026-03-15,57343.55,6537.16,2867.18,61013.53,Mobile App,Completed,Paid,Hyderabad,Suite,3,Blue,0.0
BKG300362,CUST100265,HTL200417,2026-02-21,2026-03-03,2026-03-10,98361.36,9442.69,19672.27,88131.78,Mobile App,Cancelled,Refund Pending,Varanasi,Standard,4,Silver,88131.78
BKG300363,CUST101110,HTL200361,2026-03-22,2026-04-01,2026-04-06,81670.89,9800.51,0.0,91471.4,MOBILE APP,Completed,Paid,Goa,Family Room,2,Silver,0.0
BKG300364,CUST100605,HTL200905,2026-01-15,2026-02-02,2026-02-09,22945.85,2478.15,2294.58,23129.42,Mobile App,Confirmed,Paid,chennai,Standard,4,Blue,0.0
BKG300365,CUST101075,HTL200368,2026-05-01,2026-05-25,2026-05-26,10542.12,1075.3,1581.32,10036.1,Website,Check-in Denied,Paid,Agra,Suite,3,Silver,3010.83
BKG300366,CUST100584,HTL200538,2026-05-28,2026-05-29,2026-06-05,92762.18,10574.89,4638.11,98698.96,Mobile App,Confirmed,Paid,Agra,Standard,3,Blue,0.0
BKG300367,CUST100338,HTL200879,2026-01-05,2026-02-04,2026-02-09,35258.12,4230.97,0.0,39489.09,Mobile App,Confirmed,Paid,Bengaluru,Executive,4,Platinum,0.0
BKG300368,CUST101095,HTL200345,2026-05-15,2026-05-30,2026-06-04,13193.29,1583.2,0.0,14776.49,Website,Confirmed,Paid,Mumbai,Deluxe,4,Silver,0.0
BKG300369,CUST100373,HTL200730,2026-01-18,2026-01-26,2026-01-28,19171.45,2070.52,1917.14,19324.83,Mobile App,No Show,Refund Pending,Delhi,Family Room,4,Blue,9662.42
BKG300370,CUST100579,HTL200896,2026-02-25,2026-04-01,2026-04-07,34255.1,3699.55,3425.51,34529.14,Mobile App,Completed,Partially Paid,Kolkata,Executive,3,Blue,0.0
BKG300371,CUST100516,HTL200043,2026-03-16,2026-04-03,2026-04-07,4882.22,585.87,0.0,5468.09,Mobile App,Cancelled,ReFuNdEd,Kochi,Family Room,1,Blue,3827.66
BKG300372,CUST100120,HTL200723,2026-04-06,2026-05-17,2026-05-19,23249.44,2371.44,3487.42,22133.46,Mobile App,  Pending  ,Paid,Jaipur,Family Room,2,Blue,0.0
BKG300373,CUST100836,HTL200563,2026-04-24,2026-05-10,2026-05-11,12012.46,1297.34,1201.25,12108.55,Call Center,Cancelled,Refund Pending,Bengaluru,Standard,1,Silver,5448.85
BKG300374,CUST100569,HTL200152,2026-04-11,2026-05-02,2026-05-04,5824.88,698.99,0.0,6523.87,Website,Confirmed,Paid,Ahmedabad,Deluxe,3,Silver,0.0
BKG300375,CUST100042,HTL200201,2026-01-28,2026-02-12,2026-02-14,16645.44,1797.71,1664.54,16778.61,Mobile App,Cancelled,Refunded,Kochi,Standard,1,Blue,16778.61
BKG300376,CUST100071,HTL200320,2026-02-19,2026-02-24,2026-02-26,11122.17,1334.66,0.0,12456.83,Mobile App,Cancelled,Refunded,Goa,Standard,4,Platinum,8719.78
BKG300377,CUST100090,HTL200463,2026-01-02,2026-01-09,2026-01-10,13756.03,1485.65,1375.6,13866.08,Mobile App,Confirmed,Partially Paid,Bengaluru,Suite,5,Gold,0.0
BKG300378,CUST100490,HTL200010,2026-03-09,2026-03-16,2026-03-17,5568.63,668.24,0.0,6236.87,Website,Confirmed,Paid,Bengaluru,Standard,4,Silver,0.0
BKG300379,CUST100748,HTL200579,2026-05-08,2026-06-04,2026-06-06,19885.88,2147.67,1988.59,20044.96,Call Center,Cancelled,Refund Pending,Chennai,Deluxe,2,Blue,0.0
BKG300380,CUST100997,HTL200226,2026-03-18,2026-04-12,2026-04-14,17666.02,2119.92,0.0,19785.94,Mobile App,confirmed,Paid,Bengaluru,Executive,4,Gold,0.0
BKG300381,CUST100382,HTL200632,2026-01-24,2026-02-15,2026-02-20,93219.58,10067.71,9321.96,93965.33,Partner Desk,Confirmed,Paid,Manali,Standard,5,Blue,0.0
BKG300382,CUST100804,HTL200332,2026-04-22,2026-05-05,2026-05-09,59001.44,7080.17,0.0,66081.61,Mobile App,Cancelled,Refund Pending,Udaipur,Deluxe,3,Blue,46257.13
BKG300383,CUST101177,HTL200468,2026-04-29,2026-05-16,2026-05-21,50031.45,5403.4,5003.14,50431.71,Mobile App,No Show,Paid,Kochi,Standard,1,Blue,15129.51
BKG300384,CUST100169,HTL200014,2026-02-05,2026-03-18,2026-03-24,16753.7,2010.44,0.0,18764.14,  Mobile App  ,Confirmed,Paid,Goa,Family Room,4,Blue,0.0
BKG300385,CUST100917,HTL200056,2026-01-02,2026-02-15,2026-02-19,55572.29,6668.68,0.0,62240.97,Website,Completed,Paid,Hyderabad,Standard,1,Blue,0.0
BKG300386,CUST101133,HTL200329,2026-05-07,2026-05-20,2026-05-26,81695.32,9803.44,0.0,91498.76,Mobile App,Completed,Paid,  Kochi  ,Suite,2,Silver,0.0
BKG300387,CUST100150,HTL200063,2026-04-15,2026-05-11,2026-05-15,66124.52,7934.94,0.0,74059.46,Website,Completed,Partially Paid,Kochi,Family Room,1,Gold,0.0
BKG300388,CUST100430,HTL200229,2026-01-18,2026-01-27,2026-01-29,30403.04,3283.53,3040.3,30646.27,Mobile App,Pending,  Payment Failed  ,Varanasi,Deluxe,2,Platinum,0.0
BKG300389,CUST100450,HTL200010,2026-01-08,2026-01-13,2026-01-18,30340.32,2912.67,6068.06,27184.93,Website,Cancelled,Refunded,Bengaluru,Standard,2,Gold,0.0
BKG300390,CUST100642,HTL200632,2026-01-15,2026-02-23,2026-02-27,64421.48,6570.99,9663.22,71991.47,Mobile App,Completed,Paid,Manali,Family Room,4,Blue,0.0
BKG300391,CUST100779,HTL200223,2026-05-25,2026-06-27,2026-07-03,29668.66,3026.2,4450.3,28244.56,mobile app,Pending,Paid,Shimla,Family Room,5,Blue,0.0
BKG300392,CUST100022,HTL200736,2026-01-23,2026-01-27,2026-01-31,6246.18,749.54,0.0,6995.72,Mobile App,Confirmed,Paid,Bengaluru,Executive,1,Blue,0.0
BKG300393,CUST100366,HTL200636,2026-04-03,2026-05-01,2026-05-02,13339.51,1600.74,0.0,14940.25,Website,Confirmed,Paid,Manali,Family Room,2,Silver,0.0
BKG300394,CUST100650,HTL200659,2026-02-18,2026-03-16,2026-03-20,47639.16,5145.03,4763.92,48020.27,Website,Completed,Paid,Mumbai,Deluxe,2,Silver,0.0
BKG300395,CUST100819,HTL200739,2026-03-05,2026-03-09,2026-03-16,78590.91,7544.73,15718.18,70417.46,Mobile App,Confirmed,Paid,Pune,Standard,2,Silver,0.0
BKG300396,CUST100238,HTL200541,2026-02-03,2026-02-19,2026-02-21,16301.34,1760.55,1630.13,16431.76,Mobile App,CONFIRMED,partially paid,Bengaluru,Family Room,3,Blue,0.0
BKG300397,CUST100433,HTL200505,2026-01-18,2026-02-24,2026-02-27,17407.23,1984.42,870.36,18521.29,Website,Confirmed,Paid,Shimla,Deluxe,1,Silver,0.0
BKG300398,CUST100703,HTL200521,2026-03-05,2026-03-27,2026-03-28,5065.77,607.89,0.0,5673.66,Mobile App,Completed,Paid,Kolkata,Executive,1,Silver,0.0
BKG300399,CUST101150,HTL200053,2026-04-16,2026-05-22,2026-05-25,26199.21,3143.91,0.0,29343.12,Partner Desk,No Show,Refund Pending,MuMbAi,Standard,2,Gold,29343.12
BKG300400,CUST100941,HTL200697,2026-03-15,2026-04-22,2026-04-24,14463.34,1648.82,723.17,15388.99,Partner Desk,Confirmed,Paid,Pune,Suite,1,Gold,0.0
BKG300401,CUST100540,HTL200718,2026-04-12,2026-05-17,2026-05-24,33646.84,3633.86,3364.68,33916.02,Mobile App,Completed,Paid,Hyderabad,Family Room,1,Blue,0.0
BKG300402,CUST100632,HTL200766,2026-01-17,2026-02-11,2026-02-14,47739.73,5728.77,0.0,53468.5,Website,Confirmed,PAID,Agra,Family Room,3,Blue,0.0
BKG300403,CUST100197,HTL200156,2026-05-21,2026-05-29,2026-06-02,32744.24,3339.91,4911.64,31172.51,Website,Completed,Paid,Jaipur,Executive,2,Blue,0.0
BKG300404,CUST100481,HTL200640,2026-02-21,2026-03-10,2026-03-13,32488.5,3118.9,6497.7,29109.7,Mobile App,Completed,Paid,Varanasi,Deluxe,1,Blue,0.0
BKG300405,CUST100868,HTL200569,2026-03-05,2026-03-23,2026-03-28,48164.46,4912.77,7224.67,45852.56,Mobile App,Check-in Denied,Refund Pending,Bengaluru,Executive,5,Blue,22926.28
BKG300406,CUST100522,HTL200404,2026-02-03,2026-02-15,2026-02-17,17961.95,1832.12,2694.29,17099.78,Mobile App,Confirmed,Paid,Ahmedabad,Deluxe,2,Blue,0.0
BKG300407,CUST100650,HTL200398,2026-04-05,2026-05-08,2026-05-13,94231.69,11307.8,0.0,105539.49,Partner Desk,Completed,PAID,pune,Standard,1,Blue,0.0
BKG300408,CUST100958,HTL200706,2026-03-28,2026-04-20,2026-04-23,16597.04,1593.32,3319.41,14870.95,Website,CoNfIrMeD,Paid,Bengaluru,Family Room,3,Platinum,0.0
BKG300409,CUST100436,HTL200928,2026-04-12,2026-04-24,2026-05-01,109694.78,12505.2,5484.74,116715.24,Mobile App,Completed,PAID,Ahmedabad,Suite,5,Silver,0.0
BKG300410,CUST100856,,2026-05-20,2026-05-31,2026-06-05,6228.21,635.28,934.23,5929.26,Mobile App,Cancelled,Paid,Bengaluru,Executive,4,Gold,2668.17
BKG300410,CUST100313,HTL200402,2026-03-17,2026-03-30,2026-03-31,17054.21,2046.5,0.0,19100.71,Mobile App,No Show,Paid,Ahmedabad,Suite,4,Blue,0.0
BKG300412,CUST100018,HTL200899,2026-01-19,2026-02-23,2026-02-26,9042.55,1030.85,452.13,9621.27,Website,Completed,Paid,Delhi,Suite,5,Blue,0.0
BKG300413,CUST101183,HTL200587,2026-05-17,2026-06-13,2026-06-19,68241.91,8189.03,0.0,76430.94,Mobile App,Cancelled,Refunded,Goa,Family Room,4,Blue,53501.66
BKG300414,CUST100817,HTL200088,2026-03-15,2026-04-09,2026-04-14,87262.66,10471.52,0.0,97734.18,Website,Confirmed,Paid,Jaipur,Family Room,5,Blue,0.0
BKG300415,CUST100121,HTL200865,2026-05-25,2026-07-04,2026-07-08,28983.11,2782.38,5796.62,25968.87,  Mobile App  ,Confirmed,Paid,Jaipur,Suite,1,Platinum,0.0
BKG300416,CUST100071,HTL200592,2026-02-19,2026-02-22,2026-02-25,18258.97,1862.42,2738.84,17382.55,Mobile App,CaNcElLeD,Refund Pending,KoLkAtA,Standard,4,Silver,7822.15
BKG300417,CUST101078,HTL200185,2026-02-08,2026-03-05,2026-03-12,84115.57,9589.17,4205.78,89498.96,Mobile App,Confirmed,Paid,Hyderabad,Suite,4,Blue,0.0
BKG300418,CUST100459,HTL200837,2026-05-18,2026-05-28,2026-06-03,110031.13,12543.55,5501.56,117073.12,Mobile App,Confirmed,PAID,Kochi,Deluxe,5,Silver,0.0
BKG300419,CUST100168,HTL200779,2026-01-12,2026-01-29,2026-02-05,30901.8,3337.39,3090.18,31149.01,MOBILE APP,Confirmed,Paid,Goa,Deluxe,1,Blue,0.0
BKG300420,CUST100581,HTL200894,2026-03-20,2026-03-23,2026-03-24,7355.95,838.58,367.8,7826.73,Website,Completed,Paid,GOA,Deluxe,1,Gold,0.0
BKG300421,CUST101172,HTL200078,2026-01-15,2026-02-06,2026-02-10,11221.24,1211.89,1122.12,11311.01,Call Center,CONFIRMED,Paid,Kochi,Deluxe,2,Blue,0.0
BKG300422,CUST100628,HTL200144,2026-01-28,2026-99-99,2026-03-10,45607.59,5199.27,2280.38,48526.48,Website,Cancelled,Refunded,Varanasi,Executive,2,Silver,0.0
BKG300423,CUST100025,HTL200640,2026-05-12,2026-05-26,2026-06-02,71387.97,7709.9,7138.8,71959.07,Mobile App,Completed,Paid,Varanasi,Standard,1,Gold,0.0
BKG300424,CUST100720,HTL200013,2026-02-05,2026-03-04,2026-03-08,8035.18,771.38,1607.04,7199.52,Partner Desk,Completed,Paid,Ahmedabad,Executive,5,Gold,0.0
BKG300425,CUST101033,HTL200630,2026-04-29,2026-06-10,2026-06-13,7905.61,901.24,395.28,8411.57,Website,Confirmed,  Paid  ,Varanasi,Executive,3,Blue,0.0
BKG300426,CUST101118,HTL200001,2026-03-06,2026-03-26,2026-03-29,16954.66,1932.83,847.73,18039.76,MoBiLe aPp,Completed,Paid,Kochi,Deluxe,3,Gold,0.0
BKG300427,CUST100120,HTL200515,2026-04-08,2026-04-26,2026-04-28,23122.39,2358.48,3468.36,22012.51,Mobile App,Cancelled,Refund Pending,AgRa,Standard,2,Platinum,22012.51
BKG300428,CUST100125,HTL200755,2026-02-16,2026-03-01,2026-03-06,70512.17,7192.24,10576.82,67127.59,Call Center,No sHoW,Refunded,Jaipur,Standard,4,Silver,67127.59
BKG300429,CUST100548,HTL200065,2026-03-22,2026-05-03,2026-05-06,51062.74,4902.02,10212.55,45752.21,MOBILE APP,Pending,Paid,Pune,Suite,3,Gold,0.0
BKG300430,CUST101092,HTL200245,2026-02-08,2026-02-14,2026-02-15,8654.75,934.71,865.48,8723.98,Website,Completed,Paid,Shimla,Executive,4,Silver,0.0
BKG300431,CUST100296,HTL200601,2026-02-07,2026-02-17,2026-02-23,102109.74,11640.51,5105.49,108644.76,Mobile App,Pending,Paid,Kochi,Standard,4,Gold,0.0
BKG300432,CUST100685,HTL200429,2026-02-13,2026-03-22,2026-03-27,93814.03,11257.68,0.0,105071.71,Website,Confirmed,Paid,Manali,Family Room,1,Platinum,0.0
BKG300432,CUST100972,HTL200689,2026-04-07,2026-05-06,2026-05-08,22134.73,2656.17,0.0,24790.9,Mobile App,Confirmed,Paid,Mumbai,Executive,3,Silver,0.0
BKG300434,CUST101068,HTL200571,2026-05-04,2026-05-10,2026-05-15,62143.7,6711.52,6214.37,62640.85,Mobile App,Cancelled,  Refund Pending  ,  Pune  ,Standard,3,Blue,62640.85
BKG300435,CUST100634,HTL200231,2026-01-26,2026-03-06,2026-03-11,32682.14,3921.86,0.0,36604.0,Website,Confirmed,Paid,Varanasi,Family Room,4,Blue,0.0
BKG300436,CUST100381,HTL200435,2026-04-07,2026-04-18,2026-04-21,50367.45,5439.69,5036.74,50770.4,Website,Confirmed,Paid,varanasi,Family Room,4,Gold,0.0
BKG300437,CUST101050,HTL200352,2026-01-01,2026-01-26,2026-01-27,6025.58,614.61,903.84,5736.35,Mobile App,Check-in Denied,PaId,Hyderabad,Family Room,1,Blue,2868.18
BKG300438,CUST100704,HTL200687,2026-02-22,2026-04-07,2026-04-10,20150.83,1934.48,4030.17,18055.14,Mobile App,Cancelled,Paid,Jaipur,Deluxe,5,Gold,0.0
BKG300439,CUST100496,HTL200678,2026-01-06,2026-02-19,2026-02-26,113329.63,13599.56,0.0,126929.19,Mobile App,Confirmed,Paid,Hyderabad,Suite,3,Blue,0.0
BKG300440,CUST100851,HTL200382,2026-02-06,2026-03-08,2026-03-09,9445.86,1076.83,472.29,10050.4,MOBILE APP,Cancelled,Refunded,Goa,Suite,3,Gold,4522.68
BKG300441,CUST101159,HTL200709,2026-01-02,2026-01-22,2026-01-29,84388.55,8607.63,12658.28,80337.9,Mobile App,Cancelled,Refunded,Bengaluru,Standard,1,Gold,80337.9
BKG300442,CUST100706,HTL200059,2026-05-03,2026-06-09,2026-06-10,4810.13,519.49,481.01,4848.61,Mobile App,No Show,Paid,Chennai,Standard,1,Gold,0.0
BKG300443,CUST101072,HTL200925,2026-03-10,2026-03-26,2026-03-30,70021.28,7142.17,10503.19,66660.26,Mobile App,Completed,Paid,Agra,Suite,5,Blue,0.0
BKG300444,CUST100120,HTL200469,2026-01-13,2026-02-13,2026-02-16,20056.64,2045.78,3008.5,19093.92,Website,Cancelled,Refunded,Bengaluru,Family Room,4,Gold,0.0
BKG300445,CUST100625,HTL200410,2026-03-10,2026-04-08,2026-04-15,27974.07,3189.04,1398.7,29764.41,Mobile App,Cancelled,Refunded,Goa,Standard,3,Silver,13393.98
BKG300446,CUST100525,HTL200082,2026-03-07,2026-03-13,2026-03-15,20539.72,2341.53,1026.99,21854.26,Mobile App,Cancelled,Refunded,Delhi,Deluxe,4,Blue,15297.98
BKG300447,CUST101066,HTL200073,2026-02-28,2026-03-29,2026-04-04,56685.72,6462.17,2834.29,60313.6,Partner Desk,Completed,Partially Paid,Pune,Deluxe,3,Platinum,0.0
BKG300448,CUST100751,HTL200310,2026-03-09,2026-04-10,2026-04-15,63327.53,6839.37,6332.75,63834.15,Website,Completed,Paid,ShImLa,Suite,1,Blue,0.0
BKG300449,CUST100095,HTL200453,2026-02-28,2026-03-09,2026-03-13,40691.48,4638.83,2034.57,43295.74,Mobile App,Completed,Paid,Kochi,Standard,1,Blue,0.0
BKG300450,CUST100026,HTL200025,2026-04-27,2026-06-03,2026-06-10,70525.47,7193.6,10578.82,67140.25,Mobile App,  Pending  ,Paid,Kochi,Standard,1,Silver,0.0
BKG300451,CUST100835,HTL200425,2026-01-10,2026-02-02,2026-02-04,23303.27,2376.93,3495.49,22184.71,Website,Confirmed,Paid,Goa,Family Room,5,Silver,0.0
BKG300452,CUST100486,HTL200376,2026-05-21,2026-06-06,2026-06-12,55831.79,6364.82,2791.59,59405.02,Mobile App,Confirmed,Paid,Jaipur,Standard,3,Gold,0.0
BKG300453,CUST100239,HTL200242,2026-05-10,2026-05-28,2026-06-03,65678.41,6305.13,13135.68,58847.86,Website,Cancelled,Refunded,Mumbai,Suite,1,Blue,41193.5
BKG300454,CUST100066,HTL200834,2026-01-15,2026-02-03,2026-02-06,31793.79,3433.73,3179.38,32048.14,Mobile App,Confirmed,Paid,Chennai,Standard,5,Blue,0.0
BKG300455,CUST101142,HTL200627,2026-02-15,2026-03-31,2026-04-01,6073.68,619.52,911.05,5782.15,Call Center,Completed,Partially Paid,Mumbai,Standard,4,Platinum,0.0
BKG300456,CUST101175,HTL200322,2026-05-18,2026-05-20,2026-05-27,115580.11,13869.61,0.0,129449.72,Website,Confirmed,Partially Paid,Hyderabad,Deluxe,5,Blue,0.0
BKG300457,CUST100230,HTL200179,2026-05-30,2026-06-09,2026-06-12,15081.72,1809.81,0.0,16891.53,MOBILE APP,Completed,Paid,Mumbai,Suite,5,Blue,0.0
BKG300458,CUST100350,HTL200773,2026-03-30,2026-04-11,2026-04-17,98802.98,11263.54,4940.15,105126.37,Mobile App,Check-in Denied,Paid,Goa,Executive,2,Platinum,105126.37
BKG300459,CUST100760,HTL200625,2026-03-18,2026-04-05,2026-04-08,9934.7,1132.56,496.74,10570.52,Mobile App,Cancelled,Refund Pending,Hyderabad,Suite,4,Silver,4756.73
BKG300460,CUST101194,HTL200265,2026-05-16,2026-06-04,2026-06-08,76512.42,9181.49,0.0,85693.91,Mobile App,Confirmed,Paid,Manali,Suite,2,Blue,0.0
BKG300461,CUST100862,HTL200549,2026-05-29,2026-07-06,2026-07-13,95146.68,9704.96,14272.0,90579.64,Mobile App,Pending,Paid,Manali,Executive,3,Gold,0.0
BKG300462,CUST101155,HTL200379,2026-05-30,2026-07-06,2026-07-08,28970.64,3302.65,1448.53,30824.76,Mobile App,Confirmed,Paid,Agra,Executive,5,Platinum,0.0
BKG300463,CUST100356,HTL200076,2026-04-20,2026-05-17,2026-05-23,78134.48,7500.91,15626.9,70008.49,Mobile App,Completed,Paid,Shimla,Deluxe,5,Gold,0.0
BKG300464,CUST101065,HTL200613,2026-04-07,2026-04-21,2026-04-28,105515.46,11395.67,10551.55,106359.58,Website,Completed,Payment Failed,Bengaluru,Family Room,5,Blue,0.0
BKG300465,CUST101029,HTL200523,2026-02-14,2026-03-20,2026-03-24,64977.72,7797.33,0.0,72775.05,Mobile App,Pending,Paid,Shimla,Suite,5,Blue,0.0
BKG300466,CUST100328,HTL200813,2026-04-01,2026-04-03,2026-04-05,31089.04,3357.62,3108.9,31337.76,WeBsItE,Confirmed,Paid,Pune,Suite,2,Blue,0.0
BKG300467,CUST101193,HTL200048,2026-04-24,2026-06-07,2026-06-11,42694.03,4098.63,8538.81,38253.85,Mobile App,Cancelled,Refunded,Pune,Suite,3,Blue,17214.23
BKG300468,CUST100910,HTL200253,2026-05-30,2026-07-02,2026-07-07,84652.33,9142.45,8465.23,85329.55,Call Center,Completed,Paid,Delhi,Suite,2,Blue,0.0
BKG300469,CUST100337,HTL200858,2026-03-14,2026-04-02,2026-04-03,7063.48,847.62,0.0,7911.1,Website,Confirmed,Paid,Varanasi,Deluxe,5,Gold,0.0
BKG300470,CUST101092,HTL200379,2026-02-04,2026-03-03,2026-03-04,13470.98,1293.21,2694.2,12069.99,Call Center,  Check-in Denied  ,Paid,Agra,Suite,3,Blue,0.0
BKG300471,CUST100881,HTL200248,2026-02-11,2026-03-13,2026-03-14,8037.91,964.55,0.0,9002.46,Call Center,  Completed  ,Paid,Delhi,Executive,4,Silver,0.0
BKG300472,CUST100538,HTL200071,2026-05-13,2026-05-20,2026-05-25,80386.46,8681.74,8038.65,90067.2,Mobile App,Cancelled,Refund Pending,Pune,Executive,2,Platinum,0.0
BKG300473,CUST100736,HTL200446,2026-01-27,2026-02-23,2026-03-01,57560.22,6561.87,2878.01,61244.08,Mobile App,Confirmed,Paid,Goa,Standard,1,Blue,0.0
BKG300474,CUST100442,HTL200505,2026-02-01,2026-02-22,2026-02-28,29943.32,3413.54,1497.17,31859.69,Mobile App,Cancelled,Refunded,Shimla,Deluxe,4,Silver,0.0
BKG300475,CUST100923,HTL200708,2026-05-16,2026-05-23,2026-05-28,18291.71,2085.25,914.59,19462.37,Mobile App,cancelled,Refund Pending,Jaipur,Standard,4,Silver,8758.07
BKG300476,CUST100919,HTL200252,2026-04-13,2026-05-08,2026-05-09,9674.93,928.79,1934.99,8668.73,Mobile App,Completed,Paid,Jaipur,Suite,5,Blue,0.0
BKG300477,CUST100050,HTL200995,2026-03-26,2026-05-03,2026-05-04,16769.2,1710.46,2515.38,15964.28,Website,Completed,Paid,Udaipur,Deluxe,5,Silver,0.0
BKG300478,CUST100148,HTL200869,2026-05-26,2026-06-13,2026-06-15,25034.66,2853.95,1251.73,26636.88,Mobile App,Pending,Paid,  Pune  ,Deluxe,4,Blue,0.0
BKG300479,CUST101115,HTL200298,2026-03-19,2026-04-21,2026-04-23,16063.49,1927.62,0.0,17991.11,MoBiLe aPp,Cancelled,Refund Pending,Varanasi,Family Room,2,Blue,17991.11
BKG300480,CUST100367,HTL200733,2026-05-23,2026-06-25,2026-06-28,54544.86,6545.38,0.0,61090.24,Mobile App,Completed,Paid,Shimla,Family Room,3,Gold,0.0
BKG300481,CUST100579,HTL200059,2026-02-13,2026-03-17,2026-03-24,35078.98,4209.48,0.0,39288.46,Call Center,Completed,Paid,Chennai,Standard,2,Blue,0.0
BKG300482,CUST100655,HTL200356,2026-02-01,2026-02-26,2026-03-05,18890.33,2153.5,944.52,20099.31,Mobile App,Cancelled,Refund Pending,GoA,Standard,2,Silver,9044.69
BKG300483,CUST100075,HTL200156,2026-01-28,2026-02-11,2026-02-18,56195.4,6406.28,2809.77,59791.91,Partner Desk,Confirmed,PaId,Jaipur,Executive,4,Gold,0.0
BKG300484,CUST101109,HTL200341,2026-03-18,2026-04-25,2026-04-29,62127.65,7455.32,0.0,69582.97,Mobile App,Completed,Paid,Ahmedabad,Executive,2,Blue,0.0
BKG300485,CUST100226,HTL200973,2026-01-18,2026-02-25,2026-02-27,6420.64,731.95,321.03,6831.56,Website,Pending,Paid,Shimla,Executive,3,Silver,0.0
BKG300486,CUST100958,HTL200893,2026-04-13,2026-04-17,2026-04-19,30660.54,3311.34,3066.05,30905.83,Mobile App,Check-In Denied,Refund Pending,Kochi,Deluxe,4,Silver,30905.83
BKG300487,CUST100591,HTL200201,2026-03-11,2026-04-24,2026-04-26,16126.38,1644.89,2418.96,15352.31,Mobile App,Cancelled,Refund Pending,Kochi,Suite,2,Silver,6908.54
BKG300488,CUST100023,HTL200778,2026-04-29,2026-05-17,2026-05-19,22175.26,2394.93,2217.53,22352.66,Call Center,Confirmed,Paid,Manali,Standard,5,Blue,0.0
BKG300489,CUST100027,HTL200034,2026-05-19,2026-05-29,2026-06-03,44153.15,4768.54,4415.31,44506.38,Mobile App,Pending,Paid,Udaipur,Executive,2,Blue,0.0
BKG300490,CUST100120,HTL200766,2026-05-28,2026-07-02,2026-07-05,40831.81,4654.83,2041.59,43445.05,Mobile App,Completed,Paid,Agra,Deluxe,4,Blue,0.0
BKG300491,CUST100852,HTL200534,2026-04-07,2026-05-12,2026-05-14,19206.68,2189.56,960.33,20435.91,Mobile App,Confirmed,Partially Paid,Bengaluru,Family Room,4,Blue,0.0
BKG300492,CUST100623,HTL200455,2026-05-16,2026-06-25,2026-07-01,34033.63,3675.63,3403.36,34305.9,Website,Completed,Paid,Shimla,Suite,5,Blue,0.0
BKG300493,CUST100889,HTL200916,2026-02-04,2026-02-27,2026-03-03,33849.85,3655.78,3384.98,34120.65,Call Center,Cancelled,Paid,Mumbai,Family Room,4,Gold,15354.29
BKG300494,CUST100030,HTL200164,2026-03-10,2026-04-04,2026-04-11,78441.18,8942.29,3922.06,83461.41,Website,Confirmed,Paid,Jaipur,Family Room,1,Silver,0.0
BKG300495,CUST100869,HTL200027,2026-05-06,2026-05-07,2026-05-09,26107.38,2819.6,2610.74,26316.24,Mobile App,No Show,Paid,Kochi,Suite,4,Blue,13158.12
BKG300496,CUST100049,HTL200371,2026-04-09,2026-04-27,2026-05-02,42007.28,4032.7,8401.46,37638.52,Mobile App,Check-in Denied,Refund Pending,Bengaluru,Deluxe,2,Gold,18819.26
BKG300497,CUST100725,HTL200862,2026-03-19,2026-04-03,2026-04-09,57228.66,6180.7,5722.87,57686.49,Mobile App,Confirmed,Paid,Jaipur,Family Room,3,Silver,0.0
BKG300498,CUST100388,HTL200313,2026-05-29,2026-06-23,2026-06-30,79087.5,8541.45,7908.75,79720.2,Mobile App,No Show,Refund Pending,Bengaluru,Deluxe,2,Silver,79720.2
BKG300499,CUST100943,HTL200564,2026-04-21,2026-05-23,2026-05-24,15687.27,1600.1,2353.09,14934.28,Mobile App,Check-in Denied,Refund Pending,Ahmedabad,Family Room,4,Silver,0.0
BKG300500,CUST101014,HTL200283,2026-01-17,2026-02-06,2026-02-07,2456.5,294.78,0.0,2751.28,Website,Confirmed,Paid,Ahmedabad,Executive,1,Platinum,0.0
BKG300501,CUST100474,HTL200297,2026-05-26,2026-06-12,2026-06-19,123667.4,14098.08,6183.37,131582.11,Mobile App,Confirmed,Paid,Agra,Suite,2,Silver,0.0
BKG300502,CUST100755,HTL200474,2026-05-20,2026-05-31,2026-06-03,51288.15,4923.66,10257.63,45954.18,Mobile App,Completed,PAID,Mumbai,Standard,3,Silver,0.0
BKG300503,CUST100602,HTL200999,2026-05-24,2026-06-06,2026-06-07,2584.26,294.61,129.21,2749.66,Mobile App,Confirmed,Paid,DELHI,Suite,2,Gold,0.0
BKG300504,CUST100925,HTL200596,2026-01-04,2026-01-29,2026-01-31,7556.83,861.48,377.84,8040.47,Mobile App,Cancelled,refund pending,Ahmedabad,Family Room,5,Silver,8040.47
BKG300505,CUST101029,HTL200968,2026-04-02,2026-04-22,2026-04-29,64938.26,7013.33,6493.83,65457.76,Mobile App,Confirmed,Paid,Jaipur,Family Room,1,Blue,0.0
BKG300506,CUST100792,HTL200348,2026-03-16,2026-04-10,2026-04-15,68170.72,8180.49,0.0,76351.21,Mobile App,Check-in Denied,Refund Pending,Jaipur,Executive,4,Platinum,22905.36
BKG300507,CUST100411,HTL200635,2026-04-13,2026-05-25,2026-05-28,46558.75,5028.35,4655.87,46931.23,Mobile App,Pending,PaId,Goa,Executive,2,Blue,0.0
BKG300508,CUST100661,HTL200444,2026-01-24,2026-02-24,2026-03-02,69415.82,8329.9,0.0,77745.72,Mobile App,Confirmed,Paid,Goa,Suite,2,Silver,0.0
BKG300509,CUST100190,HTL200206,2026-03-06,2026-03-07,2026-03-09,15910.08,1718.29,1591.01,16037.36,Mobile App,Completed,Paid,Pune,Standard,2,Silver,0.0
BKG300510,CUST100785,HTL200416,2026-04-27,2026-05-13,2026-05-14,12624.71,1363.47,1262.47,12725.71,Mobile App,Completed,Paid,  Goa  ,Suite,2,Blue,0.0
BKG300511,CUST100584,HTL200438,2026-03-23,2026-04-20,2026-04-24,22531.41,2568.58,1126.57,23973.42,Website,Completed,Paid,Kochi,Standard,3,Platinum,0.0
BKG300512,CUST100958,HTL200164,2026-01-06,2026-01-27,2026-01-29,19280.52,2197.98,964.03,20514.47,Mobile App,Completed,Paid,Jaipur,Deluxe,5,Blue,0.0
BKG300513,CUST100499,HTL200558,2026-03-07,2026-04-06,2026-04-10,30618.58,3674.23,0.0,34292.81,Mobile App,Confirmed,Paid,Agra,Family Room,5,Silver,0.0
BKG300514,CUST100579,HTL200419,2026-03-08,2026-03-11,2026-03-17,38471.64,4385.77,1923.58,40933.83,Website,Confirmed,Paid,Udaipur,Deluxe,1,Silver,0.0
BKG300515,CUST100815,HTL200370,2026-03-13,2026-04-16,2026-04-20,38698.77,4411.66,1934.94,41175.49,Website,Confirmed,PaRtIaLlY PaId,Goa,Suite,1,Blue,0.0
BKG300516,CUST101086,HTL200667,2026-04-05,2026-04-11,2026-04-17,68642.13,8237.06,0.0,76879.19,Mobile App,No Show,Paid,Jaipur,Standard,3,Blue,76879.19
BKG300517,CUST100779,HTL200265,2026-02-17,2026-04-01,2026-04-04,57430.2,5857.88,8614.53,54673.55,Website,Confirmed,Paid,Manali,Standard,5,Blue,0.0
BKG300518,CUST100942,HTL200278,2026-03-11,2026-04-09,2026-04-14,8548.89,923.28,854.89,8617.28,Call Center,Confirmed,  Paid  ,Hyderabad,Deluxe,1,Platinum,0.0
BKG300519,CUST101149,HTL200987,2026-03-19,2026-03-22,2026-03-23,8846.37,1061.56,0.0,9907.93,Mobile App,Completed,Paid,Hyderabad,Executive,4,Silver,0.0
BKG300520,CUST100264,HTL200481,2026-03-08,2026-04-10,2026-04-11,5953.66,714.44,0.0,6668.1,WeBsItE,Confirmed,Paid,Varanasi,Executive,5,Silver,0.0
BKG300521,CUST100006,HTL200516,2026-03-06,2026-03-17,2026-03-19,6814.74,817.77,0.0,7632.51,Mobile App,CONFIRMED,Paid,Kochi,Deluxe,2,Silver,0.0
BKG300522,CUST100694,HTL200081,2026-03-04,2026-03-09,2026-03-16,36682.1,3961.67,3668.21,36975.56,Mobile App,completed,Paid,Hyderabad,Executive,5,Blue,0.0
BKG300523,CUST100991,HTL200118,2026-02-15,2026-03-19,2026-03-20,5411.16,649.34,0.0,6060.5,Mobile App,Completed,Paid,Mumbai,Standard,4,Platinum,0.0
BKG300524,CUST100917,HTL200773,2026-05-27,2026-06-14,2026-06-17,49477.09,5937.25,0.0,55414.34,Website,  Confirmed  ,Paid,Goa,Suite,2,Platinum,0.0
BKG300525,CUST100747,HTL200636,2026-03-14,2026-04-03,2026-04-04,14395.34,1641.07,719.77,15316.64,Website,Completed,Paid,Manali,Executive,5,Gold,0.0
BKG300526,CUST100145,HTL200937,2026-03-12,2026-04-20,2026-04-22,13849.95,1329.6,2769.99,12409.56,Mobile App,Completed,Paid,Kolkata,Standard,2,Gold,0.0
BKG300527,CUST100240,HTL200302,2026-04-20,2026-05-30,2026-05-31,1294.86,139.84,129.49,1305.21,Mobile App,Completed,Paid,Shimla,Suite,2,Silver,0.0
BKG300528,CUST100856,HTL200214,2026-03-04,2026-04-01,2026-04-06,88997.41,9077.74,13349.61,84725.54,Mobile App,Cancelled,Paid,Mumbai,Standard,3,Blue,84725.54
BKG300529,CUST100286,HTL200027,2026-02-10,2026-02-23,2026-03-01,88190.5,10582.86,0.0,98773.36,Mobile App,Confirmed,Partially Paid,Kochi,Family Room,4,Blue,0.0
BKG300530,CUST100951,HTL200780,2026-01-07,2026-02-02,2026-02-06,22526.59,2703.19,0.0,25229.78,Website,Completed,Paid,Udaipur,Suite,3,Platinum,0.0
BKG300531,CUST100025,HTL200497,2026-05-17,2026-06-02,2026-06-06,19441.78,2333.01,0.0,21774.79,mobile app,Cancelled,Refunded,Chennai,Family Room,5,Platinum,0.0
BKG300532,CUST100451,HTL200536,2026-01-04,2026-01-29,2026-02-04,91522.4,8786.15,18304.48,82004.07,Mobile App,Check-in Denied,Paid,KOLKATA,Executive,2,Silver,82004.07
BKG300533,CUST100105,HTL200518,2026-03-30,2026-04-09,2026-04-13,77079.29,8787.04,3853.96,82012.37,Mobile App,No Show,Refunded,Varanasi,Executive,5,Silver,0.0
BKG300534,CUST100239,HTL200193,2026-05-14,2026-06-12,2026-06-17,20791.15,2370.19,1039.56,22121.78,Call Center,Completed,  Paid  ,Udaipur,Standard,5,Gold,0.0
BKG300535,CUST100331,HTL200591,2026-03-23,2026-04-30,2026-05-03,22100.0,2519.4,1105.0,23514.4,Website,Completed,Paid,ShImLa,Deluxe,3,Silver,0.0
BKG300536,CUST100911,HTL200441,2026-01-21,2026-02-10,2026-02-12,12412.01,1340.5,1241.2,12511.31,Mobile App,Completed,Paid,Ahmedabad,Standard,5,Gold,0.0
BKG300537,CUST101065,HTL200833,2026-05-23,2026-06-18,2026-06-23,67386.24,7682.03,3369.31,71698.96,Mobile App,No Show,Paid,Jaipur,Family Room,4,Silver,35849.48
BKG300538,CUST100644,HTL200035,2026-05-08,2026-06-09,2026-06-11,36623.73,3955.36,3662.37,36916.72,Mobile App,Cancelled,Refund Pending,Varanasi,Suite,2,Silver,16612.52
BKG300539,CUST100034,HTL200257,2026-04-15,2026-05-24,2026-05-27,17003.94,1632.38,3400.79,15235.53,Call Center,Confirmed,Payment Failed,Mumbai,Deluxe,1,Blue,0.0
BKG300540,CUST100875,HTL200112,2026-04-14,2026-05-22,2026-05-27,53310.45,6077.39,2665.52,56722.32,Mobile App,Confirmed,Paid,Udaipur,Standard,4,Blue,0.0
BKG300541,CUST100383,HTL200293,2026-03-09,2026-04-02,2026-04-03,3236.34,349.53,323.63,3262.24,Mobile App,Completed,Paid,Kolkata,Family Room,1,Blue,0.0
BKG300542,CUST100810,HTL200713,2026-04-20,2026-05-21,2026-05-28,132467.23,15101.26,6623.36,140945.13,Mobile App,Confirmed,Paid,Delhi,Family Room,1,Blue,0.0
BKG300543,CUST100747,HTL200013,2026-03-07,2026-04-16,2026-04-19,7260.21,740.54,1089.03,6911.72,Mobile App,Check-in Denied,Paid,Ahmedabad,Executive,3,Blue,2073.52
BKG300544,CUST100958,HTL200666,2026-01-27,2026-02-08,2026-02-12,25032.9,3003.95,0.0,28036.85,Mobile App,Confirmed,Paid,Manali,Standard,1,Silver,0.0
BKG300545,CUST101056,HTL200910,2026-03-01,2026-04-06,2026-04-11,25718.07,3086.17,0.0,28804.24,Mobile App,Confirmed,Payment Failed,Mumbai,Standard,2,Blue,0.0
BKG300546,CUST100094,HTL200596,2026-04-28,2026-05-08,2026-05-11,11337.11,1224.41,1133.71,11427.81,Mobile App,No Show,Refund Pending,Ahmedabad,Family Room,3,Blue,11427.81
BKG300547,CUST101019,HTL200139,2026-02-13,2026-02-19,2026-02-22,23009.56,2623.09,1150.48,24482.17,Mobile App,Confirmed,Paid,Delhi,Standard,4,Blue,0.0
BKG300548,CUST100204,HTL200370,2026-02-05,2026-02-12,2026-02-17,50380.82,5138.84,7557.12,47962.54,Mobile App,Confirmed,Paid,Goa,Executive,4,Silver,0.0
BKG300549,CUST100833,HTL200426,2026-01-19,2026-02-19,2026-02-23,68864.04,7437.32,6886.4,69414.96,Mobile App,Completed,Paid,Jaipur,Deluxe,4,Silver,0.0
BKG300550,CUST100029,HTL200096,2026-04-01,2026-04-28,2026-05-04,47781.61,5160.41,4778.16,48163.86,Website,Completed,Paid,Shimla,Family Room,5,Blue,0.0
BKG300551,CUST100265,HTL200696,2026-02-14,2026-02-22,2026-02-26,21614.68,2593.76,0.0,24208.44,Mobile App,Confirmed,  Paid  ,Ahmedabad,Executive,3,Silver,0.0
BKG300552,CUST100022,HTL200487,2026-05-29,2026-06-01,2026-06-04,54577.02,5894.32,5457.7,55013.64,Mobile App,Completed,Paid,Udaipur,Executive,3,Blue,0.0
BKG300553,CUST100608,HTL200341,2026-04-08,2026-05-18,2026-05-20,33716.92,3641.43,3371.69,33986.66,Website,Confirmed,Paid,Ahmedabad,Suite,3,Silver,0.0
BKG300554,CUST100038,HTL200869,2026-01-19,2026-02-09,2026-02-15,89176.88,9631.1,8917.69,89890.29,Website,Completed,Paid,Pune,Deluxe,2,Blue,0.0
BKG300555,CUST100172,HTL200491,2026-02-10,2026-02-11,2026-02-17,21159.94,2539.19,0.0,23699.13,Mobile App,Completed,Paid,Udaipur,Executive,3,Blue,0.0
BKG300556,CUST100759,HTL200499,2026-01-26,2026-02-10,2026-02-13,41316.75,3966.41,8263.35,37019.81,  Mobile App  ,CaNcElLeD,Refunded,Udaipur,Suite,2,Blue,16658.91
BKG300557,CUST100413,HTL200431,2026-01-28,2026-02-04,2026-02-09,100458.3,11452.25,5022.91,106887.64,Website,Completed,Paid,Goa,Suite,4,Silver,0.0
BKG300558,CUST100691,HTL200188,2026-03-05,2026-03-20,2026-03-25,64539.03,7744.68,0.0,72283.71,Mobile App,Completed,Paid,Ahmedabad,Standard,5,Gold,0.0
BKG300559,CUST100614,HTL200081,2026-03-09,2026-04-03,2026-04-08,27789.09,2667.75,5557.82,24899.02,PARTNER DESK,CoMpLeTeD,Partially Paid,Hyderabad,Executive,1,Blue,0.0
BKG300560,CUST100208,HTL200811,2026-03-21,2026-03-24,2026-03-28,64379.45,6952.98,6437.95,64894.48,Website,Confirmed,Partially Paid,Pune,Family Room,5,Silver,0.0
BKG300561,CUST100021,HTL200179,2026-02-20,2026-03-22,2026-03-23,6082.63,693.42,304.13,6471.92,Mobile App,Confirmed,Paid,Mumbai,Standard,5,Gold,0.0
BKG300562,CUST100004,HTL200957,2026-04-12,2026-04-26,2026-05-01,90470.54,8685.17,18094.11,81061.6,Mobile App,Cancelled,Paid,Delhi,Deluxe,5,Blue,56743.12
BKG300563,CUST100650,HTL200897,2026-01-10,2026-01-14,2026-01-19,68229.57,8187.55,0.0,76417.12,Mobile App,Confirmed,Paid,  Delhi  ,Family Room,1,Silver,0.0
BKG300564,CUST100213,HTL200860,2026-04-10,2026-05-16,2026-05-22,85303.51,10236.42,0.0,95539.93,Call Center,Cancelled,Refunded,Bengaluru,Family Room,2,Blue,66877.95
BKG300565,CUST100919,HTL200966,2026-05-02,2026-05-05,2026-05-07,2366.29,255.56,236.63,2385.22,Website,Confirmed,Paid,Goa,Suite,4,Blue,0.0
BKG300566,CUST100906,HTL200414,2026-05-27,2026-06-01,2026-06-03,31678.72,3801.45,0.0,35480.17,Mobile App,Cancelled,Refunded,Shimla,Executive,1,Blue,15966.08
BKG300567,CUST101162,HTL200104,2026-03-05,2026-03-30,2026-04-02,20232.79,2063.74,3034.92,19261.61,Mobile App,Pending,Paid,Udaipur,Suite,4,Blue,0.0
BKG300568,CUST100671,HTL200380,2026-05-04,2026-06-04,2026-06-07,47472.9,4842.24,7120.93,45194.21,Website,Completed,  Paid  ,Agra,Suite,2,Silver,0.0
BKG300569,CUST100666,HTL200721,2026-01-19,2026-01-30,2026-02-02,41922.03,4779.11,2096.1,44605.04,Call Center,Completed,Paid,Delhi,Executive,4,Gold,0.0
BKG300570,CUST100799,HTL200328,2026-03-17,2026-03-25,2026-03-30,59955.18,6115.43,8993.28,57077.33,Website,Completed,Paid,Kochi,Executive,2,Silver,0.0
BKG300571,CUST100316,HTL200248,2026-03-03,2026-03-29,2026-03-31,17425.06,2091.01,0.0,19516.07,Mobile App,No Show,  Paid  ,Delhi,Executive,1,Blue,19516.07
BKG300572,CUST100792,HTL200071,2026-05-21,2026-05-23,2026-05-26,53390.02,5766.12,5339.0,53817.14,Mobile App,Confirmed,Paid,Pune,Suite,1,Silver,0.0
BKG300573,CUST100575,HTL200672,2026-01-25,2026-02-22,2026-02-24,17270.56,1657.97,3454.11,15474.42,Mobile App,Completed,Paid,Delhi,Executive,4,Gold,0.0
BKG300574,CUST101179,HTL200132,2026-03-30,2026-04-09,2026-04-14,63438.06,6470.68,9515.71,60393.03,Partner Desk,Completed,Paid,Shimla,Executive,4,Silver,0.0
BKG300575,CUST100090,HTL200239,2026-04-02,2026-05-11,2026-05-17,9882.98,1126.66,494.15,10515.49,Mobile App,Completed,Paid,Delhi,Family Room,5,Blue,0.0
BKG300576,CUST101065,HTL200077,2026-02-11,2026-03-20,2026-03-25,19404.05,2328.49,0.0,21732.54,Website,Confirmed,Paid,Hyderabad,Suite,5,Silver,0.0
BKG300577,CUST100760,HTL200569,2026-04-27,2026-06-05,2026-06-08,28408.83,3409.06,0.0,31817.89,Mobile App,Confirmed,Partially Paid,BeNgAlUrU,Executive,4,Silver,0.0
BKG300578,CUST100769,HTL200460,2026-02-08,2026-03-01,2026-03-06,40634.22,4632.3,2031.71,43234.81,Mobile App,Cancelled,Refund Pending,Goa,Suite,5,Silver,19455.66
BKG300579,CUST100000,HTL200124,2026-05-13,2026-06-10,2026-06-15,24774.78,2675.68,2477.48,24972.98,Website,Confirmed,Paid,Manali,Deluxe,4,Gold,0.0
BKG300580,CUST100108,HTL200010,2026-03-22,2026-04-29,2026-05-01,10780.38,1293.65,0.0,12074.03,Website,Completed,Paid,Bengaluru,Standard,3,Gold,0.0
BKG300581,CUST100927,HTL200467,2026-05-26,2026-06-28,2026-06-29,3574.99,407.55,178.75,3803.79,Mobile App,Confirmed,Paid,Kochi,Family Room,5,Silver,0.0
BKG300582,CUST101148,HTL200406,2026-04-17,2026-04-28,2026-05-02,49368.05,5035.54,7405.21,46998.38,Mobile App,Confirmed,Payment Failed,Pune,Family Room,4,Platinum,0.0
BKG300583,CUST101087,HTL200940,2026-04-21,2026-06-04,2026-06-07,24053.89,2742.14,1202.69,25593.34,Mobile App,Completed,Paid,goa,Suite,3,Platinum,0.0
BKG300584,CUST100205,HTL200026,2026-01-21,2026-01-22,2026-01-29,76615.04,9193.81,0.0,85808.85,WEBSITE,No Show,Refunded,Mumbai,Executive,5,Platinum,25742.66
BKG300585,CUST100849,HTL200206,2026-02-19,2026-03-24,2026-03-25,8474.32,813.54,1694.86,7593.0,Website,  Completed  ,Paid,Pune,Suite,1,Blue,0.0
BKG300586,CUST100589,HTL200221,2026-05-01,2026-05-04,2026-05-10,81640.41,9796.85,0.0,91437.26,Mobile App,Cancelled,Refunded,Kochi,Standard,4,Blue,41146.77
BKG300587,CUST100622,HTL200311,2026-05-14,2026-06-09,2026-06-16,49402.49,5039.05,7410.37,47031.17,Mobile App,Completed,Paid,Kolkata,Family Room,1,Silver,0.0
BKG300588,CUST100964,HTL200381,2026-02-19,2026-03-06,2026-03-09,46094.71,5531.37,0.0,51626.08,Website,Cancelled,Refund Pending,udaipur,Family Room,5,Silver,23231.74
BKG300589,CUST100964,HTL200761,2026-04-25,2026-06-05,2026-06-06,13471.84,1535.79,673.59,14334.04,Website,Completed,Paid,Kolkata,Standard,3,Blue,0.0
BKG300590,CUST100652,HTL200314,2026-01-01,2026-01-15,2026-01-20,29268.79,3336.64,1463.44,31141.99,Mobile App,Check-in Denied,Refund Pending,Goa,Suite,4,Silver,0.0
BKG300591,CUST100078,HTL200207,2026-01-30,2026-02-22,2026-02-25,12865.27,1466.64,643.26,13688.65,Call Center,Completed,Paid,Delhi,Family Room,3,Silver,0.0
BKG300592,CUST100414,HTL200620,2026-04-17,2026-04-25,2026-04-26,2175.49,248.01,108.77,2314.73,Mobile App,Completed,Paid,Udaipur,Executive,1,Silver,0.0
BKG300593,CUST101172,HTL200295,2026-02-17,2026-03-25,2026-03-29,13989.68,1678.76,0.0,15668.44,Mobile App,Completed,Paid,Bengaluru,Suite,4,Silver,0.0
BKG300594,CUST100638,HTL200401,2026-03-28,2026-04-17,2026-04-22,43761.11,4988.77,2188.06,46561.82,Website,Confirmed,Paid,Bengaluru,Executive,1,Blue,0.0
BKG300595,CUST100790,HTL200434,2026-05-09,2026-05-15,2026-05-18,54488.19,6211.65,2724.41,57975.43,Mobile App,Confirmed,Paid,Goa,Deluxe,1,Platinum,0.0
BKG300596,CUST101061,HTL200572,2026-01-19,2026-02-21,2026-02-27,75869.55,9104.35,0.0,84973.9,Call Center,Confirmed,Paid,Goa,Standard,3,Blue,0.0
BKG300597,CUST101180,HTL200121,2026-02-15,2026-03-15,2026-03-21,56234.54,5398.52,11246.91,50386.15,Mobile App,Cancelled,ReFuNdEd,Pune,Family Room,5,Blue,0.0
BKG300598,CUST100332,HTL200750,2026-05-10,2026-06-17,2026-06-20,39419.09,4020.75,5912.86,37526.98,Mobile App,Confirmed,Paid,Hyderabad,Standard,1,Silver,0.0
BKG300599,CUST100287,HTL200105,2026-02-25,2026-03-27,2026-03-28,10647.41,1086.04,1597.11,10136.34,Mobile App,CoMpLeTeD,Paid,Chennai,Standard,1,Blue,0.0
BKG300600,CUST101135,HTL200790,2026-05-25,2026-07-07,2026-07-10,17066.3,1843.16,1706.63,17202.83,Mobile App,No Show,Refund Pending,Udaipur,Executive,2,Blue,17202.83
BKG300601,CUST101114,HTL200035,2026-04-02,2026-04-19,2026-04-26,129228.07,15507.37,0.0,144735.44,Mobile App,Completed,Paid,Varanasi,Family Room,3,Silver,0.0
BKG300602,CUST101072,HTL200549,2026-03-23,2026-04-01,2026-04-06,64188.91,6932.4,6418.89,64702.42,Mobile App,Confirmed,Paid,Manali,Deluxe,1,Blue,0.0
BKG300603,CUST100160,HTL200071,2026-03-20,2026-04-17,2026-04-19,28271.28,2883.67,4240.69,26914.26,Mobile App,Cancelled,Refunded,Pune,Standard,2,Silver,18839.98
BKG300604,CUST100319,HTL200567,2026-05-30,2026-06-06,2026-06-12,31099.83,3731.98,0.0,34831.81,Website,Confirmed,Partially Paid,Pune,Executive,3,Blue,0.0
BKG300605,CUST100923,HTL200166,2026-04-15,2026-05-13,2026-05-14,12518.06,1427.06,625.9,13319.22,Mobile App,Completed,Paid,Mumbai,Executive,4,Blue,0.0
BKG300606,CUST100363,HTL200220,2026-01-27,2026-02-13,2026-02-17,25663.96,2925.69,1283.2,27306.45,Website,  Completed  ,Partially Paid,Bengaluru,Family Room,5,Gold,0.0
BKG300607,CUST100474,HTL200075,2026-02-24,2026-04-05,2026-04-08,22756.61,2730.79,0.0,25487.4,Mobile App,Confirmed,Paid,Ahmedabad,Suite,3,Silver,0.0
BKG300608,CUST101022,HTL200721,2026-03-01,2026-04-14,2026-04-19,87509.97,9976.14,4375.5,93110.61,Mobile App,Confirmed,Paid,Delhi,Suite,1,Platinum,0.0
BKG300609,CUST100765,HTL200210,2026-04-19,2026-06-02,2026-06-05,37141.35,3565.57,7428.27,33278.65,Mobile App,Confirmed,Paid,Shimla,Deluxe,2,Blue,0.0
BKG300610,CUST100601,HTL200227,2026-04-30,2026-05-05,2026-05-09,68060.09,7350.49,6806.01,68604.57,Mobile App,Confirmed,Paid,Pune,Executive,2,Silver,0.0
BKG300611,CUST100311,HTL200736,2026-03-26,2026-03-31,2026-04-05,7221.87,823.29,361.09,7684.07,Website,Confirmed,Partially Paid,Bengaluru,Suite,4,Gold,0.0
BKG300612,CUST100588,HTL200452,2026-03-27,2026-04-10,2026-04-14,43976.05,4749.41,4397.6,44327.86,Call Center,Pending,Paid,Delhi,Standard,2,Silver,0.0
BKG300613,CUST100342,HTL200765,2026-04-27,2026-05-03,2026-05-08,88509.72,10621.17,0.0,99130.89,Mobile App,Completed,Paid,Chennai,Deluxe,1,Silver,0.0
BKG300614,CUST100905,HTL200486,2026-04-18,2026-04-25,2026-04-27,3127.02,337.72,312.7,3152.04,Mobile App,No Show,Paid,Bengaluru,Standard,3,Blue,0.0
BKG300615,CUST101117,HTL200667,2026-03-16,2026-04-02,2026-04-08,74580.67,7607.23,11187.1,83186.9,MoBiLe aPp,Completed,Paid,Jaipur,Suite,4,Blue,0.0
BKG300616,CUST101156,HTL200473,2026-04-29,2026-05-08,2026-05-13,39451.83,4260.8,3945.18,39767.45,Call Center,Completed,PaId,Kolkata,Executive,5,Silver,0.0
BKG300617,CUST100171,HTL200874,2026-05-25,2026-06-25,2026-06-29,61010.15,6589.1,6101.02,61498.23,Website,confirmed,Paid,ahmedabad,Suite,5,Silver,0.0
BKG300618,,,2026-01-07,2026-01-29,2026-01-30,3208.88,365.81,160.44,3414.25,Mobile App,Confirmed,Paid,Goa,Deluxe,1,Silver,0.0
BKG300619,CUST101032,HTL200829,2026-05-28,2026-06-06,2026-06-12,86185.45,9825.14,4309.27,91701.32,Mobile App,Completed,Paid,Goa,Deluxe,4,Gold,0.0
BKG300620,CUST100681,HTL200790,2026-03-16,2026-04-01,2026-04-08,41373.24,4468.31,4137.32,41704.23,Mobile App,No Show,Refund Pending,Udaipur,Standard,4,Platinum,41704.23
BKG300621,CUST101121,HTL200916,2026-02-27,2026-04-04,2026-04-06,19417.53,1980.59,2912.63,18485.49,Website,Confirmed,Payment Failed,Mumbai,Standard,1,Blue,0.0
BKG300622,CUST101192,HTL200970,2026-01-16,2026-02-19,2026-02-22,35124.18,3793.41,3512.42,35405.17,Website,Completed,Paid,Kolkata,Deluxe,4,Silver,0.0
BKG300623,CUST100310,HTL200489,2026-01-27,2026-02-09,2026-02-11,17183.8,1649.64,3436.76,15396.68,Call Center,Confirmed,Paid,ShImLa,Standard,2,Silver,0.0
BKG300624,CUST100913,HTL200375,2026-02-20,2026-03-11,2026-03-13,32045.42,3268.63,4806.81,30507.24,Mobile App,Completed,Paid,Ahmedabad,Family Room,2,Blue,0.0
BKG300625,CUST100429,HTL200230,2026-03-16,2026-03-28,2026-03-31,38817.62,3959.4,5822.64,36954.38,Website,Completed,Paid,Delhi,Deluxe,1,Silver,0.0
BKG300626,CUST100857,HTL200911,2026-05-24,2026-06-29,2026-07-04,65654.47,6696.76,9848.17,62503.06,Mobile App,Cancelled,Refunded,Goa,Standard,1,Gold,28126.38
BKG300627,CUST100284,HTL200701,2026-03-28,2026-04-07,2026-04-09,21724.45,2476.59,1086.22,23114.82,Mobile App,Confirmed,Paid,Jaipur,Suite,2,Blue,0.0
BKG300628,CUST100494,HTL200224,2026-05-03,2026-05-19,2026-05-25,27176.76,3098.15,1358.84,28916.07,Mobile App,Confirmed,Paid,Agra,Executive,3,Silver,0.0
BKG300629,CUST100354,HTL200474,2026-03-17,2026-04-14,2026-04-16,30734.86,3319.36,3073.49,30980.73,Website,Completed,Paid,Mumbai,Family Room,1,Blue,0.0
BKG300630,CUST100213,HTL200576,2026-02-09,2026-02-28,2026-03-01,17732.12,2021.46,886.61,18866.97,Mobile App,Pending,Paid,Hyderabad,Family Room,2,Silver,0.0
BKG300631,CUST100816,HTL200619,2026-03-08,2026-04-17,2026-04-23,109161.69,11134.49,16374.25,103921.93,Mobile App,Confirmed,Paid,Shimla,Executive,3,Gold,0.0
BKG300632,CUST100199,HTL200079,2026-05-10,2026-05-16,2026-05-17,12455.51,1494.66,0.0,13950.17,website,Completed,Paid,Manali,Executive,3,Silver,0.0
BKG300633,CUST100852,HTL200644,2026-04-12,2026-04-16,2026-04-22,36551.09,4386.13,0.0,40937.22,Call Center,Completed,Paid,Manali,Suite,2,Blue,0.0
BKG300634,CUST100135,HTL200685,2026-04-03,2026-05-03,2026-05-07,36103.64,3682.57,5415.55,34370.66,Website,Confirmed,Paid,Jaipur,Executive,2,Blue,0.0
BKG300635,CUST100947,HTL200575,2026-04-20,2026-05-29,2026-06-01,16115.03,1933.8,0.0,18048.83,Website,Cancelled,Refund Pending,Udaipur,Family Room,4,Blue,8121.97
BKG300636,CUST100627,HTL200209,2026-03-23,2026-04-23,2026-04-29,66016.01,7921.92,0.0,73937.93,Website,Confirmed,Paid,Pune,Suite,3,Blue,0.0
BKG300637,CUST100916,HTL200296,2026-03-19,2026-04-15,2026-04-21,48731.22,5555.36,2436.56,51850.02,Mobile App,Cancelled,Refund Pending,Hyderabad,Executive,5,Silver,51850.02
BKG300638,CUST100341,HTL200609,2026-01-02,2026-01-23,2026-01-28,33757.14,3645.77,3375.71,34027.2,Mobile App,Completed,Paid,Hyderabad,Suite,4,Blue,0.0
BKG300639,CUST100387,HTL200171,2026-03-06,2026-04-12,2026-04-17,79780.44,8616.29,7978.04,80418.69,Call Center,Completed,Paid,Agra,Suite,4,Blue,0.0
BKG300640,CUST100003,HTL200088,2026-01-20,2026-01-29,2026-02-02,73002.18,7008.21,14600.44,65409.95,Call Center,Confirmed,Paid,jaipur,Standard,3,Blue,0.0
BKG300641,CUST100676,HTL200873,2026-02-03,2026-03-10,2026-03-15,15876.82,1905.22,0.0,17782.04,Mobile App,No Show,Refund Pending,UdAiPuR,Executive,3,Blue,5334.61
BKG300642,CUST100398,HTL200225,2026-02-10,2026-03-24,2026-03-31,63425.86,6469.44,9513.88,60381.42,Mobile App,Confirmed,Paid,Shimla,Standard,3,Blue,0.0
BKG300643,,HTL200142,2026-01-23,2026-02-13,2026-02-20,26529.48,3024.36,1326.47,28227.37,Partner Desk,Completed,Paid,Jaipur,Family Room,1,Silver,0.0
BKG300644,CUST100212,HTL200707,2026-02-07,2026-02-24,2026-03-01,27114.37,3253.72,0.0,30368.09,Website,Cancelled,refunded,Delhi,Suite,2,Platinum,0.0
BKG300645,CUST100559,HTL200690,2026-03-08,2026-04-01,2026-04-08,17494.64,1994.39,874.73,18614.3,Mobile App,Completed,Paid,Agra,Family Room,2,Silver,0.0
BKG300646,CUST100557,HTL200053,2026-03-03,2026-04-03,2026-04-04,8317.86,998.14,0.0,9316.0,Mobile App,Confirmed,Paid,Mumbai,Suite,2,Blue,0.0
BKG300647,CUST100557,HTL200195,2026-05-20,2026-05-26,2026-06-02,102930.38,11734.06,5146.52,109517.92,Call Center,Pending,Paid,Kochi,Executive,3,Silver,0.0
BKG300648,CUST101071,HTL200728,2026-01-30,2026-03-06,2026-03-11,33666.01,3837.93,1683.3,35820.64,Mobile App,Confirmed,Paid,Goa,Deluxe,4,Silver,0.0
BKG300649,CUST100501,HTL200488,2026-03-28,2026-05-04,2026-05-09,58413.96,7009.68,0.0,65423.64,Mobile App,Check-in Denied,Paid,Chennai,Executive,3,Gold,0.0
BKG300650,CUST100643,HTL200844,2026-05-28,2026-06-10,2026-06-17,15871.44,1618.89,2380.72,15109.61,Mobile App,Confirmed,Paid,Hyderabad,Suite,3,Gold,0.0
BKG300651,CUST100530,HTL200297,2026-04-28,2026-05-23,2026-05-27,54149.7,6173.07,2707.49,57615.28,Mobile App,Completed,Paid,Agra,Deluxe,4,Silver,0.0
BKG300652,CUST100952,HTL200429,2026-01-06,2026-02-07,2026-02-11,67343.57,6464.98,13468.71,60339.84,Mobile App,Confirmed,Paid,Manali,Deluxe,5,Blue,0.0
BKG300653,CUST100786,HTL200536,2026-03-16,2026-03-17,2026-03-19,32757.19,3341.23,4913.58,31184.84,Mobile App,Confirmed,Paid,Kolkata,Executive,1,Blue,0.0
BKG300654,CUST100474,HTL200578,2026-05-12,2026-06-16,2026-06-21,43904.98,5268.6,0.0,49173.58,Mobile App,Confirmed,Paid,Varanasi,Family Room,5,Blue,0.0
BKG300655,CUST100041,HTL200674,2026-04-03,2026-04-22,2026-04-27,25507.7,2907.88,1275.38,27140.2,Website,Confirmed,Paid,Chennai,Executive,3,Blue,0.0
BKG300656,CUST100603,HTL200499,2026-01-10,2026-01-22,2026-01-28,84339.42,9108.66,8433.94,85014.14,Mobile App,Pending,Paid,Udaipur,Suite,2,Platinum,0.0
BKG300657,CUST100047,HTL200623,2026-02-20,2026-04-01,2026-04-06,40442.09,4125.09,6066.31,38500.87,Mobile App,Cancelled,Paid,Mumbai,Family Room,2,Silver,17325.39
BKG300658,CUST100727,HTL200840,2026-04-03,2026-05-13,2026-05-14,17056.24,1739.74,2558.44,16237.54,Mobile App,Confirmed,Paid,Varanasi,Suite,4,Silver,0.0
BKG300659,CUST100220,HTL200205,2026-02-07,2026-03-22,2026-03-29,92547.57,9995.14,9254.76,93287.95,Mobile App,CoNfIrMeD,Paid,Agra,Family Room,3,Blue,0.0
BKG300660,CUST100939,HTL200917,2026-05-09,2026-05-29,2026-06-04,46580.08,5589.61,0.0,52169.69,Mobile App,Completed,Paid,Hyderabad,Standard,4,Gold,0.0
BKG300661,CUST100342,HTL200879,2026-05-16,2026-06-18,2026-06-23,38646.38,4405.69,1932.32,41119.75,Website,Completed,Paid,Bengaluru,Family Room,4,Blue,0.0
BKG300662,CUST100154,HTL200136,2026-04-12,2026-05-11,2026-05-12,4891.99,498.98,733.8,4657.17,Mobile App,Cancelled,Refund Pending,Kolkata,Standard,1,Silver,0.0
BKG300663,CUST100937,HTL200407,2026-03-22,2026-04-07,2026-04-09,20905.74,2257.82,2090.57,21072.99,Mobile App,Completed,Paid,Ahmedabad,Suite,4,Blue,0.0
BKG300664,CUST100840,HTL200278,2026-03-24,2026-04-07,2026-04-13,9493.81,968.37,1424.07,9038.11,Website,Completed,Paid,Hyderabad,Executive,3,Silver,0.0
BKG300665,CUST101079,HTL200444,2026-05-23,2026-05-30,2026-06-06,94403.47,10195.57,9440.35,95158.69,MOBILE APP,Completed,Paid,Goa,Suite,1,Silver,0.0
BKG300666,CUST100386,HTL200676,2026-01-31,2026-02-06,2026-02-13,35606.72,4272.81,0.0,39879.53,Mobile App,Completed,Paid,KOLKATA,Executive,2,Blue,0.0
BKG300667,CUST100893,HTL200940,2026-01-21,2026-02-11,2026-02-14,22545.62,2164.38,4509.12,20200.88,Website,Confirmed,Paid,Goa,Standard,1,Platinum,0.0
BKG300668,CUST100037,HTL200270,2026-05-11,2026-06-16,2026-06-21,58334.66,5950.14,8750.2,55534.6,Website,Completed,Paid,Jaipur,Executive,3,Silver,0.0
BKG300669,CUST100850,HTL200440,2026-05-06,2026-05-28,2026-06-03,53356.51,6402.78,0.0,59759.29,Website,Confirmed,Paid,Chennai,Suite,5,Blue,0.0
BKG300670,CUST100728,HTL200227,2026-02-04,2026-03-16,2026-03-23,140158.49,16819.02,0.0,156977.51,Mobile App,Completed,Paid,Pune,Suite,1,Silver,0.0
BKG300671,CUST100230,HTL200126,2026-05-24,2026-06-12,2026-06-16,32809.37,3543.41,3280.94,33071.84,Call Center,Completed,Paid,Hyderabad,Suite,5,Gold,0.0
BKG300672,CUST100451,HTL200269,2026-02-14,2026-03-11,2026-03-17,10609.8,1145.86,1060.98,10694.68,Website,Cancelled,ReFuNd pEnDiNg,Manali,Family Room,1,Platinum,4812.61
BKG300673,CUST100256,HTL200819,2026-02-28,2026-03-03,2026-03-07,12319.5,1404.42,615.98,13107.94,MoBiLe aPp,Confirmed,Paid,Mumbai,Suite,1,Blue,0.0
BKG300674,CUST100433,HTL200759,2026-01-12,2026-02-17,2026-02-22,29114.88,3493.79,0.0,32608.67,Website,Completed,Paid,Jaipur,Family Room,4,Silver,0.0
BKG300674,CUST100208,HTL200851,2026-05-20,2026-06-23,2026-06-24,14505.16,1653.59,725.26,15433.49,Mobile App,Confirmed,Paid,Hyderabad,Deluxe,5,Silver,0.0
BKG300676,CUST100136,HTL200486,2026-02-02,2026-02-13,2026-02-17,6489.46,739.8,324.47,6904.79,Mobile App,Completed,paid,Bengaluru,Standard,5,Blue,0.0
BKG300677,CUST100564,HTL200547,2026-01-21,2026-03-04,2026-03-10,64374.08,7338.65,3218.7,68494.03,Mobile App,Cancelled,Refunded,Shimla,Deluxe,1,Gold,30822.31
BKG300678,CUST100855,HTL200154,2026-03-01,2026-03-28,2026-04-03,23377.89,2524.81,2337.79,23564.91,Mobile App,Cancelled,Refunded,Manali,Deluxe,3,Blue,0.0
BKG300679,CUST100720,HTL200656,2026-02-21,2026-04-04,2026-04-11,81386.86,8301.46,12208.03,77480.29,Mobile App,Check-in Denied,Paid,Agra,Family Room,3,Blue,0.0
BKG300680,CUST100844,HTL200985,2026-05-03,2026-05-05,2026-05-09,75091.29,8109.86,7509.13,75692.02,Mobile App,Pending,Paid,Goa,Family Room,5,Gold,0.0
BKG300681,CUST100035,HTL200936,2026-04-16,2026-04-22,2026-04-24,20277.79,2190.0,2027.78,20440.01,Mobile App,Cancelled,Refund Pending,Jaipur,Standard,4,Silver,9198.0
BKG300682,CUST100026,HTL200771,2026-04-10,2026-04-12,2026-04-19,60268.37,6508.98,6026.84,60750.51,Mobile App,Confirmed,Paid,Kochi,Standard,4,Blue,0.0
BKG300683,CUST100017,HTL200898,2026-03-12,2026-04-23,2026-04-25,14048.12,1517.2,1404.81,14160.51,Mobile App,Confirmed,Paid,Kochi,Standard,3,Gold,0.0
BKG300684,CUST100629,HTL200018,2026-05-15,2026-06-01,2026-06-03,2432.2,277.27,121.61,2587.86,website,Completed,Paid,Hyderabad,Suite,4,Silver,0.0
BKG300685,CUST101160,HTL200424,2026-03-03,2026-04-12,2026-04-16,33439.23,3812.07,1671.96,35579.34,Mobile App,Pending,Paid,Kochi,Suite,1,Silver,0.0
BKG300686,CUST100578,HTL200935,2026-03-29,2026-04-12,2026-04-16,55090.05,6280.27,2754.5,58615.82,Website,Completed,Paid,Pune,Standard,1,Silver,0.0
BKG300687,CUST100902,HTL200057,2026-01-24,2026-02-03,2026-02-09,46133.89,4705.66,6920.08,43919.47,Mobile App,Confirmed,Paid,Goa,Family Room,5,Silver,0.0
BKG300688,CUST100974,HTL200422,2026-02-09,2026-03-14,2026-03-19,10071.75,1027.32,1510.76,9588.31,Website,Check-in Denied,Paid,Shimla,Deluxe,2,Silver,4794.16
BKG300689,CUST101053,HTL200774,2026-03-17,2026-04-28,2026-05-03,35374.96,3820.49,3537.5,35657.95,Website,Completed,Partially Paid,Bengaluru,Standard,3,Gold,0.0
BKG300690,CUST101096,HTL200547,2026-05-16,2026-05-28,2026-05-29,10978.91,1119.85,1646.84,10451.92,WEBSITE,Cancelled,Refund Pending,Shimla,Standard,3,Silver,10451.92
BKG300691,CUST100122,HTL200722,2026-01-09,2026-02-10,2026-02-14,16266.35,1659.17,2439.95,15485.57,Mobile App,Cancelled,Refund Pending,Ahmedabad,Deluxe,2,Blue,15485.57
BKG300692,CUST100956,HTL200843,2026-01-03,2026-01-27,2026-02-03,68848.3,6609.44,13769.66,61688.08,Mobile App,Cancelled,Refunded,Shimla,Executive,4,Blue,0.0
BKG300693,CUST101000,HTL200659,2026-01-21,2026-02-04,2026-02-11,88440.54,10612.86,0.0,99053.4,Mobile App,Cancelled,Paid,Mumbai,Standard,1,Blue,99053.4
BKG300694,CUST100986,HTL200101,2026-04-05,2026-04-10,2026-04-15,22475.22,2427.32,2247.52,22655.02,Mobile App,Cancelled,Paid,Shimla,Standard,1,Blue,0.0
BKG300695,CUST100337,HTL200075,2026-01-16,2026-01-21,2026-01-26,38815.22,4192.04,3881.52,39125.74,Mobile App,Completed,Paid,Ahmedabad,Suite,3,Blue,0.0
BKG300696,CUST100990,HTL200924,2026-04-17,2026-05-19,2026-05-21,30013.4,3241.45,3001.34,30253.51,Partner Desk,Completed,Paid,Udaipur,Deluxe,3,Blue,0.0
BKG300697,CUST100272,HTL200989,2026-04-03,2026-05-06,2026-05-08,3965.12,475.81,0.0,4440.93,Mobile App,Completed,PaId,Kochi,Standard,4,Silver,0.0
BKG300698,CUST100901,HTL200979,2026-05-13,2026-05-17,2026-05-24,15930.85,1720.53,1593.09,16058.29,Mobile App,Cancelled,Paid,Chennai,Standard,4,Silver,0.0
BKG300699,CUST100038,HTL200579,2026-05-19,2026-06-18,2026-06-25,70297.68,8013.94,3514.88,74796.74,Website,confirmed,Paid,ChEnNaI,Executive,3,Gold,0.0
BKG300700,CUST100681,HTL200065,2026-03-20,2026-04-30,2026-05-02,32797.42,3345.34,4919.61,31223.15,Mobile App,Confirmed,Partially Paid,Pune,Deluxe,4,Silver,0.0
BKG300701,CUST100425,HTL200814,2026-03-11,2026-03-28,2026-03-31,33287.63,3395.34,4993.15,31689.82,MOBILE APP,Confirmed,Paid,Kolkata,Standard,2,Blue,0.0
BKG300702,CUST100314,HTL200733,2026-02-17,2026-02-20,2026-02-25,98515.52,11821.86,0.0,110337.38,Mobile App,Completed,PaId,SHIMLA,Executive,1,Silver,0.0
BKG300703,CUST100613,HTL200150,2026-01-15,2026-01-28,2026-01-30,7502.12,900.25,0.0,8402.37,Mobile App,  Confirmed  ,PAID,Varanasi,Standard,3,Silver,0.0
BKG300704,CUST100754,HTL200901,2026-02-03,2026-03-19,2026-03-21,12318.17,1330.36,1231.82,12416.71,Mobile App,Cancelled,Refund Pending,Kolkata,Family Room,2,Blue,8691.7
BKG300705,CUST100156,HTL200785,2026-03-01,2026-04-06,2026-04-10,61008.8,6588.95,6100.88,61496.87,Mobile App,Confirmed,Paid,Manali,Executive,2,Blue,0.0
BKG300706,CUST100871,HTL200436,2026-01-02,2026-01-20,2026-01-27,79352.79,8570.1,7935.28,79987.61,Mobile App,Confirmed,Paid,Chennai,Family Room,5,Gold,0.0
BKG300707,CUST100776,HTL200789,2026-03-21,2026-04-13,2026-04-19,106961.21,11551.81,10696.12,107816.9,Call Center,Confirmed,Payment Failed,Shimla,Standard,3,Blue,0.0
BKG300708,CUST100256,HTL200996,2026-01-19,2026-02-23,2026-02-25,30510.06,3112.03,4576.51,29045.58,Call Center,completed,Payment Failed,Kochi,Executive,5,Silver,0.0
BKG300709,CUST100854,HTL200067,2026-02-18,2026-03-23,2026-03-27,68091.26,8170.95,0.0,76262.21,Mobile App,confirmed,Paid,Bengaluru,Deluxe,2,Gold,0.0
BKG300710,CUST100634,HTL200234,2026-03-19,2026-04-24,2026-04-25,9291.61,1003.49,929.16,9365.94,Website,Completed,Paid,KOLKATA,Suite,3,Gold,0.0
BKG300711,CUST100455,HTL200714,2026-01-28,2026-02-14,2026-02-16,22676.69,2313.02,3401.5,21588.21,Mobile App,Check-in Denied,Paid,Pune,Standard,5,Blue,21588.21
BKG300712,CUST100046,HTL200744,2026-02-17,2026-03-28,2026-04-03,104485.35,10657.51,15672.8,99470.06,Mobile App,Cancelled,Paid,Mumbai,Executive,1,Gold,0.0
BKG300713,CUST100009,HTL200674,2026-04-06,2026-05-10,2026-05-14,20831.65,2374.81,1041.58,22164.88,Website,Cancelled,Paid,Chennai,Family Room,3,Blue,15515.42
BKG300714,CUST100143,HTL200970,2026-04-19,2026-05-01,2026-05-07,79870.64,9584.48,0.0,89455.12,Mobile App,Completed,Paid,Kolkata,Executive,5,Platinum,0.0
BKG300715,CUST101175,HTL200097,2026-03-14,2026-03-19,2026-03-21,37313.0,4477.56,0.0,41790.56,Website,No Show,Paid,Kochi,Deluxe,4,Blue,41790.56
BKG300716,CUST100486,HTL200008,2026-04-10,2026-05-20,2026-05-21,15495.31,1487.55,3099.06,13883.8,Website,Cancelled,Refunded,Shimla,Executive,3,Blue,0.0
BKG300717,CUST101159,HTL200926,2026-01-29,2026-02-25,2026-02-27,20136.81,2295.6,1006.84,21425.57,Website,Check-in Denied,Refund Pending,Goa,Family Room,4,Blue,6427.67
BKG300718,CUST101049,HTL200503,2026-02-27,2026-04-08,2026-04-12,60917.43,6944.59,3045.87,64816.15,Mobile App,Confirmed,Paid,Kolkata,Standard,3,Blue,0.0
BKG300719,CUST101030,HTL200760,2026-02-17,2026-03-02,2026-03-03,6414.88,769.79,0.0,7184.67,Website,Confirmed,Paid,Pune,Family Room,5,Blue,0.0
BKG300720,CUST100590,HTL200489,2026-01-23,2026-02-18,2026-02-19,8098.25,971.79,0.0,9070.04,Call Center,Confirmed,Paid,Shimla,Family Room,5,Silver,0.0
BKG300721,CUST101038,HTL200991,2026-01-27,2026-02-10,2026-02-11,4839.16,522.63,483.92,4877.87,  Mobile App  ,Check-in Denied,Paid,Chennai,Family Room,3,Silver,2438.94
BKG300722,CUST100898,HTL200426,2026-01-07,2026-02-08,2026-02-11,53897.76,5820.96,5389.78,54328.94,Mobile App,Completed,Paid,jaipur,Suite,2,Silver,0.0
BKG300723,CUST100206,HTL200226,2026-02-18,2026-03-01,2026-03-05,29393.17,3174.46,2939.32,29628.31,Call Center,Completed,Paid,Bengaluru,Standard,5,Platinum,0.0
BKG300724,CUST100909,HTL200752,2026-04-19,2026-05-27,2026-05-30,19492.08,2339.05,0.0,21831.13,MoBiLe aPp,Completed,Paid,Kolkata,Suite,3,Blue,0.0
BKG300725,CUST100258,HTL200586,2026-03-09,2026-03-25,2026-03-31,52555.73,5991.35,2627.79,55919.29,Mobile App,Cancelled,refunded,Mumbai,Executive,3,Blue,25163.68
BKG300726,CUST100453,HTL200016,2026-03-14,2026-04-05,2026-04-06,9042.98,922.38,1356.45,8608.91,Mobile App,check-in denied,Refunded,PUNE,Standard,1,Silver,4304.46
BKG300727,CUST100798,HTL200562,2026-04-11,2026-04-27,2026-04-30,54239.34,6508.72,0.0,60748.06,Mobile App,Cancelled,Refunded,Delhi,Standard,4,Blue,27336.63
BKG300728,CUST100374,HTL200227,2026-01-08,2026-01-21,2026-01-23,39236.67,4002.14,5885.5,37353.31,Mobile App,Cancelled,Refunded,Pune,Executive,1,Blue,16808.99
BKG300729,CUST100463,HTL200705,2026-02-22,2026-03-06,2026-03-09,8379.93,1005.59,0.0,9385.52,MoBiLe aPp,Confirmed,Paid,Jaipur,Executive,4,Gold,0.0
BKG300730,CUST100074,HTL200791,2026-05-22,2026-06-09,2026-06-14,95165.13,11419.82,0.0,106584.95,Mobile App,Completed,Paid,Goa,Family Room,4,Blue,0.0
BKG300731,CUST100241,HTL200237,2026-05-15,2026-06-13,2026-06-19,60447.62,6891.03,3022.38,64316.27,Mobile App,No Show,Paid,Pune,Standard,1,Gold,0.0
BKG300732,CUST101040,HTL200380,2026-05-17,2026-06-04,2026-06-05,12379.37,1188.42,2475.87,11091.92,Mobile App,Cancelled,Refunded,Agra,Deluxe,2,Blue,0.0
BKG300733,CUST100122,HTL200782,2026-01-03,2026-01-05,2026-01-06,11869.45,1353.12,593.47,12629.1,Mobile App,Cancelled,refund pending,Goa,Family Room,3,Platinum,5683.1
BKG300734,CUST100110,HTL200923,2026-03-19,2026-03-21,2026-03-28,37474.46,4047.24,3747.45,37774.25,Website,Confirmed,Paid,Varanasi,Standard,5,Blue,0.0
BKG300735,CUST100233,HTL200386,2026-05-25,2026-05-28,2026-06-03,65860.93,7112.98,6586.09,66387.82,Call Center,Confirmed,Paid,Udaipur,Executive,3,Gold,0.0
BKG300736,CUST100967,HTL200668,2026-03-27,2026-04-25,2026-05-01,21632.49,2595.9,0.0,24228.39,Mobile App,Confirmed,Partially Paid,Agra,Executive,1,Gold,0.0
BKG300737,CUST100496,HTL200253,2026-02-15,2026-02-23,2026-02-27,53290.34,6394.84,0.0,59685.18,Mobile App,Completed,Paid,  Delhi  ,Deluxe,2,Blue,0.0
BKG300738,CUST101063,HTL200307,2026-03-31,2026-04-11,2026-04-13,19404.19,1862.8,3880.84,17386.15,Mobile App,Completed,Paid,Udaipur,Standard,5,Blue,0.0
BKG300739,CUST101145,HTL200821,2026-05-22,2026-06-03,2026-06-10,62965.41,7555.85,0.0,70521.26,Mobile App,Check-in Denied,Paid,Mumbai,Suite,5,Silver,35260.63
BKG300740,,HTL200313,2026-01-09,2026-02-10,2026-02-16,64839.78,7002.7,6483.98,65358.5,Website,Cancelled,Refund Pending,Bengaluru,Family Room,2,Silver,29411.32
BKG300741,CUST100091,HTL200300,2026-04-25,2026-04-29,2026-05-06,102925.77,9880.87,20585.15,92221.49,Mobile App,Confirmed,Paid,Varanasi,Standard,5,Silver,0.0
BKG300742,CUST101146,HTL200117,2026-05-10,2026-05-19,2026-05-25,32712.69,3925.52,0.0,36638.21,Mobile App,Confirmed,Paid,Agra,Suite,5,Silver,0.0
BKG300743,CUST100336,HTL200844,2026-03-16,2026-04-09,2026-04-16,16946.15,1931.86,847.31,18030.7,  Mobile App  ,  Cancelled  ,Refunded,Hyderabad,Executive,2,Platinum,12621.49
BKG300744,CUST100512,HTL200049,2026-03-22,2026-04-07,2026-04-11,64121.26,7694.55,0.0,71815.81,Mobile App,Completed,Paid,Varanasi,Executive,1,Silver,0.0
BKG300745,CUST100602,HTL200789,2026-05-08,2026-05-25,2026-05-31,108929.39,13071.53,0.0,122000.92,Mobile App,Completed,Paid,Shimla,Suite,1,Blue,0.0
BKG300746,CUST100427,HTL200563,2026-02-03,2026-02-25,2026-02-28,42285.81,5074.3,0.0,47360.11,Website,Completed,Paid,Bengaluru,Suite,5,Gold,0.0
BKG300747,CUST100006,HTL200180,2026-05-27,2026-06-03,2026-06-08,29362.66,3171.17,2936.27,29597.56,Call Center,Confirmed,Paid,Udaipur,Deluxe,1,Blue,0.0
BKG300748,CUST100119,HTL200542,2026-02-08,2026-02-18,2026-02-23,54294.02,5863.75,5429.4,54728.37,Mobile App,Confirmed,Paid,Udaipur,Standard,1,Silver,0.0
BKG300749,CUST100386,HTL200326,2026-01-13,2026-02-11,2026-02-16,66063.65,7134.87,6606.36,66592.16,Mobile App,Completed,Paid,Agra,Executive,5,Blue,0.0
BKG300750,CUST100640,HTL200502,2026-05-13,2026-06-18,2026-06-24,88930.67,8537.34,17786.13,79681.88,Mobile App,Completed,Paid,Manali,Family Room,5,Gold,0.0
BKG300751,CUST101121,HTL200495,2026-02-19,2026-03-15,2026-03-22,11553.22,1386.39,0.0,12939.61,Mobile App,  Completed  ,PAID,Goa,Executive,1,Silver,0.0
BKG300752,CUST101066,HTL200943,2026-01-23,2026-02-06,2026-02-11,29016.22,3307.85,1450.81,30873.26,Mobile App,Completed,Paid,Manali,Standard,4,Silver,0.0
BKG300753,CUST100182,HTL200245,2026-05-02,2026-05-16,2026-05-18,16184.94,1845.08,809.25,17220.77,Website,Pending,Paid,Shimla,Suite,2,Silver,0.0
BKG300754,CUST100696,HTL200601,2026-04-30,2026-05-25,2026-05-28,48557.87,5826.94,0.0,54384.81,Mobile App,Cancelled,Refunded,Kochi,Deluxe,1,Gold,24473.16
BKG300755,CUST100564,HTL200542,2026-03-29,2026-04-20,2026-04-25,42308.72,5077.05,0.0,47385.77,Mobile App,Completed,Paid,Udaipur,Executive,1,Platinum,0.0
BKG300756,CUST100445,HTL200101,2026-04-22,2026-05-15,2026-05-16,4341.0,494.87,217.05,4618.82,Mobile App,Completed,Paid,Shimla,Deluxe,4,Gold,0.0
BKG300757,CUST100199,HTL200229,2026-04-21,2026-05-23,2026-05-29,84381.06,8606.87,12657.16,80330.77,Mobile App,Completed,Paid,Varanasi,Suite,3,Gold,0.0
BKG300758,CUST100947,HTL200387,2026-03-13,2026-04-08,2026-04-11,13778.38,1322.72,2755.68,12345.42,  Website  ,CONFIRMED,Paid,Chennai,Standard,3,Blue,0.0
BKG300759,CUST100512,HTL200930,2026-02-26,2026-03-25,2026-03-27,28079.45,3369.53,0.0,31448.98,Mobile App,Pending,PaId,Jaipur,Executive,2,Blue,0.0
BKG300760,CUST100989,HTL200608,2026-01-01,2026-01-13,2026-01-18,16616.54,1694.89,2492.48,15818.95,  Website  ,Completed,Paid,goa,Standard,5,Blue,0.0
BKG300761,CUST100212,HTL200578,2026-04-23,2026-05-12,2026-05-14,20540.64,2095.14,3081.1,19554.68,Mobile App,No Show,Paid,Varanasi,Family Room,1,Silver,9777.34
BKG300762,CUST100545,HTL200703,2026-03-03,2026-03-22,2026-03-28,74411.48,8482.91,3720.57,79173.82,Mobile App,Pending,Payment Failed,pune,Standard,4,Silver,0.0
BKG300763,CUST100485,HTL200210,2026-02-16,2026-03-22,2026-03-27,56336.87,6760.42,0.0,63097.29,Mobile App,Completed,Paid,Shimla,Suite,5,Blue,0.0
BKG300764,CUST100167,HTL200648,2026-03-19,2026-04-20,2026-04-21,5679.92,545.27,1135.98,5089.21,Mobile App,Confirmed,Paid,Jaipur,Suite,5,Blue,0.0
BKG300765,CUST100889,HTL200429,2026-04-16,2026-05-15,2026-05-18,53742.61,5804.2,5374.26,54172.55,Website,Completed,paid,Manali,Family Room,3,Platinum,0.0
BKG300766,CUST100930,HTL200338,2026-05-06,2026-05-27,2026-06-03,61321.52,5886.87,12264.3,54944.09,Mobile App,Completed,Paid,Mumbai,Standard,1,Silver,0.0
BKG300767,CUST100827,HTL200183,2026-01-05,2026-02-09,2026-02-10,4152.38,473.37,207.62,4418.13,Mobile App,Cancelled,Refund Pending,Kochi,Suite,2,Blue,4418.13
BKG300768,CUST100136,HTL200055,2026-01-31,2026-03-14,2026-03-19,47254.64,5387.03,2362.73,50278.94,Mobile App,Confirmed,PaRtIaLlY PaId,Udaipur,Suite,4,Blue,0.0
BKG300769,CUST100114,HTL200978,2026-02-06,2026-02-11,2026-02-15,52633.34,6316.0,0.0,58949.34,Mobile App,Completed,Paid,Ahmedabad,Suite,1,Blue,0.0
BKG300770,CUST101072,HTL200761,2026-03-20,2026-04-01,2026-04-04,36358.11,3490.38,7271.62,32576.87,Website,Check-in Denied,Paid,KOLKATA,Suite,5,Gold,32576.87
BKG300771,CUST100515,HTL200281,2026-05-23,2026-05-30,2026-06-01,16666.66,2000.0,0.0,18666.66,Call Center,Pending,Partially Paid,Kolkata,Deluxe,5,Blue,0.0
BKG300772,CUST100687,HTL200571,2026-02-21,2026-04-03,2026-04-08,59674.21,7160.91,0.0,66835.12,Mobile App,Confirmed,Paid,Pune,Executive,2,Gold,0.0
BKG300773,CUST101019,HTL200127,2026-05-19,2026-05-21,2026-05-22,3281.21,374.06,164.06,3491.21,Partner Desk,No Show,Refund Pending,Ahmedabad,Deluxe,3,Blue,3491.21
BKG300774,CUST101049,HTL200716,2026-02-12,2026-03-09,2026-03-15,49294.7,5619.6,2464.73,52449.57,Website,  Confirmed  ,Paid,Pune,Suite,2,Gold,0.0
BKG300775,CUST101093,HTL200725,2026-02-09,2026-02-19,2026-02-26,86463.4,10375.61,0.0,96839.01,Mobile App,Cancelled,Refunded,Varanasi,Standard,2,Gold,0.0
BKG300776,CUST100292,HTL200638,2026-03-04,2026-04-11,2026-04-15,18998.38,2051.82,1899.84,19150.36,Mobile App,Confirmed,  Paid  ,Hyderabad,Deluxe,1,Silver,0.0
BKG300777,CUST100230,HTL200507,2026-05-10,2026-06-23,2026-06-30,12892.52,1469.75,644.63,13717.64,Mobile App,Check-in Denied,Paid,Manali,Family Room,3,Gold,0.0
BKG300778,CUST100937,HTL200583,2026-03-28,2026-04-03,2026-04-09,40600.85,4628.5,2030.04,43199.31,Mobile App,Cancelled,Paid,Bengaluru,Executive,5,Gold,19439.69
BKG300779,CUST101144,HTL200215,2026-03-14,2026-04-10,2026-04-15,47165.58,5659.87,0.0,52825.45,Mobile App,Completed,Paid,Kochi,Standard,3,Blue,0.0
BKG300780,CUST100517,HTL200089,2026-04-14,2026-05-19,2026-05-21,33450.57,3612.66,3345.06,33718.17,Mobile App,Confirmed,Paid,Chennai,Deluxe,1,Platinum,0.0
BKG300781,CUST101047,HTL200943,2026-01-16,2026-01-26,2026-01-27,4917.81,590.14,0.0,5507.95,Mobile App,Confirmed,Paid,  Manali  ,Executive,1,Blue,0.0
BKG300782,CUST100705,HTL200313,2026-02-28,2026-03-09,2026-03-12,28134.13,3376.1,0.0,31510.23,Website,Cancelled,Refunded,Bengaluru,Deluxe,2,Silver,0.0
BKG300783,CUST100376,HTL200232,2026-02-16,2026-03-08,2026-03-12,23384.66,2525.54,2338.47,23571.73,Mobile App,No Show,Paid,mumbai,Family Room,1,Blue,23571.73
BKG300784,CUST100436,HTL200744,2026-04-26,2026-06-02,2026-06-07,71909.35,8197.67,3595.47,76511.55,Website,Cancelled,Refunded,Mumbai,Suite,3,Blue,53558.08
BKG300785,CUST100852,HTL200574,2026-04-19,2026-05-24,2026-05-29,22764.94,2731.79,0.0,25496.73,  Partner Desk  ,Cancelled,Refunded,Pune,Family Room,2,Gold,17847.71
BKG300786,CUST100969,HTL200887,2026-01-09,2026-02-15,2026-02-20,36517.73,3943.92,3651.77,36809.88,Website,Cancelled,Refunded,Hyderabad,Suite,2,Blue,36809.88
BKG300787,CUST100498,HTL200246,2026-03-06,2026-04-15,2026-04-20,28705.33,3444.64,0.0,32149.97,MoBiLe aPp,Pending,Paid,ahmedabad,Executive,2,Silver,0.0
BKG300788,CUST101197,HTL200441,2026-02-28,2026-03-08,2026-03-09,8075.81,969.1,0.0,9044.91,Mobile App,Cancelled,Paid,Ahmedabad,Deluxe,3,Blue,4070.21
BKG300789,CUST100599,HTL200898,2026-04-12,2026-05-13,2026-05-16,21123.46,2281.33,2112.35,21292.44,Mobile App,Confirmed,Paid,Kochi,Deluxe,2,Gold,0.0
BKG300790,CUST100777,HTL200134,2026-05-16,2026-06-28,2026-06-30,37862.71,4089.17,3786.27,38165.61,Call Center,Cancelled,Refunded,Varanasi,Family Room,4,Blue,0.0
BKG300791,CUST100069,HTL200947,2026-05-03,2026-05-19,2026-05-23,54716.34,5909.36,5471.63,55154.07,Website,Confirmed,Paid,Pune,Standard,4,Blue,0.0
BKG300792,CUST100204,HTL200881,2026-05-26,2026-06-23,2026-06-30,130978.42,14931.54,6548.92,139361.04,Mobile App,Pending,Paid,Jaipur,Executive,3,Blue,0.0
BKG300793,CUST100340,HTL200957,2026-04-01,2026-04-07,2026-04-12,82188.77,9369.52,4109.44,87448.85,Mobile App,Completed,Paid,Delhi,Suite,5,Gold,0.0
BKG300794,CUST101055,HTL200001,2026-04-06,2026-05-08,2026-05-14,28432.08,2900.07,4264.81,27067.34,Website,Confirmed,Partially Paid,Kochi,Executive,5,Blue,0.0
BKG300795,CUST101066,HTL200160,2026-02-27,2026-03-27,2026-04-01,43076.87,5169.22,0.0,48246.09,Website,Confirmed,Paid,Delhi,Family Room,2,Silver,0.0
BKG300796,CUST100117,HTL200139,2026-02-01,2026-02-12,2026-02-15,23063.58,2767.63,0.0,25831.21,Call Center,Completed,Paid,Delhi,Deluxe,3,Gold,0.0
BKG300797,CUST100888,HTL200303,2026-02-17,2026-03-31,2026-04-03,39047.56,4217.14,3904.76,39359.94,Mobile App,Confirmed,Paid,Agra,Suite,2,Blue,0.0
BKG300798,CUST100014,HTL200459,2026-02-14,2026-03-09,2026-03-10,11869.57,1353.13,593.48,12629.22,mobile app,Check-in Denied,Paid,Chennai,Suite,2,Platinum,3788.77
BKG300799,CUST100910,HTL200820,2026-04-10,2026-05-10,2026-05-11,5628.0,607.82,562.8,5673.02,Mobile App,Confirmed,Paid,Bengaluru,Suite,4,Blue,0.0
BKG300800,CUST100626,HTL200713,2026-04-10,2026-04-19,2026-04-25,108941.36,13072.96,0.0,122014.32,  Call Center  ,CoNfIrMeD,Partially Paid,DELHI,Suite,1,Gold,0.0
BKG300801,CUST100689,HTL200124,2026-02-15,2026-03-15,2026-03-21,25191.03,2871.78,1259.55,26803.26,Website,  Confirmed  ,Partially Paid,Manali,Executive,3,Gold,0.0
BKG300802,CUST100773,HTL200936,2026-05-24,2026-06-17,2026-06-18,12814.7,1307.1,1922.21,12199.59,Mobile App,Confirmed,Partially Paid,Jaipur,Executive,1,Blue,0.0
BKG300803,CUST100912,HTL200884,2026-05-06,2026-06-03,2026-06-07,35990.97,4102.97,1799.55,38294.39,Website,Completed,Paid,Chennai,Family Room,4,Silver,0.0
BKG300804,CUST100119,HTL200346,2026-02-15,2026-03-11,2026-03-17,91233.68,9853.24,9123.37,91963.55,Website,Completed,Paid,Chennai,Deluxe,1,Silver,0.0
BKG300805,CUST100025,HTL200593,2026-05-01,2026-05-16,2026-05-17,3177.42,381.29,0.0,3558.71,Mobile App,Confirmed,Paid,Shimla,Deluxe,4,Blue,0.0
BKG300806,CUST100063,HTL200953,2026-03-29,2026-05-07,2026-05-12,16122.15,1934.66,0.0,18056.81,Mobile App,Confirmed,Paid,Udaipur,Executive,5,Blue,0.0
BKG300807,CUST100459,HTL200323,2026-03-02,2026-04-04,2026-04-05,3813.56,457.63,0.0,4271.19,Website,Confirmed,Paid,Kochi,Family Room,4,Gold,0.0
BKG300808,CUST100313,HTL200999,2026-02-15,2026-03-21,2026-03-28,22711.15,2589.07,1135.56,24164.66,Website,CaNcElLeD,Refunded,DELHI,Standard,3,Blue,0.0
BKG300809,CUST100804,HTL200406,2026-03-22,2026-04-13,2026-04-17,52122.24,5003.74,10424.45,46701.53,Mobile App,Completed,Paid,Pune,Suite,5,Gold,0.0
BKG300810,CUST100985,HTL200468,2026-02-14,2026-03-15,2026-03-16,10060.28,1026.15,1509.04,9577.39,Website,Confirmed,Paid,Kochi,Deluxe,2,Blue,0.0
BKG300811,CUST100735,HTL200163,2026-04-28,2026-06-01,2026-06-02,14853.39,1604.17,1485.34,14972.22,Mobile App,Confirmed,Paid,Varanasi,Suite,3,Silver,0.0
BKG300812,CUST100888,HTL200861,2026-02-16,2026-03-30,2026-04-04,88469.54,9023.89,13270.43,84223.0,Call Center,Completed,PaId,Mumbai,Deluxe,3,Blue,0.0
BKG300813,CUST100981,HTL200239,2026-01-23,2026-02-02,2026-02-08,10875.25,1174.53,1087.53,10962.25,Call Center,Confirmed,Paid,Delhi,Standard,3,Platinum,0.0
BKG300814,CUST100578,HTL200212,2026-03-02,2026-04-01,2026-04-06,29086.19,3315.83,1454.31,30947.71,Mobile App,Completed,Paid,Manali,Deluxe,1,Silver,0.0
BKG300815,CUST101149,HTL200982,2026-01-13,2026-01-24,2026-01-31,61003.86,7320.46,0.0,68324.32,Call Center,Pending,Paid,Jaipur,Standard,1,Silver,0.0
BKG300816,CUST100971,HTL200148,2026-01-07,2026-02-10,2026-02-17,86403.93,9331.63,8640.39,87095.17,Mobile App,Confirmed,Payment Failed,Kolkata,Deluxe,2,Blue,0.0
BKG300817,CUST100860,HTL200583,2026-05-21,2026-06-11,2026-06-16,42883.96,5146.07,0.0,48030.03,WeBsItE,Confirmed,Paid,Bengaluru,Executive,1,Silver,0.0
BKG300818,CUST100706,HTL200102,2026-01-28,2026-02-10,2026-02-11,1715.88,195.61,85.79,1825.7,Mobile App,Confirmed,Paid,  Chennai  ,Suite,3,Blue,0.0
BKG300819,CUST101110,HTL200182,2026-04-06,2026-05-01,2026-05-06,44479.2,4536.88,6671.88,42344.2,Mobile App,Completed,Paid,MUMBAI,Family Room,4,Blue,0.0
BKG300820,CUST100394,HTL200504,2026-04-17,2026-05-08,2026-05-11,30684.43,3682.13,0.0,34366.56,Website,confirmed,Partially Paid,kochi,Family Room,2,Blue,0.0
BKG300821,CUST100483,HTL200695,2026-04-08,2026-04-09,2026-04-11,2731.12,327.73,0.0,3058.85,Partner Desk,Completed,Paid,Kochi,Deluxe,2,Platinum,0.0
BKG300822,CUST100665,HTL200524,2026-04-22,2026-04-27,2026-04-29,25233.68,3028.04,0.0,28261.72,Mobile App,ChEcK-In dEnIeD,Refund Pending,Delhi,Family Room,3,Silver,8478.52
BKG300823,CUST100455,HTL200379,2026-01-01,2026-01-23,2026-01-28,74246.64,8018.64,7424.66,74840.62,Mobile App,Confirmed,Paid,Agra,Suite,5,Blue,0.0
BKG300824,CUST100209,HTL200743,2026-02-12,2026-02-19,2026-02-25,108133.7,12976.04,0.0,121109.74,Mobile App,Completed,Paid,Manali,Executive,1,Gold,0.0
BKG300825,CUST100524,HTL200661,2026-02-11,2026-02-24,2026-02-28,61330.92,6991.72,3066.55,65256.09,Website,Cancelled,Refunded,Varanasi,Executive,5,Silver,0.0
BKG300826,CUST100675,HTL200774,2026-04-05,2026-04-28,2026-05-05,53440.31,6092.19,2672.02,56860.48,Mobile App,Confirmed,Paid,Bengaluru,Standard,3,Silver,0.0
BKG300827,CUST101001,HTL200023,2026-05-09,2026-05-30,2026-06-04,82147.2,9364.78,4107.36,87404.62,Mobile App,Confirmed,Paid,Varanasi,Family Room,5,Silver,0.0
BKG300827,CUST100895,HTL200700,2026-02-20,2026-02-26,2026-03-04,27619.3,3314.32,0.0,30933.62,  Website  ,Completed,Paid,Varanasi,Suite,3,Blue,0.0
BKG300829,CUST101003,HTL200132,2026-05-24,2026-06-13,2026-06-18,59400.46,5702.44,11880.09,53222.81,Call Center,Confirmed,Paid,shimla,Family Room,1,Blue,0.0
BKG300830,CUST100306,HTL200049,2026-01-15,2026-01-27,2026-01-28,18586.32,2118.84,929.32,19775.84,Mobile App,Cancelled,Refunded,VaRaNaSi,Suite,1,Gold,0.0
BKG300831,CUST101099,HTL200957,2026-05-05,2026-06-14,2026-06-21,129806.64,14019.12,12980.66,130845.1,Website,Confirmed,Partially Paid,Delhi,Standard,2,Platinum,0.0
BKG300832,CUST101045,HTL200694,2026-03-28,2026-04-06,2026-04-13,132417.5,14301.09,13241.75,133476.84,Website,Completed,Payment Failed,Goa,Family Room,5,Blue,0.0
BKG300833,CUST100059,HTL200025,2026-02-22,2026-03-22,2026-03-28,64148.07,7312.88,3207.4,68253.55,Mobile App,Cancelled,Refund Pending,Kochi,Executive,5,Blue,47777.48
BKG300834,CUST100385,HTL200649,2026-05-25,2026-06-05,2026-06-12,79915.77,9589.89,0.0,89505.66,Website,Confirmed,Paid,Agra,Standard,5,Silver,0.0
BKG300835,CUST100055,HTL200010,2026-03-30,2026-05-01,2026-05-05,21493.46,2450.25,1074.67,22869.04,Website,Confirmed,Paid,Bengaluru,Family Room,5,Blue,0.0
BKG300836,CUST100167,HTL200807,2026-04-16,2026-04-27,2026-05-02,9576.22,1034.23,957.62,9652.83,Mobile App,Confirmed,Paid,Manali,Executive,4,Blue,0.0
BKG300837,CUST100716,HTL200101,2026-01-06,2026-01-30,2026-02-02,14933.4,1702.41,746.67,15889.14,MoBiLe aPp,Cancelled,Paid,Shimla,Executive,2,Blue,15889.14
BKG300838,CUST100864,HTL200010,2026-01-31,2026-02-15,2026-02-21,30555.69,3666.68,0.0,34222.37,Website,Cancelled,Refund Pending,Bengaluru,Suite,2,Blue,34222.37
BKG300839,CUST100481,HTL200111,2026-02-09,2026-03-22,2026-03-24,25380.51,3045.66,0.0,28426.17,Mobile App,Confirmed,  Paid  ,Ahmedabad,Executive,4,Blue,0.0
BKG300840,CUST100339,HTL200605,2026-03-10,2026-04-14,2026-04-20,32822.13,3741.72,1641.11,34922.74,Mobile App,Cancelled,Refunded,Pune,Deluxe,5,Silver,0.0
BKG300841,CUST100795,HTL200771,2026-05-15,2026-06-01,2026-06-04,27137.81,3256.54,0.0,30394.35,Mobile App,Cancelled,Refund Pending,Kochi,Family Room,4,Blue,21276.04
BKG300842,CUST100891,HTL200769,2026-01-13,2026-02-07,2026-02-14,88985.08,9076.48,13347.76,84713.8,Mobile App,Pending,Paid,Varanasi,Family Room,5,Blue,0.0
BKG300843,CUST100775,HTL200972,2026-01-04,2026-02-08,2026-02-11,6429.49,771.54,0.0,7201.03,Mobile App,Completed,Paid,Agra,Suite,4,Blue,0.0
BKG300844,CUST100600,HTL200166,2026-01-03,2026-01-22,2026-01-29,90454.03,10311.76,4522.7,96243.09,Mobile App,No Show,Refunded,Mumbai,Executive,2,Silver,0.0
BKG300845,CUST100436,HTL200720,2026-05-20,2026-06-30,2026-07-03,56365.8,6087.51,5636.58,56816.73,Mobile App,Completed,Paid,Goa,Suite,4,Silver,0.0
BKG300846,CUST101082,HTL200406,2026-03-06,2026-04-06,2026-04-10,49529.29,5051.99,7429.39,47151.89,Mobile App,No Show,Paid,Pune,Deluxe,3,Silver,23575.94
BKG300847,CUST100151,HTL200044,2026-01-27,2026-02-13,2026-02-17,13336.3,1520.34,666.82,14189.82,Mobile App,Confirmed,Paid,Goa,Suite,5,Platinum,0.0
BKG300848,CUST100933,HTL200841,2026-04-17,2026-05-10,2026-05-16,40351.84,4842.22,0.0,45194.06,Website,  Confirmed  ,Paid,Udaipur,Family Room,4,Gold,0.0
BKG300849,CUST100539,HTL200716,2026-02-19,2026-02-20,2026-02-24,32100.31,3852.04,0.0,35952.35,Website,Cancelled,Refunded,Pune,Suite,5,Blue,25166.64
BKG300850,CUST100224,HTL200937,2026-01-17,2026-01-27,2026-01-29,13642.35,1555.23,682.12,14515.46,  Mobile App  ,Cancelled,Refund Pending,kolkata,Family Room,1,Gold,0.0
BKG300851,CUST100562,HTL200358,2026-02-01,2026-02-09,2026-02-16,42769.1,4875.68,2138.45,45506.33,Call Center,Confirmed,Paid,Bengaluru,Standard,5,Blue,0.0
BKG300852,CUST100557,HTL200553,2026-01-17,2026-02-28,2026-03-01,14555.56,1659.33,727.78,15487.11,Website,Completed,Paid,Udaipur,Deluxe,4,Blue,0.0
BKG300853,CUST100617,HTL200284,2026-02-03,2026-03-01,2026-03-07,104292.59,12515.11,0.0,116807.7,Mobile App,Completed,Paid,Shimla,Deluxe,5,Silver,0.0
BKG300854,,HTL200399,2026-02-04,2026-03-10,2026-03-15,19772.11,2016.75,2965.82,18823.04,Mobile App,Confirmed,Paid,jaipur,Family Room,3,Blue,0.0
BKG300855,CUST100367,HTL200450,2026-05-26,2026-06-14,2026-06-19,63877.65,7665.32,0.0,71542.97,Mobile App,Confirmed,Paid,Delhi,Standard,3,Silver,0.0
BKG300856,CUST100998,HTL200611,2026-02-19,2026-03-05,2026-03-11,11157.68,1271.98,557.88,11871.78,Call Center,CONFIRMED,Paid,Delhi,Executive,4,Blue,0.0
BKG300857,CUST100334,HTL200443,2026-04-13,2026-04-21,2026-04-22,11544.85,1108.31,2308.97,10344.19,Mobile App,Completed,Paid,Kolkata,Suite,4,Blue,0.0
BKG300858,CUST100002,HTL200387,2026-02-02,2026-02-03,2026-02-08,27128.22,2929.85,2712.82,27345.25,Website,Confirmed,Paid,Chennai,Executive,5,Blue,0.0
BKG300859,CUST101007,HTL200355,2026-03-30,2026-04-24,2026-04-30,92541.75,10549.76,4627.09,98464.42,Mobile App,Confirmed,Paid,Pune,Standard,2,Silver,0.0
BKG300860,CUST100262,HTL200783,2026-05-09,2026-06-02,2026-06-08,9895.08,1187.41,0.0,11082.49,Partner Desk,Check-in Denied,Paid,Kolkata,Deluxe,3,Blue,5541.24
BKG300861,CUST100120,HTL200424,2026-03-26,2026-04-15,2026-04-18,28373.51,2723.86,5674.7,25422.67,Mobile App,Confirmed,Partially Paid,Kochi,Executive,3,Silver,0.0
BKG300862,CUST100020,HTL200005,2026-02-28,2026-03-30,2026-04-01,3288.57,394.63,0.0,3683.2,Mobile App,Completed,Paid,Varanasi,Standard,1,Gold,0.0
BKG300863,CUST100904,HTL200553,2026-01-10,2026-01-15,2026-01-20,79333.43,8568.01,7933.34,79968.1,Website,No Show,Paid,Udaipur,Deluxe,1,Blue,39984.05
BKG300864,CUST100139,HTL200895,2026-02-26,2026-03-01,2026-03-03,27024.83,2756.53,4053.73,25727.63,Mobile App,Confirmed,Partially Paid,Pune,Executive,2,Blue,0.0
BKG300865,CUST100205,HTL200440,2026-03-07,2026-04-08,2026-04-15,78880.38,9465.65,0.0,88346.03,Mobile App,Confirmed,Paid,Chennai,Deluxe,3,Silver,0.0
BKG300866,CUST100042,HTL200923,2026-04-29,2026-05-16,2026-05-22,33754.19,3645.45,3375.42,34024.22,Mobile App,Completed,Paid,Varanasi,Family Room,4,Silver,0.0
BKG300867,CUST100849,HTL200355,2026-04-22,2026-06-03,2026-06-04,13780.24,1322.9,2756.05,12347.09,Mobile App,Completed,Paid,Pune,Deluxe,3,Silver,0.0
BKG300868,CUST101141,HTL200918,2026-01-15,2026-01-20,2026-01-26,83694.04,9038.96,8369.4,84363.6,Mobile App,  Completed  ,Paid,  Ahmedabad  ,Deluxe,4,Silver,0.0
BKG300869,CUST101028,HTL200764,2026-01-13,2026-01-24,2026-01-29,34273.1,3907.13,1713.65,36466.58,Website,Completed,Paid,UdAiPuR,Standard,4,Gold,0.0
BKG300870,CUST100206,HTL200587,2026-04-24,2026-06-01,2026-06-03,20431.44,2084.01,3064.72,19450.73,Website,Check-in Denied,Paid,Goa,Standard,2,Platinum,9725.36
BKG300871,CUST100634,HTL200553,2026-04-28,2026-05-02,2026-05-05,43555.86,4704.03,4355.59,43904.3,Call Center,Confirmed,Paid,Udaipur,Suite,3,Blue,0.0
BKG300872,CUST100344,HTL200862,2026-05-22,2026-06-30,2026-07-03,27093.01,2926.05,2709.3,27309.76,Mobile App,Cancelled,  Refunded  ,jaipur,Standard,5,Silver,12289.39
BKG300873,CUST101165,HTL200267,2026-04-24,2026-05-13,2026-05-19,66621.19,7195.09,6662.12,67154.16,Mobile App,Confirmed,Paid,Kolkata,Family Room,3,Blue,0.0
BKG300874,CUST100371,HTL200891,2026-02-03,2026-03-14,2026-03-15,5323.09,638.77,0.0,5961.86,Website,Completed,Paid,Bengaluru,Family Room,3,Blue,0.0
BKG300875,CUST101187,HTL200991,2026-04-11,2026-05-04,2026-05-11,31696.32,3803.56,0.0,35499.88,Website,Confirmed,Paid,Chennai,Deluxe,1,Platinum,0.0
BKG300876,CUST100546,HTL200216,2026-01-25,2026-02-11,2026-02-15,19795.65,2375.48,0.0,22171.13,Website,Completed,Paid,Bengaluru,Standard,2,Blue,0.0
BKG300877,CUST100983,HTL200063,2026-04-22,2026-05-05,2026-05-10,73607.01,8832.84,0.0,82439.85,Mobile App,Cancelled,Refunded,Kochi,Suite,5,Blue,0.0
BKG300878,CUST100334,HTL200441,2026-02-23,2026-03-22,2026-03-28,43655.1,5238.61,0.0,48893.71,Partner Desk,Confirmed,Paid,ahmedabad,Standard,5,Silver,0.0
BKG300879,CUST100010,HTL200690,2026-01-12,2026-01-13,2026-01-16,8805.66,1003.85,440.28,9369.23,Mobile App,Confirmed,Paid,Agra,Suite,5,Silver,0.0
BKG300880,CUST100074,HTL200540,2026-05-06,2026-05-08,2026-05-11,52792.04,6335.04,0.0,59127.08,Mobile App,Completed,Partially Paid,Bengaluru,Deluxe,4,Silver,0.0
BKG300881,CUST100946,HTL200274,2026-05-17,2026-06-04,2026-06-05,3215.16,327.95,482.27,3060.84,  Website  ,Confirmed,Payment Failed,Delhi,Family Room,2,Silver,0.0
BKG300882,CUST100912,HTL200469,2026-01-31,2026-03-08,2026-03-11,19339.86,2088.7,1933.99,19494.57,Mobile App,Cancelled,Refund Pending,Bengaluru,Standard,1,Gold,13646.2
BKG300883,CUST100709,HTL200215,2026-03-19,2026-04-21,2026-04-26,53891.7,5820.3,5389.17,54322.83,Mobile App,Cancelled,Refund Pending,Kochi,Standard,4,Gold,38025.98
BKG300884,CUST100852,HTL200864,2026-02-22,2026-03-30,2026-03-31,18240.49,2079.42,912.02,19407.89,Website,CaNcElLeD,Paid,Kolkata,Family Room,5,Silver,19407.89
BKG300885,CUST100775,HTL200995,2026-04-22,2026-04-24,2026-04-26,31434.25,3772.11,0.0,35206.36,Website,completed,Paid,Udaipur,Family Room,4,Silver,0.0
BKG300886,CUST100885,HTL200812,2026-02-12,2026-02-16,2026-02-17,7720.35,880.12,386.02,8214.45,Website,Completed,Paid,Chennai,Executive,4,Silver,0.0
BKG300887,CUST100735,HTL200999,2026-02-11,2026-02-27,2026-03-06,18036.78,1947.97,1803.68,20983.75,Mobile App,Confirmed,Paid,Delhi,Executive,5,Silver,0.0
BKG300888,CUST100633,HTL200565,2026-05-04,2026-05-08,2026-05-13,98807.45,10078.36,14821.12,94064.69,Mobile App,Completed,Paid,Ahmedabad,Executive,5,Blue,0.0
BKG300889,CUST101051,HTL200877,2026-03-08,2026-03-17,2026-03-24,44385.99,5326.32,0.0,49712.31,Mobile App,Completed,Paid,Goa,Family Room,1,Blue,0.0
BKG300890,CUST100395,HTL200591,2026-03-07,2026-03-28,2026-04-02,33593.05,3628.05,3359.3,33861.8,WeBsItE,Pending,Paid,Shimla,Executive,2,Blue,0.0
BKG300891,CUST100682,HTL200193,2026-05-24,2026-06-16,2026-06-18,8105.8,875.43,810.58,8170.65,Mobile App,Pending,Payment Failed,Udaipur,Standard,3,Silver,0.0
BKG300892,CUST100420,HTL200711,2026-03-24,2026-03-26,2026-04-01,20590.55,2223.78,2059.06,20755.27,Mobile App,No Show,Paid,Goa,Family Room,3,Silver,0.0
BKG300893,CUST100363,HTL200012,2026-04-04,2026-04-07,2026-04-08,14493.88,1739.27,0.0,16233.15,Mobile App,Completed,  Paid  ,Varanasi,Standard,3,Blue,0.0
BKG300894,CUST101124,HTL200221,2026-04-15,2026-05-08,2026-05-13,77935.68,8417.05,7793.57,78559.16,Mobile App,Completed,Paid,Kochi,Family Room,1,Platinum,0.0
BKG300895,CUST100092,HTL200704,2026-05-24,2026-06-19,2026-06-24,57724.78,6580.63,2886.24,61419.17,Partner Desk,Cancelled,Refunded,Kochi,Deluxe,4,Silver,27638.63
BKG300896,CUST100265,HTL200395,2026-01-31,2026-02-07,2026-02-09,30635.22,3492.42,1531.76,32595.88,Mobile App,Cancelled,Refunded,Manali,Standard,5,Blue,32595.88
BKG300897,CUST100205,HTL200880,2026-04-28,2026-06-03,2026-06-07,31158.52,3552.07,1557.93,33152.66,Website,Cancelled,Refunded,Ahmedabad,Family Room,2,Blue,23206.86
BKG300898,CUST101103,HTL200838,2026-01-28,2026-03-13,2026-03-14,9500.1,1140.01,0.0,10640.11,Mobile App,Confirmed,Paid,HYDERABAD,Suite,3,Blue,0.0
BKG300899,CUST100036,HTL200751,2026-01-04,2026-02-06,2026-02-11,92002.14,11040.26,0.0,103042.4,Mobile App,Cancelled,Paid,Jaipur,Family Room,2,Blue,46369.08
BKG300900,CUST101034,HTL200269,2026-05-18,2026-06-23,2026-06-26,6186.61,742.39,0.0,6929.0,Call Center,Completed,Paid,Manali,Deluxe,2,Blue,0.0
BKG300901,CUST101113,HTL200297,2026-01-18,2026-01-22,2026-01-24,34124.07,4094.89,0.0,38218.96,Website,Completed,Paid,Agra,Family Room,5,Blue,0.0
BKG300902,CUST100743,HTL200610,2026-02-16,2026-03-11,2026-03-15,37182.96,4461.96,0.0,41644.92,Website,No Show,PAID,Chennai,Deluxe,1,Gold,0.0
BKG300903,CUST100018,HTL200731,2026-01-09,2026-02-03,2026-02-07,21505.87,2580.7,0.0,24086.57,Website,completed,Paid,Jaipur,Executive,5,Gold,0.0
BKG300904,CUST100373,HTL200843,2026-01-29,2026-03-11,2026-03-13,25555.81,3066.7,0.0,28622.51,Mobile App,Completed,Paid,Shimla,Standard,1,Silver,0.0
BKG300905,CUST100093,HTL200615,2026-05-24,2026-06-19,2026-06-23,63910.22,6902.3,6391.02,64421.5,Mobile App,Completed,Paid,Delhi,Deluxe,4,Silver,0.0
BKG300906,CUST100031,HTL200431,2026-04-02,2026-04-30,2026-05-05,83623.17,8529.56,12543.48,79609.25,Mobile App,Completed,Paid,Goa,Suite,2,Blue,0.0
BKG300907,CUST100139,HTL200888,2026-05-29,2026-06-26,2026-06-30,11071.7,1262.17,553.58,11780.29,Website,Confirmed,  Paid  ,Mumbai,Standard,3,Blue,0.0
BKG300908,CUST100972,HTL200407,2026-03-05,2026-03-26,2026-03-27,11505.56,1311.63,575.28,12241.91,Mobile App,Completed,Paid,Ahmedabad,Family Room,2,Gold,0.0
BKG300909,CUST101044,HTL200064,2026-04-21,2026-05-01,2026-05-04,50947.85,5196.68,7642.18,48502.35,Mobile App,Completed,Paid,Hyderabad,Family Room,5,Blue,0.0
BKG300910,CUST101172,HTL200656,2026-05-04,2026-05-31,2026-06-05,74826.82,8081.3,7482.68,75425.44,Partner Desk,Completed,Paid,Agra,Deluxe,1,Gold,0.0
BKG300911,CUST100732,HTL200037,2026-04-20,2026-05-05,2026-05-07,20845.74,2376.41,1042.29,22179.86,Mobile App,Cancelled,Refund Pending,Kolkata,Suite,4,Gold,9980.94
BKG300912,CUST100753,HTL200027,2026-04-28,2026-05-15,2026-05-18,40475.23,4371.33,4047.52,40799.04,Mobile App,Confirmed,Paid,Kochi,Deluxe,4,Blue,0.0
BKG300913,CUST100057,HTL200288,2026-04-10,2026-05-19,2026-05-25,41719.12,4755.98,2085.96,44389.14,Mobile App,No Show,ReFuNdEd,Kolkata,Suite,1,Blue,44389.14
BKG300914,CUST100139,HTL200919,2026-01-31,2026-03-07,2026-03-12,46061.66,4974.66,4606.17,46430.15,Partner Desk,Completed,Partially Paid,Varanasi,Deluxe,1,Silver,0.0
BKG300915,CUST101046,HTL200878,2026-03-22,2026-03-27,2026-03-30,37530.26,3602.91,7506.05,33627.12,Call Center,Cancelled,Refunded,Chennai,Executive,1,Blue,15132.2
BKG300916,CUST100900,HTL200236,2026-02-15,2026-03-03,2026-03-07,70069.55,7987.93,3503.48,74554.0,Mobile App,Confirmed,Paid,Udaipur,Executive,4,Blue,0.0
BKG300917,CUST100377,HTL200125,2026-02-18,2026-03-13,2026-03-19,8163.04,783.65,1632.61,7314.08,Mobile App,Confirmed,Paid,Hyderabad,Executive,2,Blue,0.0
BKG300918,CUST100921,HTL200383,2026-02-11,2026-03-22,2026-03-24,13861.7,1580.23,693.09,14748.84,Mobile App,Cancelled,Paid,Udaipur,Deluxe,2,Silver,10324.19
BKG300919,CUST100372,HTL200325,2026-04-22,2026-05-01,2026-05-03,34528.0,3729.02,3452.8,34804.22,Mobile App,Confirmed,Paid,Kolkata,Standard,4,Blue,0.0
BKG300920,CUST101086,HTL200084,2026-01-27,2026-03-01,2026-03-02,6436.42,733.75,321.82,6848.35,Mobile App,Pending,Paid,Agra,Family Room,3,Blue,0.0
BKG300921,CUST100777,HTL200748,2026-03-29,2026-05-03,2026-05-07,54966.09,5606.54,8244.91,52327.72,Mobile App,Confirmed,Partially Paid,Ahmedabad,Standard,5,Blue,0.0
BKG300922,CUST100166,HTL200245,2026-05-01,2026-06-10,2026-06-11,6932.42,831.89,0.0,7764.31,Partner Desk,No sHoW,Paid,Shimla,Family Room,4,Gold,3882.16
BKG300923,CUST101174,HTL200387,2026-01-03,2026-01-27,2026-01-28,5166.38,557.97,516.64,5207.71,Mobile App,Completed,Paid,Chennai,Suite,3,Silver,0.0
BKG300924,CUST100522,HTL200928,2026-03-01,2026-03-25,2026-03-29,58932.72,6364.73,5893.27,59404.18,Website,Completed,PaId,Ahmedabad,Executive,5,Silver,0.0
BKG300925,CUST100583,HTL200886,2026-03-20,2026-04-13,2026-04-18,93485.62,10657.36,4674.28,99468.7,Mobile App,Confirmed,Paid,Pune,Executive,2,Blue,0.0
BKG300926,CUST100500,HTL200265,2026-05-25,2026-06-13,2026-06-19,94975.07,11397.01,0.0,106372.08,Mobile App,Completed,Paid,Manali,Family Room,1,Gold,0.0
BKG300927,CUST100895,HTL200760,2026-02-01,2026-03-12,2026-03-19,44931.7,5391.8,0.0,50323.5,Mobile App,Confirmed,Paid,Pune,Executive,5,Blue,0.0
BKG300928,CUST100998,HTL200803,2026-01-07,2026-02-01,2026-02-02,7457.22,805.38,745.72,7516.88,Website,Completed,Paid,Ahmedabad,Standard,1,Blue,0.0
BKG300929,CUST100559,HTL200204,2026-03-12,2026-04-12,2026-04-15,31618.52,3225.09,4742.78,30100.83,Website,Completed,Partially Paid,Jaipur,Deluxe,3,Silver,0.0
BKG300930,CUST101011,HTL200227,2026-05-08,2026-06-15,2026-06-21,90898.92,10362.48,4544.95,96716.45,Mobile App,Cancelled,ReFuNdEd,Pune,Executive,4,Silver,0.0
BKG300931,CUST100232,HTL200239,2026-02-27,2026-03-24,2026-03-29,7221.99,779.97,722.2,7279.76,Mobile App,No Show,  Refunded  ,Delhi,Executive,4,Blue,3639.88
BKG300932,CUST100559,HTL200072,2026-04-22,2026-05-19,2026-05-23,38187.23,4582.47,0.0,42769.7,Website,Completed,Paid,Kolkata,Suite,1,Silver,0.0
BKG300933,CUST100920,HTL200670,2026-02-17,2026-03-21,2026-03-23,6848.33,780.71,342.42,7286.62,Website,Confirmed,Paid,Agra,Deluxe,5,Gold,0.0
BKG300934,CUST100860,HTL200387,2026-04-21,2026-05-02,2026-05-07,22952.9,2616.63,1147.65,24421.88,Website,Confirmed,Paid,Chennai,Family Room,5,Blue,0.0
BKG300935,CUST100871,HTL200377,2026-03-12,2026-03-17,2026-03-18,11334.57,1224.13,1133.46,11425.24,Mobile App,Cancelled,Refunded,Shimla,Deluxe,3,Gold,5141.36
BKG300936,CUST100080,HTL200211,2026-03-16,2026-04-29,2026-05-02,30775.62,2954.46,6155.12,27574.96,Website,Confirmed,Paid,Kochi,Deluxe,4,Silver,0.0
BKG300937,CUST100613,HTL200647,2026-03-15,2026-04-17,2026-04-23,23390.98,2385.88,3508.65,22268.21,Mobile App,Completed,Paid,Kochi,Family Room,1,Blue,0.0
BKG300938,CUST100702,HTL200794,2026-05-01,2026-05-20,2026-05-24,80267.33,9632.08,0.0,89899.41,Mobile App,Confirmed,Paid,Delhi,Deluxe,2,Blue,0.0
BKG300939,CUST100540,HTL200675,2026-02-24,2026-04-08,2026-04-10,9912.0,1070.5,991.2,9991.3,Mobile App,Confirmed,Partially Paid,Hyderabad,Suite,4,Platinum,0.0
BKG300940,CUST100764,HTL200648,2026-02-10,2026-02-26,2026-03-04,33807.28,4056.87,0.0,37864.15,Mobile App,Completed,Paid,Jaipur,Standard,4,Blue,0.0
BKG300941,CUST100737,HTL200170,2026-04-07,2026-05-12,2026-05-15,16815.22,2017.83,0.0,18833.05,Mobile App,Completed,Paid,Delhi,Deluxe,3,Blue,0.0
BKG300942,CUST100605,HTL200151,2026-05-28,2026-06-08,2026-06-15,85586.06,10270.33,0.0,95856.39,Mobile App,Completed,Paid,Chennai,Standard,4,Blue,0.0
BKG300943,CUST101109,HTL200676,2026-02-02,2026-02-13,2026-02-15,9631.92,1098.04,481.6,10248.36,MOBILE APP,Completed,Paid,Kolkata,Suite,3,Gold,0.0
BKG300944,CUST100621,HTL200808,2026-02-03,2026-02-13,2026-02-17,4894.46,528.6,489.45,4933.61,Website,Confirmed,Paid,Goa,Suite,3,Silver,0.0
BKG300945,CUST101021,HTL200103,2026-03-03,2026-04-06,2026-04-12,55345.65,6309.4,2767.28,58887.77,Call Center,Confirmed,PAID,Kochi,Deluxe,2,Blue,0.0
BKG300946,CUST100195,HTL200221,2026-01-19,2026-01-24,2026-01-29,73825.91,7087.29,14765.18,66148.02,Mobile App,Cancelled,Refund Pending,Kochi,Executive,5,Gold,66148.02
BKG300947,CUST100994,HTL200281,2026-01-10,2026-02-02,2026-02-03,7828.16,939.38,0.0,8767.54,Mobile App,Completed,Paid,Kolkata,Deluxe,4,Silver,0.0
BKG300948,CUST100945,HTL200387,2026-04-30,2026-05-25,2026-05-29,20758.83,2366.51,1037.94,22087.4,Mobile App,Confirmed,Paid,Chennai,Standard,3,Platinum,0.0
BKG300949,,HTL200371,2026-05-03,2026-06-01,2026-06-04,24095.71,2746.91,1204.79,25637.83,Mobile App,Completed,Paid,Bengaluru,Suite,3,Silver,0.0
BKG300950,CUST100392,HTL200128,2026-04-14,2026-05-24,2026-05-29,74909.06,8989.09,0.0,83898.15,Mobile App,Completed,Paid,Udaipur,Standard,5,Silver,0.0
BKG300951,CUST101113,HTL200403,2026-05-21,2026-06-03,2026-06-09,45478.65,4365.95,9095.73,40748.87,Mobile App,Confirmed,Paid,Mumbai,Standard,5,Blue,0.0
BKG300952,,HTL200219,2026-01-05,2026-02-06,2026-02-08,11021.47,1256.45,551.07,11726.85,Mobile App,Cancelled,Refund Pending,Goa,Family Room,3,Blue,5277.08
BKG300953,CUST100977,HTL200172,2026-02-27,2026-04-02,2026-04-07,74933.21,7193.59,14986.64,67140.16,Website,Completed,Partially Paid,Manali,Suite,4,Silver,0.0
BKG300954,CUST100058,HTL200471,2026-02-28,2026-03-12,2026-03-17,63330.36,7219.66,3166.52,67383.5,Call Center,Confirmed,Paid,Delhi,Suite,4,Blue,0.0
BKG300955,CUST100109,HTL200859,2026-05-08,2026-06-01,2026-06-04,27305.63,3276.68,0.0,30582.31,Website,Completed,Paid,Bengaluru,Standard,4,Silver,0.0
BKG300956,CUST100478,HTL200987,2026-03-27,2026-05-06,2026-05-07,10172.12,1220.65,0.0,11392.77,Mobile App,Completed,Paid,Hyderabad,Suite,5,Gold,0.0
BKG300957,CUST100617,HTL200452,2026-04-14,2026-05-05,2026-05-12,90338.08,9214.48,13550.71,86001.85,Website,Check-in Denied,Refund Pending,Delhi,Deluxe,4,Gold,25800.56
BKG300958,CUST100783,HTL200607,2026-05-23,2026-06-21,2026-06-26,46661.94,5599.43,0.0,52261.37,Mobile App,Cancelled,Refund Pending,Kolkata,Family Room,4,Blue,52261.37
BKG300959,CUST101072,HTL200501,2026-05-09,2026-06-01,2026-06-06,46284.83,4443.34,9256.97,41471.2,Mobile App,Confirmed,Paid,Goa,Deluxe,4,Blue,0.0
BKG300960,CUST101055,HTL200051,2026-02-07,2026-03-12,2026-03-13,7664.89,873.8,383.24,8155.45,Call Center,Confirmed,Paid,Manali,Executive,5,Blue,0.0
BKG300961,CUST100600,HTL200093,2026-04-17,2026-04-25,2026-04-26,7470.77,896.49,0.0,8367.26,Website,Cancelled,Refunded,Kolkata,Executive,1,Blue,3765.27
BKG300962,CUST100939,HTL200575,2026-04-19,2026-05-31,2026-06-02,12682.96,1369.76,1268.3,12784.42,Website,Cancelled,Refunded,Udaipur,Standard,1,Platinum,0.0
BKG300963,CUST100991,HTL200020,2026-02-22,2026-03-07,2026-03-13,104977.85,12597.34,0.0,117575.19,Mobile App,Confirmed,Paid,AhMeDaBaD,Executive,4,Gold,0.0
BKG300964,CUST100530,HTL200105,2026-02-21,2026-02-26,2026-02-28,19549.77,2345.97,0.0,21895.74,Website,Confirmed,Partially Paid,Chennai,Deluxe,1,Silver,0.0
BKG300965,CUST101026,HTL200847,2026-01-01,2026-02-11,2026-02-12,3080.79,314.24,462.12,2932.91,Website,Cancelled,Refunded,Mumbai,Executive,4,Blue,1319.81
BKG300966,CUST100377,HTL200199,2026-01-11,2026-01-21,2026-01-28,110203.87,12563.24,5510.19,117256.92,Mobile App,Cancelled,Refund Pending,Shimla,Standard,5,Silver,0.0
BKG300967,CUST100571,HTL200843,2026-02-27,2026-03-13,2026-03-17,43414.76,4949.28,2170.74,46193.3,Mobile App,Confirmed,Paid,Shimla,Suite,4,Gold,0.0
BKG300968,CUST100586,HTL200351,2026-05-08,2026-06-01,2026-06-02,4504.38,540.53,0.0,5044.91,Mobile App,Completed,Paid,Agra,Family Room,2,Blue,0.0
BKG300969,CUST100356,HTL200280,2026-02-13,2026-02-24,2026-02-26,27067.01,3248.04,0.0,30315.05,Mobile App,Confirmed,Paid,Mumbai,Standard,3,Silver,0.0
BKG300970,CUST100684,HTL200962,2026-01-06,2026-01-09,2026-01-12,15884.66,1810.85,794.23,16901.28,Website,Confirmed,Paid,Chennai,Standard,5,Blue,0.0
BKG300971,CUST100857,HTL200281,2026-01-08,2026-02-06,2026-02-09,25761.5,2936.81,1288.07,27410.24,Mobile App,Confirmed,Partially Paid,Kolkata,Standard,2,Blue,0.0
BKG300972,CUST100658,HTL200611,2026-01-05,2026-02-04,2026-02-10,10953.24,1182.95,1095.32,11040.87,Partner Desk,Completed,Paid,Delhi,Deluxe,2,Blue,0.0
BKG300973,CUST100034,HTL200848,2026-04-16,2026-05-23,2026-05-28,34713.5,3957.34,1735.67,36935.17,Website,Cancelled,Refunded,Ahmedabad,Suite,3,Gold,0.0
BKG300974,CUST101006,HTL200538,2026-04-22,2026-04-29,2026-05-06,92545.83,9439.67,13881.87,88103.63,Mobile App,Completed,Paid,Agra,Standard,2,Blue,0.0
BKG300975,CUST100460,HTL200244,2026-01-17,2026-02-03,2026-02-06,6758.11,810.97,0.0,7569.08,Mobile App,Confirmed,Partially Paid,Goa,Suite,3,Silver,0.0
BKG300976,CUST100717,HTL200947,2026-01-09,2026-01-29,2026-01-31,26037.33,3124.48,0.0,29161.81,Mobile App,No Show,Paid,Pune,Standard,4,Blue,14580.9
BKG300977,CUST100511,HTL200574,2026-03-19,2026-03-30,2026-04-02,14209.62,1705.15,0.0,15914.77,Mobile App,CONFIRMED,paid,Pune,Deluxe,5,Silver,0.0
BKG300978,CUST101071,HTL200853,2026-01-14,2026-02-27,2026-03-06,68463.16,6983.24,10269.47,65176.93,Mobile App,Cancelled,ReFuNdEd,Jaipur,Standard,5,Blue,29329.62
BKG300979,CUST100490,HTL200885,2026-04-23,2026-05-18,2026-05-25,17653.43,1906.57,1765.34,17794.66,Mobile App,Cancelled,Refund Pending,Varanasi,Executive,5,Gold,8007.6
BKG300980,CUST100272,HTL200428,2026-04-01,2026-04-25,2026-04-29,75605.19,9072.62,0.0,84677.81,Call Center,Confirmed,Paid,Kolkata,Deluxe,3,Silver,0.0
BKG300981,CUST101012,HTL200953,2026-01-25,2026-01-27,2026-01-28,3330.72,399.69,0.0,3730.41,Partner Desk,Confirmed,Paid,Udaipur,Standard,3,Gold,0.0
BKG300982,CUST100526,HTL200037,2026-04-08,2026-05-05,2026-05-06,11697.97,1263.38,1169.8,11791.55,Website,No Show,Refund Pending,Kolkata,Standard,2,Silver,0.0
BKG300983,CUST101151,HTL200418,2026-01-03,2026-01-22,2026-01-24,8434.68,860.34,1265.2,8029.82,Website,CoMpLeTeD,Paid,Goa,Standard,5,Blue,0.0
BKG300984,CUST100209,HTL200301,2026-05-19,2026-06-17,2026-06-22,30899.23,3337.12,3089.92,31146.43,Website,Confirmed,Paid,Manali,Executive,2,Blue,0.0
BKG300985,CUST100623,HTL200638,2026-04-22,2026-05-29,2026-06-05,39270.97,4712.52,0.0,43983.49,Mobile App,No Show,Paid,Hyderabad,Executive,4,Blue,0.0
BKG300986,CUST101165,HTL200070,2026-05-26,2026-06-06,2026-06-07,9259.52,1000.03,925.95,9333.6,mobile app,Confirmed,Paid,Hyderabad,Standard,2,Gold,0.0
BKG300987,CUST100172,HTL200898,2026-02-16,2026-03-07,2026-03-10,22165.62,2393.89,2216.56,22342.95,Website,confirmed,Paid,Kochi,Executive,5,Blue,0.0
BKG300988,CUST100446,HTL200645,2026-02-19,2026-03-19,2026-03-26,77029.52,9243.54,0.0,86273.06,Partner Desk,COMPLETED,Paid,Varanasi,Standard,3,Blue,0.0
BKG300989,CUST101142,HTL200764,2026-05-04,2026-06-12,2026-06-16,27845.6,3174.4,1392.28,29627.72,Mobile App,Completed,Paid,Udaipur,Executive,2,Silver,0.0
BKG300990,CUST100010,HTL200524,2026-03-31,2026-04-21,2026-04-26,57601.86,6566.61,2880.09,61288.38,Mobile App,confirmed,Paid,Delhi,Suite,2,Blue,0.0
BKG300991,CUST100760,HTL200173,2026-03-08,2026-04-03,2026-04-08,65769.02,7892.28,0.0,73661.3,Mobile App,Confirmed,Paid,Varanasi,Standard,3,Blue,0.0
BKG300992,CUST101177,HTL200974,2026-01-02,2026-01-24,2026-01-29,15905.34,1526.91,3181.07,14251.18,Mobile App,Completed,Paid,Bengaluru,Standard,3,Blue,0.0
BKG300993,CUST100322,HTL200089,2026-05-27,2026-06-02,2026-06-03,16507.5,1683.77,2476.12,15715.15,Mobile App,Completed,Paid,Chennai,Family Room,5,Blue,0.0
BKG300994,CUST100976,HTL200367,2026-01-02,2026-01-13,2026-01-19,56252.62,6412.8,2812.63,59852.79,Mobile App,No Show,  Refund Pending  ,Pune,Family Room,4,Blue,29926.4
BKG300995,CUST100444,HTL200800,2026-03-06,2026-03-20,2026-03-25,43016.14,5161.94,0.0,48178.08,Call Center,Completed,Paid,Jaipur,Deluxe,5,Silver,0.0
BKG300996,CUST100341,HTL200206,2026-04-01,2026-05-07,2026-05-09,17516.13,1891.74,1751.61,17656.26,Website,Completed,Paid,Pune,Suite,2,Blue,0.0
BKG300997,CUST100220,HTL200061,2026-04-26,2026-06-05,2026-06-08,29743.43,3569.21,0.0,33312.64,Call Center,Confirmed,Paid,Jaipur,Suite,5,Silver,0.0
BKG300998,CUST100109,HTL200318,2026-02-18,2026-03-31,2026-04-06,75414.93,9049.79,0.0,84464.72,Mobile App,No Show,Refunded,agra,Deluxe,5,Silver,0.0
BKG300999,CUST100409,,2026-03-10,2026-03-12,2026-03-16,58867.4,6710.88,2943.37,62634.91,Mobile App,Confirmed,Paid,Kochi,Family Room,3,Gold,0.0
BKG301000,CUST100504,HTL200550,2026-05-12,2026-06-24,2026-06-27,18153.96,2069.55,907.7,19315.81,Mobile App,Completed,Paid,Delhi,Deluxe,4,Gold,0.0
BKG301001,CUST100039,HTL200059,2026-05-25,2026-06-14,2026-06-16,12384.54,1486.14,0.0,13870.68,Partner Desk,No Show,Paid,Chennai,Family Room,4,Blue,4161.2
BKG301002,CUST100262,HTL200104,2026-05-06,2026-05-28,2026-05-30,12363.83,1335.29,1236.38,12462.74,  Mobile App  ,Cancelled,Refunded,Udaipur,Standard,5,Platinum,12462.74
BKG301003,CUST101141,HTL200238,2026-02-22,2026-04-02,2026-04-09,103258.0,12390.96,0.0,115648.96,Mobile App,completed,Paid,Chennai,Deluxe,3,Gold,0.0
BKG301004,CUST100707,HTL200461,2026-04-22,2026-04-26,2026-05-02,94480.9,9637.05,14172.14,89945.81,Mobile App,Cancelled,  Refund Pending  ,Kochi,Executive,3,Silver,40475.61
BKG301005,CUST100822,HTL200126,2026-05-30,2026-06-28,2026-07-01,29316.06,2814.34,5863.21,26267.19,  Mobile App  ,Check-in Denied,Refund Pending,Hyderabad,Family Room,2,Silver,0.0
BKG301006,CUST100460,HTL200082,2026-05-19,2026-06-12,2026-06-13,10931.71,1180.62,1093.17,11019.16,Mobile App,Cancelled,Paid,Delhi,Standard,1,Gold,11019.16
BKG301007,CUST101141,HTL200219,2026-04-23,2026-04-24,2026-05-01,49845.18,5682.35,2492.26,53035.27,Website,Completed,Paid,Goa,Executive,2,Silver,0.0
BKG301008,CUST100216,HTL200407,2026-05-23,2026-06-16,2026-06-18,21903.52,2628.42,0.0,24531.94,Mobile App,COMPLETED,Paid,Ahmedabad,Executive,2,Silver,0.0
BKG301009,CUST100076,HTL200945,2026-04-24,2026-05-24,2026-05-29,86477.76,9339.6,8647.78,87169.58,Mobile App,Confirmed,Paid,Pune,Suite,2,Silver,0.0
BKG301010,CUST100891,HTL200616,2026-05-18,2026-05-30,2026-06-03,30671.13,2944.43,6134.23,27481.33,Mobile App,Completed,Paid,Hyderabad,Family Room,1,Blue,0.0
BKG301011,CUST101195,HTL200928,2026-02-17,2026-03-08,2026-03-12,72701.63,8724.2,0.0,81425.83,Website,Confirmed,Paid,Ahmedabad,Standard,3,Silver,0.0
BKG301012,CUST100389,HTL200971,2026-01-31,2026-03-09,2026-03-11,32451.05,3699.42,1622.55,34527.92,Mobile App,Completed,Paid,Goa,Family Room,3,Blue,0.0
BKG301013,CUST101049,HTL200585,2026-02-06,2026-03-18,2026-03-23,14351.86,1636.11,717.59,15270.38,Call Center,Completed,Paid,jaipur,Standard,4,Blue,0.0
BKG301014,CUST101151,HTL200646,2026-04-18,2026-05-31,2026-06-03,30905.19,3523.19,1545.26,32883.12,Mobile App,Confirmed,Paid,Manali,Family Room,4,Gold,0.0
BKG301015,CUST100373,HTL200429,2026-01-28,2026-02-01,2026-02-05,70381.49,8023.49,3519.07,74885.91,Mobile App,Confirmed,Paid,MaNaLi,Executive,5,Blue,0.0
BKG301016,CUST100653,HTL200889,2026-03-11,2026-03-26,2026-03-31,32093.57,3080.98,6418.71,28755.84,Mobile App,Completed,Payment Failed,Manali,Suite,5,Silver,0.0
BKG301017,CUST100903,HTL200573,2026-01-14,2026-02-03,2026-02-08,18855.49,2262.66,0.0,21118.15,Mobile App,Confirmed,Paid,Shimla,Deluxe,5,Blue,0.0
BKG301018,CUST101047,HTL200512,2026-05-02,2026-06-15,2026-06-16,4345.52,495.39,217.28,4623.63,Website,Completed,Partially Paid,Shimla,Family Room,4,Blue,0.0
BKG301019,CUST100743,HTL200078,2026-01-16,2026-02-05,2026-02-07,5889.57,565.4,1177.91,5277.06,Call Center,Check-in Denied,Paid,Kochi,Executive,4,Silver,2638.53
BKG301020,CUST100422,HTL200885,2026-01-25,2026-02-15,2026-02-20,13259.45,1511.58,662.97,14108.06,Website,Cancelled,Refunded,Varanasi,Deluxe,2,Gold,9875.64
BKG301021,CUST100852,HTL200064,2026-03-07,2026-03-17,2026-03-24,134930.28,13762.89,20239.54,128453.63,Mobile App,Confirmed,Paid,Hyderabad,Deluxe,3,Gold,0.0
BKG301022,CUST100830,HTL200940,2026-02-07,2026-03-09,2026-03-12,18190.72,2182.89,0.0,20373.61,Mobile App,Confirmed,Partially Paid,Goa,Deluxe,4,Platinum,0.0
BKG301023,CUST100972,HTL200979,2026-04-13,2026-05-07,2026-05-11,8900.54,854.45,1780.11,7974.88,Partner Desk,Completed,Paid,ChEnNaI,Executive,1,Gold,0.0
BKG301024,CUST100628,HTL200182,2026-04-08,2026-05-18,2026-05-25,63663.35,7639.6,0.0,71302.95,  Mobile App  ,Completed,Paid,Mumbai,Standard,2,Platinum,0.0
BKG301025,CUST100569,HTL200065,2026-04-25,2026-06-04,2026-06-05,16287.28,1563.58,3257.46,14593.4,Website,Completed,Paid,Pune,Deluxe,1,Silver,0.0
BKG301026,CUST100121,HTL200834,2026-02-09,2026-03-19,2026-03-22,35327.33,4239.28,0.0,39566.61,Call Center,Confirmed,Paid,Chennai,Suite,1,Blue,0.0
BKG301027,CUST100158,HTL200867,2026-03-05,2026-03-08,2026-03-12,36539.76,4165.53,1826.99,38878.3,Mobile App,Confirmed,Paid,Mumbai,Standard,3,Gold,0.0
BKG301028,CUST100306,HTL200207,2026-03-30,2026-99-99,2026-04-30,9296.92,1059.85,464.85,9891.92,Mobile App,confirmed,Paid,Delhi,Executive,1,Platinum,0.0
BKG301029,CUST101112,HTL200053,2026-04-10,2026-04-18,2026-04-21,26418.87,3011.75,1320.94,28109.68,Website,Completed,Paid,Mumbai,Deluxe,1,Silver,0.0
BKG301030,CUST100750,HTL200220,2026-05-24,2026-06-22,2026-06-26,27341.61,3280.99,0.0,30622.6,Mobile App,Cancelled,Refunded,Bengaluru,Executive,1,Blue,13780.17
BKG301031,CUST101061,HTL200235,2026-03-23,2026-04-02,2026-04-03,18115.02,1739.04,3623.0,16231.06,Mobile App,Cancelled,refunded,Goa,Executive,1,Blue,16231.06
BKG301032,CUST100590,HTL200888,2026-03-18,2026-03-23,2026-03-30,20580.92,2346.22,1029.05,21898.09,Mobile App,Completed,Paid,Mumbai,Deluxe,2,Silver,0.0
BKG301033,CUST100345,HTL200611,2026-02-28,2026-03-11,2026-03-15,7438.32,803.34,743.83,7497.83,MOBILE APP,Cancelled,Refunded,Delhi,Executive,2,Silver,5248.48
BKG301034,CUST100148,HTL200958,2026-04-01,2026-04-05,2026-04-10,32499.46,3899.93,0.0,36399.39,Mobile App,Pending,paid,Hyderabad,Suite,3,Blue,0.0
BKG301035,CUST101039,HTL200437,2026-04-08,2026-05-13,2026-05-14,14852.66,1514.97,2227.9,14139.73,Mobile App,Cancelled,Refund Pending,Goa,Suite,3,Platinum,9897.81
BKG301036,CUST100834,HTL200102,2026-05-19,2026-06-28,2026-07-01,5009.3,541.0,500.93,5049.37,Website,Cancelled,Refunded,Chennai,Family Room,1,Silver,5049.37
BKG301037,CUST100780,HTL200435,2026-01-01,2026-01-13,2026-01-19,83902.04,8054.6,16780.41,75176.23,Website,no show,Refund Pending,Varanasi,Deluxe,5,Silver,22552.87
BKG301038,CUST100117,HTL200693,2026-01-13,2026-02-03,2026-02-05,8527.12,972.09,426.36,9072.85,Mobile App,Confirmed,Paid,Shimla,Deluxe,1,Silver,0.0
BKG301039,CUST100703,HTL200962,2026-01-30,2026-02-15,2026-02-22,30784.62,3694.15,0.0,34478.77,Website,  Confirmed  ,Paid,Chennai,Deluxe,1,Blue,0.0
BKG301040,CUST100316,HTL200420,2026-01-18,2026-02-01,2026-02-02,8295.8,945.72,414.79,8826.73,Mobile App,Pending,Payment Failed,Kolkata,Family Room,3,Gold,0.0
BKG301041,CUST100287,HTL200107,2026-03-19,2026-04-09,2026-04-16,61179.25,6607.36,6117.92,61668.69,Website,Completed,Paid,PUNE,Suite,4,Blue,0.0
BKG301042,CUST100907,HTL200523,2026-05-21,2026-06-17,2026-06-18,16842.33,1818.97,1684.23,16977.07,Website,Cancelled,Refund Pending,Shimla,Suite,3,Gold,16977.07
BKG301043,CUST100296,HTL200442,2026-02-01,2026-03-09,2026-03-10,13271.53,1353.7,1990.73,12634.5,Mobile App,Cancelled,Refunded,UdAiPuR,Deluxe,2,Blue,12634.5
BKG301044,CUST100442,HTL200505,2026-03-12,2026-03-13,2026-03-17,20066.19,2407.94,0.0,22474.13,Mobile App,  Completed  ,Paid,Shimla,Executive,3,Blue,0.0
BKG301045,CUST100900,HTL200403,2026-02-19,2026-02-20,2026-02-25,37135.73,4010.66,3713.57,37432.82,Mobile App,Completed,Paid,Mumbai,Standard,4,Blue,0.0
BKG301046,CUST100300,HTL200342,2026-04-26,2026-05-18,2026-05-24,40770.23,3913.94,8154.05,36530.12,Website,Completed,Paid,AHMEDABAD,Standard,1,Blue,0.0
BKG301047,CUST100897,HTL200597,2026-04-23,2026-05-08,2026-05-10,15821.37,1898.56,0.0,17719.93,Website,confirmed,Paid,Ahmedabad,Deluxe,4,Gold,0.0
BKG301048,CUST100425,HTL200799,2026-03-21,2026-04-10,2026-04-17,62681.58,7521.79,0.0,70203.37,Website,Confirmed,Paid,Shimla,Deluxe,3,Gold,0.0
BKG301049,CUST100249,HTL200326,2026-01-31,2026-02-03,2026-02-05,22830.56,2465.7,2283.06,23013.2,Mobile App,Completed,Paid,Agra,Suite,5,Gold,0.0
BKG301050,CUST100685,HTL200213,2026-02-20,2026-03-06,2026-03-11,74511.59,8494.32,3725.58,79280.33,Website,Confirmed,Paid,Chennai,Suite,2,Gold,0.0
BKG301051,CUST100751,HTL200555,2026-03-01,2026-03-10,2026-03-14,28816.19,3112.15,2881.62,29046.72,Mobile App,Confirmed,Paid,Agra,Executive,4,Gold,0.0
BKG301052,CUST100997,HTL200321,2026-02-02,2026-02-21,2026-02-25,15479.6,1671.8,1547.96,15603.44,MOBILE APP,  Confirmed  ,Paid,Shimla,Suite,3,Silver,0.0
BKG301053,CUST100405,HTL200077,2026-05-07,2026-06-16,2026-06-21,18244.01,1751.43,3648.8,16346.64,Mobile App,Cancelled,Refunded,Hyderabad,Standard,1,Gold,11442.65
BKG301054,CUST100800,HTL200054,2026-05-06,2026-06-09,2026-06-16,83349.13,8501.61,12502.37,79348.37,Mobile App,No Show,Refund Pending,Varanasi,Standard,3,Blue,79348.37
BKG301055,CUST100243,HTL200783,2026-02-10,2026-02-14,2026-02-19,7304.95,788.93,730.49,7363.39,Mobile App,Completed,Paid,Kolkata,Suite,1,Blue,0.0
BKG301056,CUST100366,HTL200855,2026-01-19,2026-02-21,2026-02-24,26683.76,3202.05,0.0,29885.81,Mobile App,Completed,Payment Failed,Kochi,Standard,5,Blue,0.0
BKG301057,CUST100119,HTL200070,2026-02-10,2026-03-25,2026-03-29,42263.25,5071.59,0.0,47334.84,Mobile App,Pending,Paid,Hyderabad,Standard,2,Blue,0.0
BKG301058,CUST100849,HTL200067,2026-03-26,2026-05-02,2026-05-09,135729.27,13844.39,20359.39,129214.27,Website,Confirmed,Paid,Bengaluru,Standard,4,Blue,0.0
BKG301059,CUST100432,HTL200179,2026-03-30,2026-04-01,2026-04-02,5904.5,637.69,590.45,5951.74,Website,Confirmed,Paid,Mumbai,Standard,3,Blue,0.0
BKG301060,CUST100182,HTL200379,2026-02-11,2026-03-10,2026-03-12,27041.38,2758.22,4056.21,25743.39,Website,Confirmed,Paid,Agra,Family Room,3,Silver,0.0
BKG301061,CUST100758,HTL200932,2026-04-30,2026-05-17,2026-05-21,14166.85,1615.02,708.34,15073.53,Website,CoNfIrMeD,Paid,Ahmedabad,Deluxe,4,Silver,0.0
BKG301062,CUST101141,HTL200685,2026-01-23,2026-02-23,2026-02-28,39286.63,4714.4,0.0,44001.03,Mobile App,Confirmed,Paid,Jaipur,Executive,1,Silver,0.0
BKG301063,CUST100030,HTL200680,2026-02-02,2026-03-15,2026-03-16,16048.17,1829.49,802.41,17075.25,Mobile App,Confirmed,Paid,Bengaluru,Family Room,2,Gold,0.0
BKG301064,CUST100976,HTL200900,2026-01-20,2026-01-26,2026-01-29,15116.35,1813.96,0.0,16930.31,Partner Desk,Confirmed,Paid,Pune,Executive,5,Platinum,0.0
BKG301065,CUST101172,HTL200449,2026-03-31,2026-05-01,2026-05-07,34874.46,3557.19,5231.17,33200.48,Website,Completed,PAID,Pune,Family Room,4,Silver,0.0
BKG301066,CUST100527,HTL200260,2026-04-14,2026-04-17,2026-04-20,10095.91,1090.36,1009.59,10176.68,Mobile App,Completed,Partially Paid,Varanasi,Family Room,2,Blue,0.0
BKG301067,CUST100863,HTL200446,2026-01-12,2026-02-21,2026-02-22,8054.87,966.58,0.0,9021.45,Mobile App,Completed,Partially Paid,Goa,Executive,3,Silver,0.0
BKG301068,CUST100101,HTL200636,2026-05-23,2026-05-26,2026-06-02,113669.58,12276.31,11366.96,114578.93,Mobile App,Completed,Paid,Manali,Deluxe,2,Silver,0.0
BKG301069,,HTL200130,2026-02-20,2026-03-25,2026-04-01,59075.63,6025.71,8861.34,56240.0,Mobile App,Confirmed,Paid,Agra,Suite,5,Blue,0.0
BKG301070,CUST100622,HTL200233,2026-01-06,2026-01-19,2026-01-20,6601.32,712.94,660.13,6654.13,Mobile App,Cancelled,Refund Pending,Kolkata,Family Room,2,Blue,2994.36
BKG301071,CUST100804,HTL200903,2026-04-01,2026-04-22,2026-04-29,121309.96,13829.34,6065.5,129073.8,Partner Desk,Completed,PAID,Delhi,Deluxe,3,Blue,0.0
BKG301072,CUST100407,HTL200153,2026-03-10,2026-04-16,2026-04-21,32816.55,3741.09,1640.83,34916.81,Website,Confirmed,Paid,Udaipur,Suite,5,Gold,0.0
BKG301073,CUST100829,HTL200329,2026-05-03,2026-05-19,2026-05-26,121007.25,12342.74,18151.09,115198.9,mobile app,Confirmed,Paid,Kochi,Executive,5,Blue,0.0
BKG301074,CUST100788,HTL200636,2026-05-26,2026-06-16,2026-06-22,78627.1,8963.49,3931.36,83659.23,Mobile App,Cancelled,Refunded,Manali,Family Room,5,Silver,37646.65
BKG301075,CUST100617,HTL200865,2026-04-25,2026-06-08,2026-06-13,41725.4,4255.99,6258.81,39722.58,Website,Cancelled,Refunded,Jaipur,Suite,3,Gold,27805.81
BKG301076,CUST100548,HTL200890,2026-04-21,2026-05-04,2026-05-06,23121.09,2358.35,3468.16,22011.28,Mobile App,Completed,Paid,Varanasi,Deluxe,1,Platinum,0.0
BKG301077,CUST100290,HTL200611,2026-03-02,2026-03-06,2026-03-13,16631.52,1696.41,2494.73,15833.2,Mobile App,Confirmed,Paid,Delhi,Suite,3,Silver,0.0
BKG301078,CUST100421,HTL200052,2026-04-17,2026-05-18,2026-05-24,20247.18,1943.73,4049.44,18141.47,Mobile App,Completed,Paid,Shimla,Executive,1,Silver,0.0
BKG301079,CUST100180,HTL200843,2026-03-19,2026-03-28,2026-04-03,64737.78,6991.68,6473.78,65255.68,Mobile App,Completed,Partially Paid,Shimla,Suite,1,Blue,0.0
BKG301080,CUST100654,HTL200467,2026-04-05,2026-05-08,2026-05-10,7510.23,901.23,0.0,8411.46,Mobile App,No Show,Refunded,Kochi,Standard,3,Silver,4205.73
BKG301081,CUST100113,HTL200639,2026-03-15,2026-04-21,2026-04-24,28344.95,3401.39,0.0,31746.34,Website,Completed,Payment Failed,Ahmedabad,Family Room,2,Silver,0.0
BKG301082,CUST101117,HTL200412,2026-02-17,2026-03-26,2026-03-27,5630.78,675.69,0.0,6306.47,Mobile App,Confirmed,Paid,Jaipur,Deluxe,3,Blue,0.0
BKG301083,CUST100259,HTL200013,2026-04-06,2026-04-30,2026-05-03,6193.47,743.22,0.0,6936.69,Mobile App,confirmed,Paid,Ahmedabad,Deluxe,5,Blue,0.0
BKG301084,CUST101130,HTL200495,2026-01-31,2026-02-25,2026-03-04,10805.73,1296.69,0.0,12102.42,Mobile App,Confirmed,Paid,Goa,Family Room,2,Gold,0.0
BKG301085,CUST100243,HTL200516,2026-02-03,2026-03-16,2026-03-23,27543.66,3139.98,1377.18,29306.46,Website,Completed,Paid,Kochi,Family Room,4,Blue,0.0
BKG301086,CUST100422,HTL200761,2026-03-28,2026-04-26,2026-05-01,71156.52,8538.78,0.0,79695.3,Website,Confirmed,Paid,Kolkata,Standard,4,Gold,0.0
BKG301087,CUST100334,HTL200367,2026-05-15,2026-06-24,2026-06-28,48249.85,5500.48,2412.49,51337.84,Mobile App,Completed,Paid,Pune,Standard,4,Blue,0.0
BKG301088,CUST101046,HTL200538,2026-03-24,2026-04-29,2026-05-06,75473.65,7698.31,11321.05,71850.91,Mobile App,  Cancelled  ,Paid,Agra,Deluxe,5,Blue,0.0
BKG301089,CUST100270,HTL200636,2026-05-15,2026-05-30,2026-06-06,103457.29,11173.39,10345.73,104284.95,Website,Confirmed,Paid,Manali,Suite,5,Silver,0.0
BKG301090,CUST101163,HTL200451,2026-02-16,2026-03-06,2026-03-11,48374.92,4643.99,9674.98,43343.93,Website,CoMpLeTeD,Paid,Goa,Family Room,1,Blue,0.0
BKG301091,CUST100453,HTL200540,2026-05-16,2026-06-05,2026-06-09,69598.59,8351.83,0.0,77950.42,Website,Completed,Payment Failed,Bengaluru,Standard,5,Silver,0.0
BKG301092,CUST100593,HTL200514,2026-05-09,2026-05-14,2026-05-15,3363.03,363.21,336.3,3389.94,Website,completed,Paid,Varanasi,Standard,1,Silver,0.0
BKG301093,CUST101009,HTL200480,2026-05-05,2026-05-23,2026-05-24,6127.89,698.58,306.39,6520.08,Website,No Show,Paid,Pune,Standard,4,Platinum,0.0
BKG301094,CUST100855,HTL200413,2026-03-18,2026-04-27,2026-05-03,25392.97,2894.8,1269.65,27018.12,Mobile App,Cancelled,Refund Pending,Kochi,Suite,3,Gold,27018.12
BKG301095,CUST101179,HTL200227,2026-01-03,2026-01-04,2026-01-05,15667.72,1692.11,1566.77,15793.06,MoBiLe aPp,Completed,Paid,Pune,Deluxe,3,Gold,0.0
BKG301096,CUST100131,HTL200136,2026-04-02,2026-04-21,2026-04-23,10446.44,1253.57,0.0,11700.01,Website,Cancelled,Refunded,Kolkata,Deluxe,5,Blue,11700.01
BKG301097,CUST100767,HTL200768,2026-05-23,2026-06-15,2026-06-17,13219.24,1586.31,0.0,14805.55,Mobile App,Cancelled,Refunded,Shimla,Standard,4,Blue,6662.5
BKG301098,CUST100500,HTL200239,2026-04-10,2026-05-06,2026-05-10,6355.86,686.43,635.59,6406.7,Mobile App,Cancelled,Refunded,Delhi,Suite,4,Blue,6406.7
BKG301099,CUST101163,HTL200790,2026-05-07,2026-06-05,2026-06-08,16524.9,1685.54,2478.74,15731.7,website,Completed,Paid,Udaipur,Suite,1,Gold,0.0
BKG301100,CUST100134,HTL200834,2026-03-09,2026-04-12,2026-04-18,70233.49,7585.22,7023.35,70795.36,Mobile App,Completed,Paid,Chennai,Deluxe,1,Silver,0.0
BKG301101,CUST100766,HTL200671,2026-05-13,2026-06-01,2026-06-04,49351.55,5922.19,0.0,55273.74,Website,Confirmed,Paid,Bengaluru,Family Room,4,Blue,0.0
BKG301102,CUST100811,HTL200471,2026-03-31,2026-04-18,2026-04-22,55418.51,6317.71,2770.93,58965.29,Mobile App,completed,Paid,Delhi,Standard,5,Silver,0.0
BKG301103,CUST100769,HTL200517,2026-03-30,2026-04-01,2026-04-03,2729.25,327.51,0.0,3056.76,Mobile App,Confirmed,Paid,Manali,Suite,5,Platinum,0.0
BKG301104,CUST100093,HTL200460,2026-01-10,2026-02-06,2026-02-11,44408.15,4263.18,8881.63,39789.7,Mobile App,CaNcElLeD,Refund Pending,Goa,Family Room,4,Silver,17905.36
BKG301105,CUST100164,HTL200304,2026-01-08,2026-01-14,2026-01-21,109790.19,11198.6,16468.53,104520.26,Call Center,Completed,Paid,Kochi,Executive,3,Platinum,0.0
BKG301106,CUST100324,HTL200654,2026-01-12,2026-02-20,2026-02-26,118982.28,14277.87,0.0,133260.15,Call Center,Completed,Paid,Pune,Standard,3,Gold,0.0
BKG301107,CUST100939,HTL200953,2026-03-05,2026-03-11,2026-03-15,12393.4,1487.21,0.0,13880.61,Mobile App,  Completed  ,Paid,Udaipur,Executive,1,Silver,0.0
BKG301108,CUST100619,HTL200180,2026-04-28,2026-05-04,2026-05-07,17734.25,1915.3,1773.43,17876.12,Mobile App,Completed,Paid,Udaipur,Deluxe,4,Gold,0.0
BKG301109,CUST100230,HTL200029,2026-02-28,2026-03-31,2026-04-04,28044.45,3365.33,0.0,31409.78,Mobile App,Cancelled,Refunded,Chennai,Deluxe,3,Silver,31409.78
BKG301110,CUST100581,HTL200971,2026-02-19,2026-04-01,2026-04-05,56611.43,5434.7,11322.29,50723.84,Mobile App,Completed,Payment Failed,Goa,Deluxe,5,Silver,0.0
BKG301111,CUST100732,HTL200764,2026-02-09,2026-03-21,2026-03-22,9045.43,976.91,904.54,9117.8,Mobile App,Confirmed,Paid,Udaipur,Suite,2,Silver,0.0
BKG301112,CUST101103,HTL200039,2026-05-02,2026-06-01,2026-06-03,3646.45,437.57,0.0,4084.02,Mobile App,Confirmed,Paid,Kochi,Suite,2,Blue,0.0
BKG301113,CUST100670,HTL200186,2026-04-07,2026-04-28,2026-05-04,59369.51,7124.34,0.0,66493.85,Website,Cancelled,Paid,Delhi,Family Room,4,Silver,66493.85
BKG301114,CUST101184,HTL200318,2026-05-07,2026-06-17,2026-06-18,16516.42,1684.68,2477.46,15723.64,Website,No Show,Refunded,AgRa,Executive,1,Platinum,15723.64
BKG301115,CUST100402,HTL200815,2026-03-28,2026-05-11,2026-05-13,6913.56,788.15,345.68,7356.03,Mobile App,Confirmed,Paid,VaRaNaSi,Deluxe,2,Gold,0.0
BKG301116,CUST101055,HTL200226,2026-03-18,2026-04-05,2026-04-09,33965.16,3668.24,3396.52,34236.88,Website,Confirmed,Paid,Bengaluru,Deluxe,5,Platinum,0.0
BKG301117,CUST100120,HTL200731,2026-05-01,2026-05-24,2026-05-26,8612.92,981.87,430.65,9164.14,Mobile App,Confirmed,Paid,Jaipur,Suite,5,Platinum,0.0
BKG301118,CUST100726,HTL200891,2026-05-26,2026-07-03,2026-07-06,15717.14,1886.06,0.0,17603.2,Mobile App,Check-in Denied,Refunded,Bengaluru,Suite,5,Silver,17603.2
BKG301119,CUST100384,HTL200323,2026-05-29,2026-06-21,2026-06-27,24684.66,2665.94,2468.47,24882.13,Website,CoNfIrMeD,Paid,Kochi,Suite,2,Blue,0.0
BKG301120,CUST100475,HTL200902,2026-04-21,2026-05-19,2026-05-20,2244.27,255.85,112.21,2387.91,Mobile App,Confirmed,Paid,Pune,Standard,3,Gold,0.0
BKG301121,CUST100559,HTL200942,2026-05-09,2026-06-14,2026-06-20,16059.4,1927.13,0.0,17986.53,Mobile App,Confirmed,Paid,Delhi,Executive,5,Blue,0.0
BKG301122,CUST101190,HTL200042,2026-02-10,2026-03-07,2026-03-11,45588.11,5470.57,0.0,51058.68,Mobile App,Cancelled,Refunded,  Ahmedabad  ,Executive,1,Blue,22976.41
BKG301123,CUST100388,HTL200655,2026-05-17,2026-05-24,2026-05-27,16313.91,1761.9,1631.39,16444.42,Call Center,No Show,Refund Pending,Udaipur,Standard,4,Blue,8222.21
BKG301124,CUST100789,HTL200277,2026-01-23,2026-02-10,2026-02-12,33665.02,3635.82,3366.5,33934.34,Website,Completed,Paid,Pune,Deluxe,4,Blue,0.0
BKG301125,CUST100752,HTL200318,2026-03-19,2026-04-08,2026-04-15,92424.86,10536.43,4621.24,98340.05,mobile app,Confirmed,Paid,Agra,Family Room,4,Silver,0.0
BKG301126,CUST100703,HTL200173,2026-01-11,2026-01-16,2026-01-18,30036.9,3243.98,3003.69,30277.19,Website,Completed,Paid,Varanasi,Family Room,3,Gold,0.0
BKG301127,CUST100052,HTL200758,2026-03-12,2026-03-30,2026-04-02,43315.13,5197.82,0.0,48512.95,Mobile App,Confirmed,Payment Failed,Varanasi,Deluxe,4,Gold,0.0
BKG301128,CUST100566,HTL200684,2026-01-26,2026-03-09,2026-03-16,62163.92,7086.69,3108.2,66142.41,Call Center,Confirmed,Paid,Goa,Family Room,4,Blue,0.0
BKG301129,CUST100820,HTL200040,2026-01-30,2026-03-11,2026-03-13,33717.34,3641.47,3371.73,33987.08,Website,No Show,refund pending,Kolkata,Suite,2,Gold,0.0
BKG301130,CUST101044,HTL200408,2026-04-12,2026-05-15,2026-05-16,5378.62,580.89,537.86,5421.65,Mobile App,No Show,Refund Pending,Pune,Executive,3,Gold,0.0
BKG301131,CUST101042,HTL200561,2026-03-10,2026-03-25,2026-03-30,7562.2,907.46,0.0,8469.66,Website,Pending,Paid,Goa,Suite,3,Blue,0.0
BKG301132,CUST100861,HTL200322,2026-05-13,2026-06-17,2026-06-19,29645.93,3557.51,0.0,33203.44,Website,Completed,Paid,Hyderabad,Family Room,2,Silver,0.0
BKG301133,CUST100321,HTL200179,2026-03-02,2026-03-03,2026-03-07,22131.44,2655.77,0.0,24787.21,Website,Confirmed,payment failed,Mumbai,Family Room,1,Silver,0.0
BKG301134,CUST100826,HTL200853,2026-04-16,2026-05-07,2026-05-09,23999.99,2448.0,3600.0,22847.99,Website,Cancelled,Paid,Jaipur,Executive,4,Blue,15993.59
BKG301135,CUST100432,HTL200158,2026-01-23,2026-01-31,2026-02-06,46498.04,5579.77,0.0,52077.81,Mobile App,Confirmed,Paid,Ahmedabad,Suite,1,Gold,0.0
BKG301136,CUST101082,HTL200036,2026-04-23,2026-04-30,2026-05-04,21129.81,2535.58,0.0,23665.39,Mobile App,Confirmed,Paid,Pune,Executive,2,Silver,0.0
BKG301137,CUST101174,HTL200405,2026-01-30,2026-03-12,2026-03-14,26969.51,3236.34,0.0,30205.85,Mobile App,Confirmed,Partially Paid,Hyderabad,Family Room,2,Blue,0.0
BKG301138,CUST100057,HTL200538,2026-03-08,2026-04-21,2026-04-23,21327.03,2431.28,1066.35,22691.96,Mobile App,Check-in Denied,Paid,Agra,Executive,2,Silver,22691.96
BKG301139,CUST101017,HTL200375,2026-05-11,2026-06-20,2026-06-24,51071.88,5209.33,7660.78,48620.43,Mobile App,Cancelled,Refunded,Ahmedabad,Executive,2,Silver,0.0
BKG301140,CUST100750,HTL200897,2026-05-01,2026-06-10,2026-06-11,11379.0,1365.48,0.0,12744.48,Mobile App,Confirmed,Paid,Delhi,Family Room,5,Platinum,0.0
BKG301141,CUST100181,HTL200255,2026-03-24,2026-04-23,2026-04-30,99581.97,10754.85,9958.2,100378.62,Mobile App,Confirmed,Paid,CHENNAI,Executive,2,Blue,0.0
BKG301142,CUST100606,HTL200277,2026-03-03,2026-04-10,2026-04-17,128042.89,15365.15,0.0,143408.04,Website,Cancelled,Refunded,Pune,Suite,1,Gold,0.0
BKG301143,CUST101101,HTL200248,2026-02-26,2026-04-02,2026-04-07,35379.76,4033.29,1768.99,37644.06,  Website  ,Cancelled,Paid,Delhi,Family Room,2,Blue,0.0
BKG301144,CUST100960,HTL200692,2026-01-01,2026-01-03,2026-01-08,78992.95,9479.15,0.0,88472.1,Mobile App,Completed,Paid,delhi,Executive,1,Silver,0.0
BKG301145,CUST100104,HTL200016,2026-04-12,2026-04-20,2026-04-27,66823.23,8018.79,0.0,74842.02,Mobile App,Confirmed,PaId,Pune,Deluxe,2,Silver,0.0
BKG301146,CUST100606,HTL200367,2026-03-10,2026-04-17,2026-04-18,10306.98,1175.0,515.35,10966.63,Mobile App,Completed,Paid,Pune,Suite,2,Gold,0.0
BKG301147,CUST100989,HTL200124,2026-02-28,2026-03-04,2026-03-06,8449.18,912.51,844.92,8516.77,Website,Completed,Paid,Manali,Suite,5,Gold,0.0
BKG301148,CUST100483,HTL200311,2026-02-15,2026-03-24,2026-03-29,37676.8,4069.09,3767.68,37978.21,Mobile App,Check-in Denied,Paid,Kolkata,Suite,2,Blue,18989.1
BKG301149,CUST100128,HTL200211,2026-04-16,2026-05-07,2026-05-08,9480.22,1080.75,474.01,10086.96,Call Center,Confirmed,Paid,Kochi,Standard,4,Blue,0.0
BKG301150,CUST100318,HTL200471,2026-02-03,2026-02-16,2026-02-17,15510.78,1861.29,0.0,17372.07,Website,Completed,Paid,Delhi,Family Room,5,Blue,0.0
BKG301151,CUST100706,HTL200748,2026-04-11,2026-04-20,2026-04-25,61908.96,7057.62,3095.45,65871.13,Partner Desk,Confirmed,Partially Paid,Ahmedabad,Standard,5,Silver,0.0
BKG301152,CUST100508,HTL200414,2026-04-07,2026-05-06,2026-05-13,95291.66,10863.25,4764.58,101390.33,Mobile App,Completed,Paid,Shimla,Executive,4,Silver,0.0
BKG301153,CUST100019,HTL200499,2026-01-29,2026-03-11,2026-03-15,57668.64,5882.2,8650.3,54900.54,Mobile App,Confirmed,Paid,Udaipur,Family Room,5,Gold,0.0
BKG301154,CUST100751,HTL200810,2026-05-03,2026-05-27,2026-05-30,45284.16,4347.28,9056.83,40574.61,Call Center,Cancelled,Refunded,Bengaluru,Suite,2,Platinum,0.0
BKG301155,CUST100234,HTL200711,2026-03-14,2026-03-30,2026-04-06,18857.38,2036.6,1885.74,19008.24,Mobile App,confirmed,Paid,Goa,Suite,4,Gold,0.0
BKG301156,CUST100605,HTL200888,2026-05-23,2026-06-04,2026-06-08,9500.91,1083.1,475.05,10108.96,Mobile App,  Completed  ,Paid,Mumbai,Suite,2,Blue,0.0
BKG301157,CUST100553,HTL200180,2026-01-04,2026-01-06,2026-01-13,35063.63,3786.87,3506.36,35344.14,Mobile App,Completed,Paid,Udaipur,Suite,5,Platinum,0.0
BKG301158,CUST100452,HTL200388,2026-02-07,2026-02-26,2026-02-28,24284.03,2768.38,1214.2,25838.21,Mobile App,No Show,Refund Pending,Varanasi,Executive,3,Blue,12919.1
BKG301159,CUST100585,HTL200641,2026-01-20,2026-02-19,2026-02-23,44768.72,4835.02,4476.87,45126.87,Partner Desk,Cancelled,Paid,Shimla,Deluxe,4,Silver,0.0
BKG301160,CUST100983,HTL200632,2026-04-23,2026-05-09,2026-05-15,110325.92,13239.11,0.0,123565.03,Mobile App,Confirmed,Paid,MANALI,Family Room,1,Blue,0.0
BKG301161,CUST100422,HTL200186,2026-01-23,2026-02-16,2026-02-19,28813.56,3457.63,0.0,32271.19,Website,CONFIRMED,Paid,Delhi,Deluxe,5,Blue,0.0
BKG301162,CUST101148,HTL200899,2026-04-21,2026-05-04,2026-05-11,22018.68,2642.24,0.0,24660.92,Website,Completed,Paid,Delhi,Family Room,3,Blue,0.0
BKG301163,CUST100005,HTL200738,2026-05-16,2026-05-21,2026-05-24,16544.45,1886.07,827.22,17603.3,Mobile App,Completed,Paid,Shimla,Suite,5,Blue,0.0
BKG301164,CUST100457,HTL200673,2026-02-14,2026-03-09,2026-03-10,1927.44,208.16,192.74,1942.86,  Website  ,Confirmed,Paid,  Pune  ,Standard,2,Blue,0.0
BKG301165,CUST100553,HTL200962,2026-04-07,2026-05-15,2026-05-21,32049.01,3269.0,4807.35,30510.66,Call Center,Cancelled,Refund Pending,Chennai,Executive,2,Blue,21357.46
BKG301166,CUST100521,HTL200623,2026-02-02,2026-03-05,2026-03-07,16248.41,1657.34,2437.26,15468.49,Call Center,Confirmed,PaId,Mumbai,Family Room,2,Silver,0.0
BKG301167,CUST101112,HTL200467,2026-05-15,2026-06-01,2026-06-02,3404.69,326.85,680.94,3050.6,Website,Pending,Paid,Kochi,Suite,3,Silver,0.0
BKG301168,CUST100845,HTL200456,2026-01-22,2026-01-25,2026-01-29,13208.97,1585.08,0.0,14794.05,Mobile App,Confirmed,Paid,Mumbai,Standard,2,Blue,0.0
BKG301169,CUST101134,HTL200133,2026-05-13,2026-06-08,2026-06-12,54409.59,6202.69,2720.48,57891.8,Mobile App,Confirmed,Paid,Kolkata,Suite,5,Blue,0.0
BKG301170,CUST100550,HTL200697,2026-01-15,2026-01-28,2026-02-02,47353.8,5398.33,2367.69,50384.44,Mobile App,Confirmed,Partially Paid,Pune,Executive,5,Silver,0.0
BKG301171,CUST100010,HTL200174,2026-01-21,2026-03-06,2026-03-07,7187.1,733.08,1078.07,6842.11,Mobile App,Completed,Paid,Udaipur,Standard,5,Blue,0.0
BKG301172,CUST100496,HTL200260,2026-05-06,2026-06-13,2026-06-19,21264.6,2551.75,0.0,23816.35,Mobile App,confirmed,Paid,Varanasi,Family Room,4,Platinum,0.0
BKG301173,CUST101039,HTL200316,2026-03-30,2026-04-21,2026-04-22,20493.03,2459.16,0.0,22952.19,Mobile App,Cancelled,Refund Pending,Chennai,Family Room,5,Gold,10328.49
BKG301174,CUST101056,HTL200823,2026-01-17,2026-02-07,2026-02-08,16583.83,1890.56,829.19,17645.2,Mobile App,Confirmed,Paid,Kochi,Family Room,2,Blue,0.0
BKG301175,CUST100744,HTL200869,2026-02-25,2026-03-26,2026-03-27,11970.58,1149.18,2394.12,10725.64,Mobile App,Confirmed,Paid,Pune,Family Room,4,Silver,0.0
BKG301176,CUST100488,HTL200930,2026-02-19,2026-03-30,2026-04-02,46582.01,4751.37,6987.3,44346.08,Mobile App,No Show,Refund Pending,Jaipur,Standard,4,Silver,0.0
BKG301177,CUST100735,HTL200886,2026-05-15,2026-05-20,2026-05-25,78412.3,8939.0,3920.62,83430.68,Mobile App,Check-in Denied,Paid,Pune,Executive,4,Blue,0.0
BKG301178,CUST100457,HTL200990,2026-04-28,2026-05-12,2026-05-19,85067.26,8676.86,12760.09,80984.03,Website,Completed,Payment Failed,Agra,Standard,4,Gold,0.0
BKG301179,CUST101074,HTL200268,2026-05-02,2026-05-20,2026-05-22,12435.19,1492.22,0.0,13927.41,Mobile App,Cancelled,Refunded,Delhi,Family Room,3,Silver,6267.33
BKG301180,CUST100463,HTL200793,2026-02-19,2026-02-23,2026-02-25,18397.55,2097.32,919.88,19574.99,Website,Confirmed,Paid,Hyderabad,Executive,5,Gold,0.0
BKG301181,CUST100042,HTL200469,2026-03-01,2026-04-03,2026-04-05,13039.76,1408.29,1303.98,13144.07,Website,Confirmed,Paid,Bengaluru,Deluxe,3,Blue,0.0
BKG301182,CUST100538,HTL200223,2026-05-05,2026-06-13,2026-06-16,16456.47,1974.78,0.0,18431.25,Mobile App,CoNfIrMeD,Paid,Shimla,Deluxe,1,Silver,0.0
BKG301183,CUST100567,HTL200251,2026-04-26,2026-05-16,2026-05-21,76232.31,9147.88,0.0,85380.19,Call Center,Pending,Paid,Kolkata,Standard,3,Platinum,0.0
BKG301184,CUST100120,HTL200063,2026-05-15,2026-05-28,2026-06-03,88368.06,9013.54,13255.21,84126.39,Website,Completed,Paid,Kochi,Family Room,4,Gold,0.0
BKG301185,CUST100624,HTL200974,2026-03-29,2026-05-04,2026-05-09,17407.15,1879.97,1740.72,17546.4,Mobile App,Confirmed,Paid,Bengaluru,Deluxe,5,Blue,0.0
BKG301186,CUST100315,HTL200906,2026-04-15,2026-04-19,2026-04-22,6376.41,612.14,1275.28,5713.27,Mobile App,Completed,Paid,MuMbAi,Deluxe,5,Blue,0.0
BKG301187,CUST101021,HTL200829,2026-02-24,2026-03-31,2026-04-06,94358.67,11323.04,0.0,105681.71,Website,Confirmed,Paid,Goa,Suite,2,Blue,0.0
BKG301188,CUST101138,HTL200463,2026-03-05,2026-03-13,2026-03-14,11810.31,1346.38,590.52,12566.17,Mobile App,Confirmed,Paid,Bengaluru,Suite,3,Blue,0.0
BKG301189,CUST100620,HTL200942,2026-04-06,2026-05-16,2026-05-20,12151.45,1385.27,607.57,12929.15,Mobile App,Completed,Paid,Delhi,Executive,5,Silver,0.0
BKG301190,CUST100453,HTL200123,2026-02-13,2026-03-21,2026-03-22,16641.19,1697.4,2496.18,15842.41,Call Center,Confirmed,Paid,Udaipur,Executive,1,Blue,0.0
BKG301191,CUST100686,HTL200581,2026-05-10,2026-05-16,2026-05-18,11505.25,1380.63,0.0,12885.88,Website,confirmed,PAID,Goa,Family Room,1,Blue,0.0
BKG301192,CUST100623,HTL200237,2026-05-29,2026-06-20,2026-06-21,10849.4,1236.83,542.47,11543.76,Website,Confirmed,Paid,Pune,Deluxe,3,Gold,0.0
BKG301193,CUST100611,HTL200074,2026-02-19,2026-02-25,2026-02-28,12257.07,1470.85,0.0,13727.92,Website,Completed,Paid,Pune,Standard,2,Silver,0.0
BKG301194,CUST100958,HTL200441,2026-04-21,2026-06-02,2026-06-04,13809.68,1408.59,2071.45,13146.82,Website,Cancelled,Refunded,Ahmedabad,Standard,1,Blue,13146.82
BKG301195,CUST100646,HTL200499,2026-05-17,2026-06-22,2026-06-26,56075.96,6729.11,0.0,62805.07,Mobile App,Completed,Paid,Udaipur,Suite,2,Blue,0.0
BKG301196,CUST100762,HTL200521,2026-04-09,2026-04-18,2026-04-24,31836.43,3820.37,0.0,35656.8,Mobile App,Cancelled,Refunded,Kolkata,Executive,3,Blue,16045.56
BKG301197,CUST100239,HTL200911,2026-05-28,2026-06-13,2026-06-19,99215.65,11310.58,4960.78,105565.45,Website,Confirmed,Paid,Goa,Family Room,5,Gold,0.0
BKG301198,CUST100733,HTL200267,2026-05-26,2026-07-04,2026-07-06,29539.67,3367.52,1476.98,31430.21,Mobile App,Confirmed,  Paid  ,Kolkata,Suite,2,Blue,0.0
BKG301199,CUST101168,HTL200966,2026-03-25,2026-05-02,2026-05-09,8231.21,987.75,0.0,9218.96,Mobile App,CANCELLED,Refunded,Goa,Suite,1,Blue,4148.53
BKG301200,CUST100376,HTL200486,2026-01-30,2026-03-04,2026-03-11,12318.59,1478.23,0.0,13796.82,Mobile App,Confirmed,Paid,Bengaluru,Family Room,2,Gold,0.0
BKG301201,CUST100003,HTL200986,2026-03-06,2026-03-24,2026-03-25,18497.72,1886.77,2774.66,17609.83,Mobile App,Completed,Paid,Varanasi,Family Room,5,Blue,0.0
BKG301202,CUST100793,HTL200599,2026-01-24,2026-02-05,2026-02-12,47424.04,5690.88,0.0,53114.92,Mobile App,Check-In Denied,Paid,Mumbai,Deluxe,5,Blue,53114.92
BKG301203,CUST100845,HTL200049,2026-03-31,2026-04-27,2026-05-02,84361.4,10123.37,0.0,94484.77,Website,Completed,Paid,Varanasi,Family Room,1,Silver,0.0
BKG301204,CUST100196,HTL200654,2026-04-16,2026-04-17,2026-04-22,74062.55,8887.51,0.0,82950.06,Website,Confirmed,Paid,Pune,Family Room,2,Blue,0.0
BKG301205,CUST100388,HTL200058,2026-03-18,2026-04-02,2026-04-08,70380.89,6756.57,14076.18,63061.28,Mobile App,Check-in Denied,Refund Pending,Udaipur,Suite,2,Blue,0.0
BKG301206,CUST100260,HTL200453,2026-03-09,2026-04-05,2026-04-10,63471.22,7616.55,0.0,71087.77,  Website  ,CoNfIrMeD,PAID,Kochi,Suite,4,Silver,0.0
BKG301207,CUST100602,HTL200829,2026-04-19,2026-05-05,2026-05-07,36466.54,3719.59,5469.98,34716.15,  Website  ,Completed,Paid,Goa,Standard,1,Gold,0.0
BKG301208,CUST100093,HTL200722,2026-05-25,2026-06-15,2026-06-20,18129.83,1849.24,2719.48,17259.59,Mobile App,  Confirmed  ,Paid,Ahmedabad,Standard,2,Silver,0.0
BKG301209,CUST100135,HTL200071,2026-04-07,2026-04-08,2026-04-11,51198.89,5836.67,2559.94,54475.62,Mobile App,  Completed  ,Paid,Pune,Standard,3,Blue,0.0
BKG301210,CUST100524,HTL200755,2026-05-13,2026-06-11,2026-06-17,66982.67,7636.03,3349.13,71269.57,Mobile App,Completed,Paid,Jaipur,Family Room,4,Blue,0.0
BKG301211,CUST100497,HTL200750,2026-04-02,2026-04-05,2026-04-09,57089.85,6165.7,5708.98,57546.57,Website,Completed,Paid,HyDeRaBaD,Deluxe,1,Blue,0.0
BKG301212,CUST100111,HTL200189,2026-03-29,2026-04-10,2026-04-15,50993.78,5507.33,5099.38,51401.73,MOBILE APP,  Cancelled  ,Refund Pending,Agra,Suite,5,Silver,35981.21
BKG301213,CUST100368,HTL200995,2026-02-19,2026-03-19,2026-03-22,41819.5,4265.59,6272.92,39812.17,Mobile App,Check-in Denied,Paid,Udaipur,Executive,1,Silver,0.0
BKG301214,CUST100935,HTL200561,2026-04-13,2026-05-22,2026-05-25,4670.09,476.35,700.51,4445.93,Mobile App,Confirmed,Paid,Goa,Deluxe,3,Blue,0.0
BKG301215,CUST100767,HTL200716,2026-04-22,2026-05-29,2026-05-31,17390.95,2086.91,0.0,19477.86,Partner Desk,Cancelled,Refunded,Pune,Executive,3,Silver,19477.86
BKG301216,CUST100585,HTL200565,2026-02-15,2026-03-18,2026-03-24,103901.68,11221.38,10390.17,104732.89,Website,CoNfIrMeD,Paid,Ahmedabad,Family Room,5,Platinum,0.0
BKG301217,CUST100672,HTL200821,2026-01-11,2026-02-11,2026-02-13,18620.62,2234.47,0.0,20855.09,Mobile App,Confirmed,PaId,MUMBAI,Executive,5,Blue,0.0
BKG301218,CUST100510,HTL200992,2026-01-12,2026-02-14,2026-02-18,24129.46,2750.76,1206.47,25673.75,Call Center,Check-in Denied,Refund Pending,Chennai,Standard,5,Gold,7702.12
BKG301219,CUST100712,HTL200735,2026-05-21,2026-06-23,2026-06-27,39083.86,4221.06,3908.39,39396.53,Mobile App,Completed,Paid,Goa,Suite,4,Silver,0.0
BKG301220,CUST100819,HTL200155,2026-03-05,2026-04-14,2026-04-15,5432.98,651.96,0.0,6084.94,Website,Confirmed,Paid,Shimla,Deluxe,3,Gold,0.0
BKG301221,CUST100376,HTL200871,2026-01-08,2026-01-19,2026-01-23,39770.77,4772.49,0.0,44543.26,Mobile App,Completed,Payment Failed,Bengaluru,Standard,5,Gold,0.0
BKG301222,CUST100544,HTL200562,2026-01-09,2026-02-07,2026-02-13,121822.75,14618.73,0.0,136441.48,Mobile App,Confirmed,Paid,Delhi,Suite,3,Gold,0.0
BKG301223,CUST100072,HTL200752,2026-05-10,2026-06-04,2026-06-11,42757.83,4874.39,2137.89,45494.33,Website,Completed,Paid,KoLkAtA,Standard,4,Silver,0.0
BKG301224,CUST100973,HTL200841,2026-03-19,2026-04-01,2026-04-08,44231.68,4511.63,6634.75,42108.56,Website,Completed,Paid,Udaipur,Deluxe,4,Platinum,0.0
BKG301225,,HTL200672,2026-05-21,2026-07-04,2026-07-10,61305.65,6621.01,6130.56,61796.1,Mobile App,No Show,Paid,Delhi,Family Room,3,Platinum,61796.1
BKG301226,CUST100804,HTL200640,2026-01-02,2026-01-21,2026-01-23,20309.44,2193.42,2030.94,20471.92,Mobile App,Confirmed,Paid,Varanasi,Executive,5,Blue,0.0
BKG301227,CUST100709,HTL200084,2026-03-15,2026-04-20,2026-04-23,19273.46,2312.82,0.0,21586.28,Mobile App,Confirmed,Paid,Agra,Family Room,1,Silver,0.0
BKG301228,CUST100324,HTL200068,2026-05-11,2026-06-08,2026-06-09,12571.5,1508.58,0.0,14080.08,Website,Confirmed,Paid,Varanasi,Executive,2,Silver,0.0
BKG301229,CUST100387,HTL200384,2026-05-14,2026-05-18,2026-05-25,77681.6,9321.79,0.0,87003.39,Mobile App,Confirmed,Paid,Udaipur,Executive,3,Blue,0.0
BKG301230,CUST100827,HTL200372,2026-03-28,2026-03-31,2026-04-07,20048.18,2285.49,1002.41,21331.26,Website,Check-in Denied,Paid,chennai,Deluxe,4,Blue,6399.38
BKG301231,CUST100239,HTL200054,2026-01-05,2026-02-12,2026-02-16,47185.34,5096.02,4718.53,47562.83,Website,Check-in Denied,Paid,Varanasi,Deluxe,5,Blue,0.0
BKG301232,CUST100975,HTL200084,2026-05-11,2026-06-17,2026-06-20,20035.04,2043.57,3005.26,19073.35,  Mobile App  ,Cancelled,Refund Pending,Agra,Family Room,2,Blue,8583.01
BKG301233,CUST101097,HTL200856,2026-05-18,2026-06-30,2026-07-02,13616.01,1552.22,680.8,14487.43,Website,Completed,Payment Failed,Shimla,Suite,3,Gold,0.0
BKG301234,CUST100030,HTL200979,2026-05-27,2026-06-21,2026-06-26,10726.65,1222.84,536.33,11413.16,Mobile App,Cancelled,Refunded,Chennai,Suite,1,Gold,0.0
BKG301235,CUST100478,HTL200940,2026-01-14,2026-02-24,2026-02-25,6263.64,751.64,0.0,7015.28,Website,CoNfIrMeD,Paid,Goa,Family Room,1,Gold,0.0
BKG301236,CUST101037,HTL200840,2026-05-29,2026-07-03,2026-07-09,117536.15,14104.34,0.0,131640.49,Website,Confirmed,Paid,Varanasi,Executive,4,Gold,0.0
BKG301237,CUST100716,HTL200591,2026-05-04,2026-06-02,2026-06-05,21270.83,2552.5,0.0,23823.33,Mobile App,Confirmed,PAID,Shimla,Deluxe,4,Silver,0.0
BKG301238,CUST100067,HTL200731,2026-02-12,2026-03-25,2026-03-27,9315.66,1006.09,931.57,9390.18,Mobile App,Cancelled,Refunded,JAIPUR,Family Room,4,Gold,4225.58
BKG301239,CUST101005,HTL200935,2026-01-28,2026-02-26,2026-02-28,29895.37,3408.07,1494.77,31808.67,Partner Desk,Completed,Partially Paid,Pune,Suite,3,Silver,0.0
BKG301240,CUST100537,HTL200621,2026-05-29,2026-06-10,2026-06-11,10900.93,1308.11,0.0,12209.04,Mobile App,Completed,Paid,Chennai,Executive,1,Silver,0.0
BKG301241,CUST100290,HTL200764,2026-01-24,2026-02-28,2026-03-01,7984.81,862.36,798.48,8048.69,Mobile App,Confirmed,Paid,Udaipur,Suite,1,Blue,0.0
BKG301242,CUST100974,HTL200316,2026-01-17,2026-02-06,2026-02-10,74014.69,7993.59,7401.47,74606.81,Mobile App,completed,PAID,Chennai,Executive,4,Blue,0.0
BKG301243,CUST100023,HTL200163,2026-05-30,2026-06-16,2026-06-20,67422.13,8090.66,0.0,75512.79,Mobile App,No Show,Refunded,VaRaNaSi,Suite,4,Blue,75512.79
BKG301244,CUST100414,HTL200614,2026-03-24,2026-04-05,2026-04-11,28776.06,3107.81,2877.61,29006.26,Mobile App,Confirmed,Partially Paid,Shimla,Standard,5,Blue,0.0
BKG301245,CUST100850,HTL200624,2026-02-14,2026-03-22,2026-03-28,12103.6,1307.19,1210.36,12200.43,Mobile App,Completed,PAID,Shimla,Executive,1,Blue,0.0
BKG301246,CUST100961,HTL200251,2026-03-15,2026-03-25,2026-03-26,15997.2,1823.68,799.86,17021.02,Mobile App,Confirmed,Paid,Kolkata,Executive,4,Gold,0.0
BKG301247,CUST100680,HTL200151,2026-05-19,2026-06-06,2026-06-07,10558.86,1140.36,1055.89,10643.33,Website,Cancelled,Paid,Chennai,Executive,4,Silver,7450.33
BKG301248,CUST101059,HTL200335,2026-03-02,2026-04-01,2026-04-04,9109.46,1093.14,0.0,10202.6,Mobile App,Completed,Paid,Pune,Standard,4,Gold,0.0
BKG301249,CUST100100,HTL200909,2026-02-07,2026-02-15,2026-02-19,32594.11,3520.16,3259.41,32854.86,Mobile App,Confirmed,Paid,Delhi,Standard,5,Gold,0.0
BKG301250,CUST100545,HTL200367,2026-03-07,2026-04-17,2026-04-19,19633.54,2002.62,2945.03,18691.13,Mobile App,Completed,Paid,Pune,Suite,1,Silver,0.0
BKG301251,CUST100038,HTL200762,2026-02-02,2026-02-15,2026-02-22,84850.76,9672.99,4242.54,90281.21,Mobile App,Confirmed,Paid,Pune,Deluxe,1,Blue,0.0
BKG301252,CUST100210,HTL200865,2026-02-12,2026-03-15,2026-03-22,49784.52,5974.14,0.0,55758.66,Mobile App,No Show,Paid,Jaipur,Suite,1,Gold,0.0
BKG301253,CUST100741,HTL200599,2026-04-22,2026-04-28,2026-05-05,54909.08,6259.64,2745.45,58423.27,Mobile App,Check-in Denied,Paid,Mumbai,Executive,5,Silver,29211.64
BKG301254,CUST100591,HTL200970,2026-02-04,2026-02-11,2026-02-15,55100.13,6612.02,0.0,61712.15,Mobile App,Completed,Paid,Kolkata,Executive,3,Gold,0.0
BKG301255,CUST100749,HTL200099,2026-02-06,2026-02-27,2026-03-03,24736.71,2968.41,0.0,27705.12,Mobile App,Confirmed,Paid,Varanasi,Suite,5,Blue,0.0
BKG301256,CUST100171,HTL200119,2026-04-10,2026-05-18,2026-05-19,4691.5,506.68,469.15,4729.03,Website,Completed,Payment Failed,Hyderabad,Family Room,2,Silver,0.0
BKG301257,CUST100837,HTL200384,2026-01-23,2026-03-07,2026-03-14,78335.56,9400.27,0.0,87735.83,Call Center,Completed,Paid,Udaipur,Deluxe,5,Blue,0.0
BKG301258,CUST100441,HTL200302,2026-03-30,2026-04-27,2026-04-28,1518.3,182.2,0.0,1700.5,Mobile App,Confirmed,Paid,Shimla,Standard,2,Silver,0.0
BKG301259,CUST101082,HTL200715,2026-01-15,2026-02-28,2026-03-04,24605.99,2657.45,2460.6,24802.84,Website,Confirmed,Paid,Varanasi,Deluxe,4,Silver,0.0
BKG301260,CUST100533,HTL200148,2026-05-12,2026-06-02,2026-06-07,62246.56,6722.63,6224.66,62744.53,Mobile App,No Show,Paid,Kolkata,Family Room,2,Silver,62744.53
BKG301261,CUST100364,HTL200200,2026-05-30,2026-06-20,2026-06-25,14276.64,1713.2,0.0,15989.84,website,Cancelled,Refund Pending,Agra,Suite,5,Silver,0.0
BKG301262,CUST100366,HTL200806,2026-01-22,2026-02-15,2026-02-21,72361.67,7815.06,7236.17,72940.56,Website,Cancelled,Paid,Ahmedabad,Suite,3,Blue,51058.39
BKG301263,CUST100295,HTL200002,2026-03-19,2026-04-15,2026-04-19,33052.34,3173.02,6610.47,29614.89,Website,Completed,Paid,Hyderabad,Executive,1,Blue,0.0
BKG301264,CUST100605,HTL200399,2026-05-25,2026-06-21,2026-06-28,23881.94,2865.83,0.0,26747.77,Partner Desk,Cancelled,Refund Pending,Jaipur,Suite,5,Gold,18723.44
BKG301265,CUST100755,HTL200067,2026-03-13,2026-03-26,2026-03-31,84914.67,9680.27,4245.73,90349.21,Mobile App,Completed,Paid,Bengaluru,Family Room,1,Blue,0.0
BKG301266,CUST100522,HTL200153,2026-04-08,2026-05-07,2026-05-13,36253.48,3915.38,3625.35,36543.51,Mobile App,Completed,Paid,Udaipur,Suite,2,Platinum,0.0
BKG301267,CUST100264,HTL200493,2026-03-31,2026-05-09,2026-05-15,46920.99,5067.47,4692.1,47296.36,Mobile App,Cancelled,Refunded,Manali,Suite,4,Silver,0.0
BKG301268,CUST101061,HTL200181,2026-04-19,2026-05-17,2026-05-21,37395.31,4487.44,0.0,41882.75,Website,Pending,Partially Paid,Pune,Family Room,4,Silver,0.0
BKG301269,CUST101154,HTL200524,2026-04-04,2026-05-11,2026-05-17,69104.43,8292.53,0.0,77396.96,Website,No Show,Refund Pending,Delhi,Standard,5,Silver,38698.48
BKG301270,CUST100381,HTL200188,2026-03-21,2026-04-19,2026-04-20,12514.29,1276.46,1877.14,11913.61,Mobile App,Cancelled,Refund Pending,AHMEDABAD,Deluxe,2,Silver,8339.53
BKG301271,CUST101166,HTL200019,2026-04-04,2026-04-26,2026-04-27,3994.96,383.52,798.99,3579.49,Mobile App,Cancelled,Paid,Hyderabad,Suite,2,Blue,0.0
BKG301272,CUST100430,HTL200850,2026-03-21,2026-04-26,2026-04-27,13238.3,1429.74,1323.83,13344.21,Website,Completed,Paid,Jaipur,Deluxe,1,Blue,0.0
BKG301273,CUST100388,HTL200282,2026-02-07,2026-03-09,2026-03-11,19355.24,1858.1,3871.05,17342.29,Mobile App,Cancelled,Paid,Hyderabad,Deluxe,2,Blue,17342.29
BKG301274,CUST100053,HTL200897,2026-05-14,2026-06-11,2026-06-12,14396.89,1554.86,1439.69,14512.06,Mobile App,Completed,Paid,Delhi,Executive,3,Blue,0.0
BKG301275,CUST100023,HTL200009,2026-05-14,2026-06-06,2026-06-13,45429.6,4361.24,9085.92,40704.92,Mobile App,Confirmed,Paid,Goa,Standard,4,Blue,0.0
BKG301276,CUST100394,HTL200699,2026-01-26,2026-02-28,2026-03-01,16490.32,1780.95,1649.03,16622.24,Mobile App,Cancelled,Refunded,Chennai,Deluxe,3,Silver,0.0
BKG301277,CUST100632,HTL200856,2026-04-11,2026-04-15,2026-04-19,23722.37,2419.68,3558.36,22583.69,Mobile App,No Show,Refund Pending,Shimla,Executive,3,Silver,0.0
BKG301278,CUST100118,HTL200530,2026-03-16,2026-03-19,2026-03-24,46350.0,5562.0,0.0,51912.0,Mobile App,Confirmed,Paid,Ahmedabad,Family Room,1,Gold,0.0
BKG301279,CUST100982,HTL200654,2026-02-07,2026-03-11,2026-03-18,135164.3,13786.76,20274.64,128676.42,Mobile App,Cancelled,Refunded,Pune,Family Room,2,Blue,128676.42
BKG301280,CUST100191,HTL200614,2026-03-24,2026-03-28,2026-04-02,19364.42,2323.73,0.0,21688.15,Partner Desk,Confirmed,Paid,ShImLa,Family Room,1,Gold,0.0
BKG301281,CUST100486,HTL200302,2026-05-23,2026-05-24,2026-05-25,1390.09,166.81,0.0,1556.9,Mobile App,Check-in Denied,Refund Pending,Shimla,Family Room,4,Blue,778.45
BKG301282,CUST100632,HTL200240,2026-02-25,2026-03-09,2026-03-10,3758.64,428.48,187.93,3999.19,Website,Cancelled,Refund Pending,Agra,Family Room,1,Gold,2799.43
BKG301283,CUST100720,HTL200151,2026-04-15,2026-04-28,2026-04-29,10489.79,1195.84,524.49,11161.14,Website,  Completed  ,Paid,Chennai,Executive,3,Platinum,0.0
BKG301284,CUST100383,HTL200783,2026-01-31,2026-03-06,2026-03-12,9388.12,1126.57,0.0,10514.69,PaRtNeR DeSk,Cancelled,Refunded,Kolkata,Standard,1,Silver,0.0
BKG301285,CUST100811,HTL200336,2026-02-27,2026-03-28,2026-04-01,23467.87,2252.92,4693.57,21027.22,Website,Cancelled,ReFuNd pEnDiNg,Kolkata,Standard,2,Silver,14719.05
BKG301286,CUST100345,HTL200187,2026-03-14,2026-03-23,2026-03-27,53849.04,5815.7,5384.9,54279.84,Website,No Show,Paid,Kolkata,Executive,1,Platinum,54279.84
BKG301287,CUST100472,HTL200463,2026-05-12,2026-06-12,2026-06-16,56236.22,5736.09,8435.43,53536.88,Website,No Show,Refund Pending,Bengaluru,Executive,2,Blue,26768.44
BKG301288,CUST100675,HTL200721,2026-01-10,2026-01-17,2026-01-22,87203.6,8371.55,17440.72,78134.43,Mobile App,Confirmed,PaId,Delhi,Suite,3,Blue,0.0
BKG301289,CUST100002,HTL200176,2026-03-14,2026-03-27,2026-04-03,68513.51,7810.54,3425.68,72898.37,Mobile App,  Confirmed  ,Paid,Kolkata,Deluxe,2,Silver,0.0
BKG301290,CUST101073,HTL200899,2026-01-15,2026-01-17,2026-01-24,21221.5,2546.58,0.0,23768.08,Mobile App,Cancelled,Refund Pending,Delhi,Family Room,2,Blue,23768.08
BKG301291,CUST100924,HTL200705,2026-04-08,2026-05-11,2026-05-13,5526.76,663.21,0.0,6189.97,Mobile App,Check-in Denied,Refund Pending,Jaipur,Deluxe,2,Silver,3094.98
BKG301292,CUST100875,HTL200176,2026-03-04,2026-03-11,2026-03-16,46928.32,5349.83,2346.42,49931.73,Mobile App,Confirmed,Paid,KOLKATA,Suite,2,Silver,0.0
BKG301293,CUST100983,HTL200880,2026-01-19,2026-02-06,2026-02-10,35215.64,3803.29,3521.56,35497.37,Mobile App,confirmed,Partially Paid,Ahmedabad,Standard,4,Silver,0.0
BKG301294,CUST100972,HTL200414,2026-04-23,2026-05-01,2026-05-04,47645.95,5431.64,2382.3,50695.29,mobile app,Confirmed,Paid,Shimla,Family Room,5,Blue,0.0
BKG301295,CUST100378,HTL200577,2026-03-04,2026-03-16,2026-03-18,3096.84,353.04,154.84,3295.04,Website,Completed,Paid,pune,Standard,4,Blue,0.0
BKG301296,CUST100137,HTL200309,2026-04-26,2026-06-08,2026-06-09,10175.67,1221.08,0.0,11396.75,Partner Desk,Cancelled,Refund Pending,Chennai,Executive,1,Gold,11396.75
BKG301297,CUST100124,HTL200001,2026-01-21,2026-02-20,2026-02-26,30492.74,3476.17,1524.64,32444.27,Mobile App,Confirmed,Paid,Kochi,Deluxe,4,Silver,0.0
BKG301298,CUST100933,HTL200316,2026-05-25,2026-06-03,2026-06-08,78937.52,9472.5,0.0,88410.02,Mobile App,Confirmed,Paid,Chennai,Standard,4,Blue,0.0
BKG301299,CUST100479,HTL200782,2026-05-26,2026-06-23,2026-06-29,80361.18,8196.84,12054.18,76503.84,Call Center,No Show,Paid,Goa,Suite,2,Gold,22951.15
BKG301300,CUST100569,HTL200508,2026-03-22,2026-03-26,2026-03-28,7856.02,942.72,0.0,8798.74,Website,Confirmed,Paid,Delhi,Standard,1,Platinum,0.0
BKG301301,CUST100065,HTL200571,2026-03-07,2026-04-15,2026-04-22,82862.39,9446.31,4143.12,88165.58,Website,Cancelled,Refund Pending,Pune,Family Room,1,Blue,61715.91
BKG301302,CUST100851,HTL200367,2026-03-06,2026-03-23,2026-03-26,32888.19,3946.58,0.0,36834.77,Mobile App,Completed,Paid,Pune,Family Room,3,Blue,0.0
BKG301303,,HTL200554,2026-02-12,2026-02-23,2026-02-25,27631.32,2818.39,4144.7,26305.01,Website,Completed,Payment Failed,Jaipur,Deluxe,2,Silver,0.0
BKG301304,CUST101128,HTL200604,2026-02-26,2026-02-28,2026-03-05,43831.59,4996.8,2191.58,46636.81,Website,Confirmed,Paid,Manali,Executive,4,Gold,0.0
BKG301305,CUST101112,HTL200225,2026-05-18,2026-06-10,2026-06-14,28799.9,3455.99,0.0,32255.89,Mobile App,confirmed,Payment Failed,Shimla,Family Room,3,Platinum,0.0
BKG301306,CUST100600,HTL200935,2026-02-06,2026-02-28,2026-03-01,16769.44,1811.1,1676.94,16903.6,Mobile App,Completed,Paid,Pune,Suite,3,Gold,0.0
BKG301307,CUST100855,HTL200479,2026-04-30,2026-05-26,2026-05-30,63126.53,6438.91,9468.98,60096.46,Mobile App,Cancelled,Refund Pending,Manali,Deluxe,4,Blue,42067.52
BKG301308,CUST100005,HTL200980,2026-03-10,2026-03-22,2026-03-26,78164.18,7972.75,11724.63,74412.3,Mobile App,Completed,Paid,Manali,Family Room,1,Blue,0.0
BKG301309,CUST100157,HTL200797,2026-02-25,2026-03-29,2026-04-03,61305.04,7356.61,0.0,68661.65,Call Center,Confirmed,Paid,Goa,Suite,2,Blue,0.0
BKG301310,CUST100329,HTL200062,2026-04-29,2026-05-08,2026-05-12,5738.89,619.8,573.89,5784.8,Mobile App,Cancelled,Refund Pending,Manali,Standard,2,Silver,5784.8
BKG301311,CUST101126,HTL200279,2026-02-24,2026-04-08,2026-04-12,4471.05,536.53,0.0,5007.58,Website,Confirmed,Payment Failed,Chennai,Suite,4,Blue,0.0
BKG301312,CUST100222,HTL200939,2026-02-07,2026-02-12,2026-02-17,53511.91,6421.43,0.0,59933.34,Website,Check-in Denied,Refunded,Kolkata,Deluxe,2,Blue,17980.0
BKG301313,CUST100401,HTL200013,2026-01-15,2026-02-10,2026-02-15,11396.66,1299.22,569.83,12126.05,MoBiLe aPp,Confirmed,Paid,Ahmedabad,Family Room,5,Silver,0.0
BKG301314,CUST100544,HTL200027,2026-05-24,2026-05-31,2026-06-03,37572.74,4508.73,0.0,42081.47,Website,Completed,Paid,Kochi,Executive,3,Blue,0.0
BKG301315,CUST100508,HTL200141,2026-03-18,2026-04-16,2026-04-20,21337.62,2176.44,3200.64,20313.42,Mobile App,Confirmed,Paid,Goa,Executive,3,Blue,0.0
BKG301316,CUST100183,HTL200951,2026-02-22,2026-03-27,2026-03-29,29229.21,2806.0,5845.84,26189.37,Mobile App,Completed,Paid,Kochi,Suite,5,Blue,0.0
BKG301317,CUST100914,HTL200619,2026-01-07,2026-01-31,2026-02-07,105211.24,12625.35,0.0,117836.59,Call Center,Completed,Paid,Shimla,Suite,2,Silver,0.0
BKG301318,CUST101110,HTL200801,2026-02-24,2026-03-21,2026-03-22,16661.08,1999.33,0.0,18660.41,Mobile App,Completed,Paid,Udaipur,Suite,1,Silver,0.0
BKG301319,CUST100580,HTL200589,2026-02-21,2026-03-24,2026-03-30,36746.61,4189.11,1837.33,39098.39,MoBiLe aPp,Confirmed,Partially Paid,Udaipur,Family Room,5,Silver,0.0
BKG301320,CUST100537,HTL200758,2026-01-04,2026-02-02,2026-02-03,17685.37,1910.02,1768.54,17826.85,Website,No Show,Refund Pending,Varanasi,Executive,5,Platinum,5348.05
BKG301321,CUST100517,HTL200472,2026-02-12,2026-02-17,2026-02-22,74496.7,7598.66,11174.51,70920.85,Website,Cancelled,Refunded,Agra,Executive,3,Silver,31914.38
BKG301322,CUST100767,HTL200523,2026-02-09,2026-03-19,2026-03-25,93957.15,9583.63,14093.57,89447.21,Website,Completed,Paid,Shimla,Deluxe,1,Blue,0.0
BKG301323,CUST100294,HTL200183,2026-05-01,2026-05-12,2026-05-17,16817.33,1816.27,1681.73,16951.87,Website,Completed,Paid,Kochi,Deluxe,1,Silver,0.0
BKG301324,CUST101014,HTL200316,2026-01-30,2026-03-03,2026-03-10,118987.48,14278.5,0.0,133265.98,Mobile App,Cancelled,Paid,Chennai,Standard,2,Gold,0.0
BKG301325,CUST100259,HTL200360,2026-05-18,2026-05-26,2026-06-02,78209.78,7977.4,11731.47,74455.71,Website,Confirmed,Paid,Kolkata,Family Room,1,Blue,0.0
BKG301326,CUST100825,HTL200444,2026-04-13,2026-05-03,2026-05-06,35563.83,4267.66,0.0,39831.49,Website,Check-in Denied,PAID,Goa,Suite,2,Silver,0.0
BKG301327,CUST100315,HTL200295,2026-01-07,2026-02-10,2026-02-14,14558.44,1397.61,2911.69,13044.36,Mobile App,Confirmed,PaId,Bengaluru,Deluxe,4,Gold,0.0
BKG301328,CUST100745,HTL200403,2026-04-19,2026-05-31,2026-06-05,39093.4,4691.21,0.0,43784.61,Mobile App,Completed,Paid,mumbai,Standard,5,Platinum,0.0
BKG301329,CUST100718,HTL200751,2026-01-20,2026-01-28,2026-02-04,112732.11,12175.07,11273.21,113633.97,Mobile App,Completed,Paid,Jaipur,Standard,5,Blue,0.0
BKG301330,CUST101100,HTL200937,2026-02-18,2026-02-20,2026-02-25,40218.35,4826.2,0.0,45044.55,Mobile App,Completed,Paid,Kolkata,Executive,2,Blue,0.0
BKG301331,CUST100679,HTL200262,2026-04-06,2026-04-27,2026-04-28,7426.35,846.6,371.32,7901.63,Mobile App,No Show,Paid,Hyderabad,Family Room,2,Silver,2370.49
BKG301332,CUST100853,HTL200846,2026-02-28,2026-03-15,2026-03-19,59934.57,6472.93,5993.46,60414.04,Website,Confirmed,Paid,Kochi,Family Room,2,Platinum,0.0
BKG301333,CUST100460,HTL200376,2026-03-31,2026-04-06,2026-04-09,28059.68,3030.45,2805.97,28284.16,Partner Desk,Cancelled,Paid,Jaipur,Suite,5,Gold,28284.16
BKG301334,CUST101079,HTL200584,2026-01-26,2026-01-31,2026-02-07,80668.85,8228.22,12100.33,76796.74,Website,Completed,Paid,Agra,Family Room,2,Blue,0.0
BKG301335,CUST100806,HTL200067,2026-02-05,2026-02-08,2026-02-13,77490.83,8369.01,7749.08,78110.76,Website,Confirmed,Payment Failed,Bengaluru,Suite,5,Blue,0.0
BKG301336,CUST101104,HTL200798,2026-05-06,2026-06-18,2026-06-23,41873.62,5024.83,0.0,46898.45,Mobile App,  Completed  ,Paid,Goa,Family Room,5,Silver,0.0
BKG301337,CUST101199,HTL200470,2026-02-12,2026-03-27,2026-04-01,20479.66,2088.93,3071.95,19496.64,Mobile App,Cancelled,Refund Pending,Mumbai,Executive,3,Blue,8773.49
BKG301338,CUST100792,HTL200837,2026-04-09,2026-04-25,2026-04-26,14580.0,1487.16,2187.0,13880.16,Call Center,Confirmed,Paid,Kochi,Standard,3,Gold,0.0
BKG301339,CUST100929,HTL200731,2026-02-02,2026-03-09,2026-03-16,33914.61,4069.75,0.0,37984.36,Website,Completed,Paid,jaipur,Family Room,4,Blue,0.0
BKG301340,CUST100148,HTL200971,2026-04-10,2026-04-19,2026-04-24,93362.08,9522.93,14004.31,88880.7,MoBiLe aPp,Completed,Paid,Goa,Family Room,4,Blue,0.0
BKG301341,CUST100767,HTL200046,2026-04-07,2026-05-12,2026-05-17,81671.67,7840.48,16334.33,73177.82,Website,Completed,Paid,Varanasi,Executive,1,Blue,0.0
BKG301342,CUST100344,HTL200946,2026-02-14,2026-03-05,2026-03-06,3007.98,324.86,300.8,3032.04,MOBILE APP,No Show,Paid,Kolkata,Deluxe,2,Blue,3032.04
BKG301343,CUST100973,HTL200057,2026-03-29,2026-05-11,2026-05-16,47122.14,5371.92,2356.11,50137.95,Mobile App,Confirmed,Paid,Goa,Suite,5,Blue,0.0
BKG301344,CUST100921,HTL200917,2026-05-23,2026-06-26,2026-06-30,33458.63,3613.53,3345.86,33726.3,Website,Completed,Paid,Hyderabad,Deluxe,1,Silver,0.0
BKG301345,CUST100029,HTL200023,2026-04-05,2026-05-14,2026-05-18,65063.52,7417.24,3253.18,69227.58,Website,Completed,Paid,Varanasi,Standard,3,Silver,0.0
BKG301346,CUST100729,HTL200289,2026-01-17,2026-01-27,2026-01-28,14798.74,1598.26,1479.87,14917.13,Mobile App,Confirmed,  Paid  ,Bengaluru,Deluxe,5,Blue,0.0
BKG301347,CUST100981,HTL200830,2026-05-20,2026-05-30,2026-06-03,72479.47,7827.78,7247.95,73059.3,Mobile App,No Show,Refund Pending,Mumbai,Standard,1,Blue,21917.79
BKG301348,CUST100230,HTL200443,2026-01-22,2026-02-11,2026-02-17,89259.42,8568.91,17851.88,79976.45,Mobile App,Confirmed,Paid,KoLkAtA,Suite,3,Blue,0.0
BKG301349,CUST101185,HTL200402,2026-03-31,2026-04-01,2026-04-07,94312.95,10185.8,9431.29,95067.46,Website,Confirmed,Paid,Ahmedabad,Executive,4,Gold,0.0
BKG301350,CUST100728,HTL200023,2026-03-19,2026-03-25,2026-03-31,85987.13,10318.46,0.0,96305.59,Mobile App,Cancelled,Refunded,Varanasi,Standard,2,Blue,43337.52
BKG301351,CUST100745,HTL200063,2026-05-20,2026-05-22,2026-05-25,48793.38,5269.68,4879.34,49183.72,Call Center,Confirmed,Paid,Kochi,Suite,2,Blue,0.0
BKG301352,CUST101096,HTL200766,2026-04-24,2026-06-01,2026-06-06,65780.2,7498.94,3289.01,69990.13,Website,  Cancelled  ,Refunded,Agra,Executive,1,Silver,0.0
BKG301353,CUST100398,HTL200659,2026-03-09,2026-04-11,2026-04-14,30531.77,3663.81,0.0,34195.58,Mobile App,Cancelled,Refund Pending,Mumbai,Deluxe,3,Gold,0.0
BKG301354,CUST100094,HTL200627,2026-04-20,2026-04-23,2026-04-27,25804.96,2941.77,1290.25,27456.48,Website,Confirmed,Paid,Mumbai,Deluxe,1,Blue,0.0
BKG301355,CUST100474,HTL200609,2026-05-05,2026-06-10,2026-06-11,6339.28,760.71,0.0,7099.99,Mobile App,Confirmed,Paid,Hyderabad,Standard,3,Blue,0.0
BKG301356,CUST101118,HTL200238,2026-05-21,2026-06-03,2026-06-09,108840.63,10448.7,21768.13,97521.2,Mobile App,Confirmed,Paid,Chennai,Family Room,3,Silver,0.0
BKG301357,CUST100774,HTL200282,2026-02-26,2026-04-02,2026-04-03,8409.27,908.2,840.93,8476.54,Mobile App,Confirmed,Paid,Hyderabad,Family Room,2,Silver,0.0
BKG301358,CUST101147,,2026-02-24,2026-03-11,2026-03-14,20687.22,2110.1,3103.08,19694.24,Call Center,Confirmed,Paid,Ahmedabad,Executive,4,Silver,0.0
BKG301359,CUST100799,HTL200299,2026-03-23,2026-04-14,2026-04-18,58796.61,7055.59,0.0,65852.2,Mobile App,No Show,  Paid  ,Kolkata,Deluxe,4,Blue,19755.66
BKG301360,CUST100943,HTL200092,2026-04-17,2026-05-30,2026-06-06,56775.56,6131.76,5677.56,57229.76,Website,Cancelled,Refund Pending,Varanasi,Suite,5,Blue,40060.83
BKG301361,CUST101022,HTL200576,2026-04-12,2026-04-16,2026-04-21,70642.81,7629.42,7064.28,71207.95,Mobile App,Confirmed,PaId,Hyderabad,Executive,3,Blue,0.0
BKG301362,CUST100620,HTL200374,2026-05-27,2026-06-13,2026-06-20,16972.02,1934.81,848.6,18058.23,Mobile App,NO SHOW,Paid,Pune,Standard,2,Gold,5417.47
BKG301363,CUST100859,HTL200685,2026-04-21,2026-04-26,2026-04-30,35340.18,3392.66,7068.04,31664.8,Website,Confirmed,Paid,Jaipur,Standard,3,Blue,0.0
BKG301364,CUST100963,HTL200995,2026-04-17,2026-05-08,2026-05-14,108049.17,12317.61,5402.46,114964.32,Website,Completed,Paid,Udaipur,Executive,5,Silver,0.0
BKG301365,CUST101071,HTL200309,2026-04-12,2026-05-06,2026-05-10,38161.05,4121.39,3816.11,38466.33,Mobile App,  Confirmed  ,Paid,Chennai,Suite,2,Gold,0.0
BKG301366,CUST100812,HTL200887,2026-01-03,2026-99-99,2026-02-04,6000.56,720.07,0.0,6720.63,Mobile App,Confirmed,Paid,Hyderabad,Deluxe,3,Silver,0.0
BKG301367,CUST100094,HTL200746,2026-05-28,2026-07-07,2026-07-09,4920.99,560.99,246.05,5235.93,Mobile App,Cancelled,Paid,Goa,Deluxe,4,Silver,3665.15
BKG301368,CUST100032,HTL200166,2026-01-25,2026-02-24,2026-03-02,80140.37,8174.32,12021.06,76293.63,Mobile App,Completed,Paid,Mumbai,Suite,4,Blue,0.0
BKG301369,CUST101141,HTL200748,2026-03-16,2026-04-27,2026-05-04,85616.51,9246.58,8561.65,86301.44,Website,Completed,Paid,Ahmedabad,Deluxe,5,Platinum,0.0
BKG301370,CUST100121,HTL200006,2026-03-02,2026-03-09,2026-03-14,76730.95,8286.94,7673.1,77344.79,Mobile App,Completed,Paid,Jaipur,Family Room,4,Blue,0.0
BKG301371,CUST100217,HTL200821,2026-05-03,2026-05-10,2026-05-16,59622.74,6081.52,8943.41,56760.85,Website,Confirmed,Paid,Mumbai,Family Room,3,Silver,0.0
BKG301372,CUST101076,HTL200042,2026-02-24,2026-03-23,2026-03-29,76924.09,8769.35,3846.2,81847.24,Mobile App,Cancelled,Refunded,Ahmedabad,Suite,5,Blue,0.0
BKG301373,CUST101149,HTL200787,2026-02-08,2026-03-04,2026-03-09,45931.0,4960.55,4593.1,46298.45,Mobile App,Cancelled,Refunded,AHMEDABAD,Family Room,1,Blue,20834.3
BKG301374,CUST101182,HTL200339,2026-03-24,2026-04-12,2026-04-19,117566.68,13402.6,5878.33,125090.95,Mobile App,Confirmed,Paid,Chennai,Executive,5,Gold,0.0
BKG301375,CUST100794,HTL200152,2026-02-03,2026-03-16,2026-03-22,16165.69,1745.89,1616.57,16295.01,Mobile App,Completed,Paid,Ahmedabad,Deluxe,4,Silver,0.0
BKG301376,CUST100175,HTL200042,2026-04-23,2026-05-27,2026-05-28,12554.06,1431.16,627.7,13357.52,Mobile App,COMPLETED,Paid,Ahmedabad,Executive,2,Blue,0.0
BKG301377,CUST100291,HTL200724,2026-05-30,2026-06-21,2026-06-25,57024.59,6500.8,2851.23,60674.16,Website,Completed,Paid,Pune,Suite,5,Platinum,0.0
BKG301378,CUST101182,HTL200200,2026-01-27,2026-02-23,2026-02-24,3030.17,290.9,606.03,2715.04,Mobile App,Completed,Paid,Agra,Family Room,3,Gold,0.0
BKG301379,CUST100490,HTL200894,2026-05-29,2026-06-04,2026-06-08,31292.67,3755.12,0.0,35047.79,Website,Cancelled,Refund Pending,Goa,Executive,5,Platinum,35047.79
BKG301380,CUST100760,HTL200666,2026-01-31,2026-02-10,2026-02-12,13034.71,1564.17,0.0,14598.88,Mobile App,Pending,Paid,Manali,Executive,4,Gold,0.0
BKG301381,CUST100633,HTL200731,2026-05-17,2026-06-17,2026-06-23,26608.59,3193.03,0.0,29801.62,Mobile App,CoMpLeTeD,Paid,Jaipur,Standard,5,Gold,0.0
BKG301382,CUST100124,HTL200664,2026-03-24,2026-04-18,2026-04-20,13835.74,1577.27,691.79,14721.22,Mobile App,Completed,Partially Paid,Udaipur,Executive,3,Silver,0.0
BKG301383,CUST100603,HTL200547,2026-01-10,2026-01-12,2026-01-15,34422.06,3924.12,1721.1,36625.08,Website,Cancelled,Refund Pending,Shimla,Family Room,3,Blue,25637.56
BKG301384,CUST100937,HTL200225,2026-02-09,2026-02-19,2026-02-26,54975.04,6597.01,0.0,61572.05,Mobile App,Completed,Paid,Shimla,Deluxe,4,Blue,0.0
BKG301385,CUST101128,HTL200833,2026-02-23,2026-03-05,2026-03-09,57955.67,6259.21,5795.57,58419.31,Website,Completed,Paid,Jaipur,Deluxe,3,Silver,0.0
BKG301386,CUST101065,HTL200632,2026-05-15,2026-06-10,2026-06-11,17441.72,1883.71,1744.17,17581.26,Mobile App,Completed,Paid,  Manali  ,Deluxe,4,Blue,0.0
BKG301387,CUST100490,HTL200520,2026-01-04,2026-01-09,2026-01-10,5168.7,558.22,516.87,5210.05,  Mobile App  ,Completed,Paid,AhMeDaBaD,Family Room,5,Silver,0.0
BKG301388,CUST100564,HTL200338,2026-05-23,2026-06-14,2026-06-20,52681.9,5057.46,10536.38,47202.98,Mobile App,Completed,Paid,Mumbai,Deluxe,5,Platinum,0.0
BKG301389,CUST100167,HTL200334,2026-01-06,2026-01-10,2026-01-11,12563.42,1356.85,1256.34,12663.93,Mobile App,Confirmed,Paid,Manali,Deluxe,1,Silver,0.0
BKG301390,CUST100758,HTL200180,2026-03-14,2026-04-17,2026-04-20,17493.24,2099.19,0.0,19592.43,Website,Completed,Paid,Udaipur,Suite,4,Gold,0.0
BKG301391,CUST101197,HTL200532,2026-02-27,2026-03-06,2026-03-11,23179.09,2781.49,0.0,25960.58,Mobile App,No Show,Refunded,Bengaluru,Suite,2,Blue,7788.17
BKG301392,CUST101173,HTL200945,2026-03-18,2026-04-04,2026-04-05,14955.67,1525.48,2243.35,14237.8,Mobile App,No Show,Paid,Pune,Standard,4,Gold,0.0
BKG301393,CUST100248,HTL200271,2026-01-19,2026-01-30,2026-02-05,69213.68,7475.08,6921.37,69767.39,Website,Cancelled,Refunded,hyderabad,Standard,5,Gold,0.0
BKG301394,CUST100179,HTL200193,2026-03-03,2026-03-11,2026-03-13,9575.76,1149.09,0.0,10724.85,Mobile App,Cancelled,ReFuNd pEnDiNg,Udaipur,Executive,5,Gold,4826.18
BKG301395,CUST101143,HTL200537,2026-03-12,2026-04-09,2026-04-16,58108.53,6973.02,0.0,65081.55,Mobile App,Confirmed,Paid,Varanasi,Executive,3,Silver,0.0
BKG301396,CUST100027,HTL200939,2026-05-18,2026-07-01,2026-07-02,8384.34,905.51,838.43,8451.42,Website,  Completed  ,Paid,Kolkata,Executive,1,Platinum,0.0
BKG301397,CUST100116,HTL200796,2026-01-25,2026-02-27,2026-02-28,15266.32,1648.76,1526.63,15388.45,Mobile App,confirmed,Paid,Hyderabad,Standard,2,Platinum,0.0
BKG301398,CUST100702,HTL200480,2026-05-07,2026-06-01,2026-06-02,7879.88,851.03,787.99,7942.92,Partner Desk,Cancelled,Refund Pending,Pune,Deluxe,1,Gold,5560.04
BKG301399,CUST100656,HTL200097,2026-02-27,2026-03-20,2026-03-26,108334.67,13000.16,0.0,121334.83,Mobile App,Confirmed,Paid,Kochi,Executive,4,Silver,0.0
BKG301400,CUST100831,HTL200429,2026-04-30,2026-05-12,2026-05-19,120823.05,13048.89,12082.31,121789.63,Mobile App,Cancelled,Refund Pending,Manali,Deluxe,4,Gold,54805.33
BKG301401,CUST100261,HTL200511,2026-04-21,2026-05-17,2026-05-22,91007.23,9282.74,13651.08,86638.89,Partner Desk,cancelled,Refund Pending,Pune,Deluxe,5,Blue,86638.89
BKG301402,CUST100625,HTL200730,2026-03-17,2026-04-15,2026-04-16,8349.41,851.64,1252.41,7948.64,Website,No Show,Refunded,Delhi,Standard,3,Blue,7948.64
BKG301403,CUST100784,HTL200326,2026-03-11,2026-04-18,2026-04-23,71402.71,7711.49,7140.27,71973.93,Mobile App,Cancelled,Paid,AgRa,Suite,2,Blue,0.0
BKG301404,CUST101061,HTL200944,2026-05-18,2026-06-22,2026-06-27,43129.79,4658.02,4312.98,43474.83,Mobile App,Completed,Paid,Bengaluru,Suite,3,Blue,0.0
BKG301405,CUST100196,HTL200910,2026-03-07,2026-04-13,2026-04-20,39452.59,4260.88,3945.26,39768.21,Mobile App,Completed,Paid,Mumbai,Family Room,2,Silver,0.0
BKG301406,CUST100683,HTL200784,2026-04-30,2026-06-13,2026-06-20,105157.29,11987.93,5257.86,111887.36,Mobile App,CoNfIrMeD,Partially Paid,Agra,Suite,1,Silver,0.0
BKG301407,CUST100873,HTL200904,2026-03-28,2026-04-26,2026-04-29,43656.29,5238.76,0.0,48895.05,Website,Confirmed,Paid,AhMeDaBaD,Executive,5,Gold,0.0
BKG301408,CUST100332,HTL200972,2026-05-19,2026-06-12,2026-06-14,4285.97,437.17,642.9,4080.24,Mobile App,Confirmed,Partially Paid,Agra,Standard,3,Silver,0.0
BKG301409,CUST100719,HTL200799,2026-05-02,2026-05-17,2026-05-18,8234.86,889.36,823.49,8300.73,Mobile App,Confirmed,Paid,Shimla,Deluxe,4,Gold,0.0
BKG301410,CUST101181,HTL200577,2026-02-18,2026-02-24,2026-02-25,1724.62,186.26,172.46,1738.42,Mobile App,Check-in Denied,Paid,Pune,Standard,5,Silver,521.53
BKG301411,CUST101183,HTL200826,2026-02-17,2026-03-21,2026-03-22,12929.31,1241.21,2585.86,11584.66,Mobile App,Confirmed,Paid,Shimla,Family Room,2,Silver,0.0
BKG301412,CUST100078,HTL200415,2026-04-25,2026-06-08,2026-06-13,73176.96,7024.99,14635.39,65566.56,MOBILE APP,Cancelled,Refund Pending,  Goa  ,Family Room,5,Blue,45896.59
BKG301413,CUST100196,HTL200110,2026-03-28,2026-05-01,2026-05-08,38282.8,4134.54,3828.28,38589.06,Mobile App,Confirmed,Payment Failed,Goa,Family Room,4,Platinum,0.0
BKG301414,CUST101143,HTL200211,2026-01-07,2026-02-12,2026-02-16,38923.13,4670.78,0.0,43593.91,Website,Pending,Paid,Kochi,Deluxe,4,Silver,0.0
BKG301415,CUST100225,HTL200682,2026-03-18,2026-04-07,2026-04-09,14738.01,1680.13,736.9,15681.24,Mobile App,Completed,Paid,Shimla,Family Room,2,Silver,0.0
BKG301416,CUST100594,HTL200850,2026-05-25,2026-06-06,2026-06-12,80732.3,7750.3,16146.46,72336.14,Mobile App,Completed,Paid,Jaipur,Family Room,5,Gold,0.0
BKG301417,CUST100912,HTL200877,2026-05-01,2026-06-05,2026-06-06,6331.33,721.77,316.57,6736.53,Call Center,Completed,  Paid  ,Goa,Family Room,3,Blue,0.0
BKG301418,CUST100734,HTL200986,2026-05-04,2026-06-11,2026-06-15,66557.71,6389.54,13311.54,59635.71,Website,Cancelled,Refund Pending,Varanasi,Deluxe,5,Blue,59635.71
BKG301419,CUST100918,HTL200995,2026-05-30,2026-06-16,2026-06-20,72865.44,8743.85,0.0,81609.29,Mobile App,Confirmed,Paid,Udaipur,Family Room,4,Blue,0.0
BKG301420,CUST100536,HTL200570,2026-05-21,2026-06-17,2026-06-24,81395.22,8790.68,8139.52,82046.38,Call Center,Cancelled,Refund Pending,Delhi,Executive,2,Gold,57432.47
BKG301421,CUST100219,HTL200029,2026-05-05,2026-05-22,2026-05-26,30722.52,3502.37,1536.13,32688.76,Website,Completed,Paid,Chennai,Standard,1,Silver,0.0
BKG301422,CUST100292,HTL200266,2026-01-12,2026-01-23,2026-01-25,5733.76,688.05,0.0,6421.81,Mobile App,Confirmed,Paid,Goa,Family Room,1,Blue,0.0
BKG301423,CUST100201,HTL200975,2026-03-12,2026-04-20,2026-04-24,20601.56,1977.75,4120.31,18459.0,Website,Confirmed,Paid,Udaipur,Family Room,5,Blue,0.0
BKG301424,CUST100031,HTL200886,2026-01-01,2026-01-03,2026-01-09,106991.87,11555.12,10699.19,107847.8,Mobile App,  Cancelled  ,Refunded,Pune,Standard,4,Silver,48531.51
BKG301425,CUST101112,HTL200665,2026-04-29,2026-05-01,2026-05-02,14000.11,1680.01,0.0,15680.12,Mobile App,Confirmed,Paid,Udaipur,Family Room,5,Platinum,0.0
BKG301426,CUST100715,HTL200349,2026-05-22,2026-06-20,2026-06-26,51111.88,5826.75,2555.59,54383.04,Mobile App,No Show,Refund Pending,Udaipur,Family Room,2,Blue,16314.91
BKG301427,CUST100752,HTL200513,2026-04-21,2026-05-15,2026-05-16,7940.43,857.57,794.04,8003.96,Mobile App,Confirmed,Paid,Pune,Executive,3,Silver,0.0
BKG301428,CUST101016,HTL200929,2026-03-05,2026-03-29,2026-04-01,25700.29,2929.83,1285.01,27345.11,Mobile App,Completed,Paid,AHMEDABAD,Suite,1,Gold,0.0
BKG301429,CUST100114,HTL200680,2026-02-12,2026-02-28,2026-03-05,92619.87,9447.23,13892.98,88174.12,Website,Cancelled,Refunded,Bengaluru,Deluxe,5,Silver,39678.35
BKG301430,CUST100721,HTL200213,2026-02-10,2026-03-13,2026-03-17,57860.3,6943.24,0.0,64803.54,Mobile App,Completed,Paid,Chennai,Deluxe,4,Blue,0.0
BKG301431,CUST100181,HTL200250,2026-04-25,2026-06-07,2026-06-13,13998.16,1679.78,0.0,15677.94,Partner Desk,Confirmed,Paid,Bengaluru,Standard,1,Gold,0.0
BKG301432,CUST100770,HTL200542,2026-02-08,2026-02-17,2026-02-22,49319.87,5918.38,0.0,55238.25,Website,No Show,Paid,Udaipur,Executive,1,Gold,55238.25
BKG301433,CUST100468,HTL200318,2026-01-01,2026-01-28,2026-02-02,80077.74,9609.33,0.0,89687.07,Website,CANCELLED,Refunded,Agra,Deluxe,3,Gold,40359.18
BKG301434,CUST100425,HTL200182,2026-02-10,2026-03-23,2026-03-28,44206.81,5039.58,2210.34,47036.05,Mobile App,Completed,Paid,Mumbai,Standard,5,Platinum,0.0
BKG301435,CUST100833,HTL200884,2026-03-29,2026-04-12,2026-04-17,34799.52,3340.75,6959.9,31180.37,Website,Completed,Paid,Chennai,Standard,3,Blue,0.0
BKG301436,CUST101083,HTL200188,2026-04-08,2026-05-03,2026-05-08,55221.39,6626.57,0.0,61847.96,MOBILE APP,Completed,Paid,Ahmedabad,Standard,4,Blue,0.0
BKG301437,CUST100484,HTL200724,2026-03-29,2026-05-11,2026-05-12,12772.15,1532.66,0.0,14304.81,Website,Check-in Denied,Refunded,Pune,Deluxe,4,Platinum,4291.44
BKG301438,CUST100010,HTL200126,2026-03-20,2026-05-03,2026-05-05,14661.08,1759.33,0.0,16420.41,  Mobile App  ,No Show,Refunded,Hyderabad,Suite,5,Silver,0.0
BKG301439,CUST100041,HTL200803,2026-05-21,2026-06-12,2026-06-16,26381.91,2849.25,2638.19,26592.97,Website,Confirmed,Paid,Ahmedabad,Standard,1,Silver,0.0
BKG301440,CUST100122,HTL200295,2026-03-12,2026-04-16,2026-04-20,17615.47,1902.47,1761.55,17756.39,Mobile App,Confirmed,Paid,Bengaluru,Family Room,2,Gold,0.0
BKG301441,CUST100700,HTL200022,2026-05-17,2026-06-19,2026-06-20,1963.61,212.07,196.36,1979.32,Website,Pending,Payment Failed,Bengaluru,Suite,3,Silver,0.0
BKG301442,CUST100251,HTL200921,2026-04-09,2026-05-06,2026-05-12,93242.85,11189.14,0.0,104431.99,Website,Confirmed,Paid,Delhi,Suite,1,Silver,0.0
BKG301443,CUST100972,HTL200529,2026-03-28,2026-05-07,2026-05-08,2750.17,297.02,275.02,2772.17,Website,Check-in Denied,Refund Pending,Pune,Family Room,4,Blue,2772.17
BKG301444,CUST100603,HTL200078,2026-01-01,2026-01-27,2026-02-03,22446.79,2424.25,2244.68,22626.36,Mobile App,Completed,Paid,Kochi,Deluxe,4,Silver,0.0
BKG301445,CUST100212,HTL200545,2026-05-22,2026-06-10,2026-06-15,71395.8,8139.12,3569.79,75965.13,Mobile App,Confirmed,Paid,Varanasi,Deluxe,1,Silver,0.0
BKG301446,CUST100267,HTL200469,2026-04-22,2026-05-31,2026-06-02,16258.04,1853.42,812.9,17298.56,  Mobile App  ,Confirmed,Paid,Bengaluru,Executive,1,Gold,0.0
BKG301447,CUST101005,HTL200923,2026-03-15,2026-04-10,2026-04-14,21092.74,2151.46,3163.91,20080.29,Mobile App,Completed,Paid,Varanasi,Deluxe,4,Blue,0.0
BKG301448,CUST100706,HTL200618,2026-03-06,2026-03-12,2026-03-18,54962.24,6265.7,2748.11,58479.83,Mobile App,Cancelled,Refunded,Delhi,Executive,3,Blue,26315.92
BKG301449,CUST100539,HTL200304,2026-03-10,2026-03-13,2026-03-16,40259.86,4831.18,0.0,45091.04,Mobile App,Confirmed,Paid,Kochi,Standard,3,Blue,0.0
BKG301450,CUST100705,HTL200447,2026-03-08,2026-03-14,2026-03-15,5872.38,669.45,293.62,6248.21,Website,confirmed,Paid,Ahmedabad,Deluxe,1,Blue,0.0
BKG301451,CUST101010,HTL200198,2026-02-19,2026-03-19,2026-03-22,19318.46,2202.31,965.92,20554.85,Mobile App,Check-in Denied,Refund Pending,shimla,Deluxe,5,Gold,20554.85
BKG301452,CUST100618,HTL200190,2026-02-27,2026-03-02,2026-03-06,51003.52,6120.42,0.0,57123.94,Partner Desk,Confirmed,Payment Failed,Jaipur,Family Room,4,Blue,0.0
BKG301453,CUST101158,HTL200231,2026-02-22,2026-03-07,2026-03-08,7207.71,778.43,720.77,7265.37,  Mobile App  ,Completed,Paid,Varanasi,Standard,2,Blue,0.0
BKG301454,CUST100497,HTL200573,2026-04-01,2026-04-14,2026-04-18,13939.83,1421.86,2090.97,13270.72,Website,Completed,Paid,Shimla,Executive,4,Silver,0.0
BKG301455,CUST101020,HTL200553,2026-04-25,2026-05-08,2026-05-09,16709.34,1804.61,1670.93,16843.02,Mobile App,CONFIRMED,Paid,Udaipur,Standard,3,Silver,0.0
BKG301456,CUST100781,HTL200023,2026-04-28,2026-04-29,2026-05-05,85080.0,9699.12,4254.0,90525.12,Partner Desk,CoNfIrMeD,Paid,Varanasi,Suite,3,Platinum,0.0
BKG301457,CUST100125,HTL200674,2026-02-26,2026-04-07,2026-04-11,19426.16,1981.47,2913.92,18493.71,Mobile App,Completed,Paid,Chennai,Family Room,2,Gold,0.0
BKG301458,CUST100840,HTL200460,2026-03-27,2026-05-03,2026-05-10,51471.88,5558.96,5147.19,51883.65,Mobile App,Confirmed,Paid,Goa,Suite,3,Blue,0.0
BKG301459,CUST100982,HTL200182,2026-01-18,2026-02-18,2026-02-21,21085.38,2403.73,1054.27,22434.84,Mobile App,Completed,Paid,Mumbai,Executive,2,Silver,0.0
BKG301460,CUST100011,HTL200432,2026-01-16,2026-02-02,2026-02-04,34126.89,3685.7,3412.69,34399.9,Mobile App,completed,Paid,Ahmedabad,Deluxe,3,Blue,0.0
BKG301461,CUST100515,HTL200844,2026-05-10,2026-05-19,2026-05-25,13304.37,1436.87,1330.44,13410.8,Mobile App,  Cancelled  ,Refunded,Hyderabad,Deluxe,2,Gold,0.0
BKG301462,CUST100315,HTL200606,2026-01-13,2026-01-26,2026-02-02,46423.55,5570.83,0.0,51994.38,Website,Completed,Payment Failed,Shimla,Deluxe,5,Blue,0.0
BKG301463,CUST101031,HTL200954,2026-03-21,2026-04-27,2026-05-03,14581.31,1662.27,729.07,15514.51,Mobile App,Completed,Paid,Bengaluru,Executive,4,Blue,0.0
BKG301464,CUST101147,HTL200082,2026-02-12,2026-02-26,2026-02-27,10768.19,1292.18,0.0,12060.37,Website,Confirmed,Paid,Delhi,Suite,3,Blue,0.0
BKG301465,CUST100313,HTL200092,2026-02-23,2026-03-06,2026-03-09,25385.68,2437.02,5077.14,22745.56,Website,Confirmed,Paid,Varanasi,Executive,1,Silver,0.0
BKG301466,CUST100546,HTL200277,2026-05-17,2026-06-11,2026-06-15,72456.67,8694.8,0.0,81151.47,Partner Desk,Completed,Paid,Pune,Executive,2,Blue,0.0
BKG301467,CUST100038,HTL200616,2026-03-14,2026-04-14,2026-04-17,25158.9,3019.07,0.0,28177.97,Mobile App,Check-in Denied,Refunded,Hyderabad,Suite,2,Blue,28177.97
BKG301468,CUST101107,HTL200084,2026-02-17,2026-03-03,2026-03-09,41280.72,4706.0,2064.04,43922.68,Mobile App,Confirmed,Paid,  Agra  ,Deluxe,2,Blue,0.0
BKG301469,CUST101044,HTL200572,2026-01-18,2026-01-25,2026-01-26,12893.8,1315.17,1934.07,12274.9,Mobile App,Completed,Paid,Goa,Family Room,3,Gold,0.0
BKG301470,CUST100252,HTL200207,2026-01-11,2026-02-04,2026-02-07,12641.54,1441.14,632.08,13450.6,Mobile App,Cancelled,Refunded,Delhi,Executive,4,Blue,13450.6
BKG301471,CUST100302,HTL200669,2026-03-25,2026-04-30,2026-05-07,42073.71,4543.96,4207.37,42410.3,Mobile App,Cancelled,Paid,Bengaluru,Executive,1,Blue,29687.21
BKG301472,CUST100978,HTL200580,2026-01-19,2026-03-02,2026-03-06,63524.35,6860.63,6352.44,64032.54,Mobile App,Pending,Paid,Kochi,Suite,2,Blue,0.0
BKG301473,CUST100257,HTL200443,2026-04-10,2026-05-22,2026-05-27,62659.75,6767.25,6265.98,63161.02,Mobile App,Confirmed,Paid,Kolkata,Family Room,2,Gold,0.0
BKG301474,CUST100999,HTL200773,2026-04-26,2026-06-09,2026-06-15,108115.82,11027.81,16217.37,102926.26,Website,Confirmed,Paid,Goa,Executive,2,Silver,0.0
BKG301475,CUST100541,HTL200852,2026-03-31,2026-05-11,2026-05-13,14396.94,1727.63,0.0,16124.57,Mobile App,Confirmed,paid,Goa,Standard,2,Silver,0.0
BKG301476,CUST100639,HTL200745,2026-03-15,2026-03-18,2026-03-20,7013.97,673.34,1402.79,6284.52,Mobile App,CoNfIrMeD,Paid,Agra,Family Room,1,Blue,0.0
BKG301477,CUST100551,HTL200369,2026-01-24,2026-03-09,2026-03-15,63716.64,6499.1,9557.5,60658.24,Mobile App,Completed,Paid,Manali,Executive,2,Silver,0.0
BKG301478,CUST100460,HTL200650,2026-01-13,2026-02-08,2026-02-13,20396.27,1958.04,4079.25,18275.06,Mobile App,No Show,Paid,Ahmedabad,Family Room,1,Blue,0.0
BKG301479,CUST100223,HTL200791,2026-05-05,2026-05-31,2026-06-01,18648.82,1902.18,2797.32,17753.68,Website,Cancelled,Refunded,Goa,Standard,1,Platinum,12427.58
BKG301480,CUST100091,HTL200475,2026-04-26,2026-04-27,2026-04-30,18385.29,1875.3,2757.79,17502.8,Website,Confirmed,Paid,Bengaluru,Standard,2,Silver,0.0
BKG301481,CUST100279,HTL200503,2026-03-12,2026-03-27,2026-03-30,47472.46,5696.7,0.0,53169.16,Partner Desk,Confirmed,Paid,Kolkata,Family Room,5,Blue,0.0
BKG301482,CUST101193,HTL200846,2026-05-06,2026-05-17,2026-05-22,71510.06,8152.15,3575.5,76086.71,Website,No Show,Refunded,Kochi,Deluxe,1,Silver,38043.36
BKG301483,CUST100247,HTL200230,2026-05-25,2026-07-01,2026-07-08,93288.15,10634.85,4664.41,99258.59,Mobile App,Completed,Partially Paid,Delhi,Family Room,5,Silver,0.0
BKG301484,CUST100865,HTL200877,2026-04-29,2026-05-06,2026-05-11,33176.81,3981.22,0.0,37158.03,Mobile App,Check-in Denied,Paid,Goa,Suite,1,Blue,18579.02
BKG301485,CUST100077,HTL200359,2026-04-01,2026-04-13,2026-04-17,75153.4,8116.57,7515.34,75754.63,Partner Desk,Cancelled,refunded,Shimla,Deluxe,3,Blue,0.0
BKG301486,CUST100457,HTL200562,2026-03-26,2026-05-03,2026-05-07,71645.89,8597.51,0.0,80243.4,Website,PENDING,Paid,Delhi,Standard,2,Blue,0.0
BKG301487,CUST100585,HTL200750,2026-04-18,2026-04-21,2026-04-23,26536.09,3184.33,0.0,29720.42,Website,No Show,Paid,Hyderabad,Deluxe,3,Blue,0.0
BKG301488,CUST101037,HTL200018,2026-05-07,2026-06-18,2026-06-19,1314.06,134.03,197.11,1250.98,Website,Completed,Paid,Hyderabad,Standard,1,Silver,0.0
BKG301489,CUST100044,HTL200689,2026-05-01,2026-05-27,2026-05-28,10634.76,1084.75,1595.21,10124.3,  Mobile App  ,Cancelled,Refunded,Mumbai,Standard,3,Gold,4555.93
BKG301490,CUST100037,HTL200208,2026-05-09,2026-06-08,2026-06-15,34778.03,3756.03,3477.8,35056.26,Website,Completed,Payment Failed,Chennai,Standard,2,Platinum,0.0
BKG301491,CUST100415,HTL200898,2026-01-06,2026-02-07,2026-02-12,32339.24,3298.6,4850.89,30786.95,Mobile App,Confirmed,Paid,Kochi,Suite,2,Platinum,0.0
BKG301492,CUST100244,HTL200130,2026-03-19,2026-04-24,2026-04-26,17652.96,1906.52,1765.3,17794.18,Mobile App,Confirmed,Paid,Agra,Suite,1,Silver,0.0
BKG301493,CUST101085,HTL200742,2026-02-07,2026-03-16,2026-03-18,19775.57,2017.11,2966.34,18826.34,mobile app,Completed,Paid,GoA,Executive,1,Silver,0.0
BKG301494,CUST100492,HTL200383,2026-04-26,2026-05-14,2026-05-18,25080.96,2859.23,1254.05,26686.14,Mobile App,Confirmed,Partially Paid,Udaipur,Suite,5,Blue,0.0
BKG301495,CUST100322,HTL200091,2026-04-12,2026-04-13,2026-04-16,31642.49,3037.68,6328.5,28351.67,Mobile App,Confirmed,Paid,Bengaluru,Standard,4,Gold,0.0
BKG301496,CUST100467,HTL200542,2026-01-08,2026-01-29,2026-02-05,58206.01,6984.72,0.0,65190.73,Mobile App,Completed,Payment Failed,Udaipur,Family Room,3,Silver,0.0
BKG301497,CUST101084,HTL200361,2026-03-19,2026-04-16,2026-04-17,12915.99,1317.43,1937.4,12296.02,  Mobile App  ,Check-in Denied,Paid,Goa,Deluxe,5,Blue,3688.81
BKG301498,CUST101142,HTL200760,2026-04-22,2026-05-08,2026-05-15,48297.14,5216.09,4829.71,48683.52,Mobile App,Completed,Paid,Pune,Family Room,3,Platinum,0.0
BKG301499,CUST100086,HTL200123,2026-05-28,2026-06-25,2026-06-27,31929.78,3448.42,3192.98,32185.22,Mobile App,Completed,PARTIALLY PAID,Udaipur,Standard,2,Silver,0.0
BKG301500,CUST100079,HTL200880,2026-02-24,2026-03-18,2026-03-22,32582.68,3518.93,3258.27,32843.34,Website,Confirmed,Paid,Ahmedabad,Family Room,1,Silver,0.0
BKG301501,CUST100227,HTL200942,2026-02-17,2026-03-08,2026-03-12,10893.09,1111.1,1633.96,10370.23,Website,CONFIRMED,Paid,Delhi,Deluxe,3,Blue,0.0
BKG301502,CUST100482,HTL200647,2026-03-29,2026-03-30,2026-04-03,17101.17,1744.32,2565.18,16280.31,Mobile App,Completed,Paid,Kochi,Executive,4,Blue,0.0
BKG301503,CUST100622,HTL200272,2026-01-10,2026-02-10,2026-02-17,133192.57,15983.11,0.0,149175.68,Website,Cancelled,Refund Pending,Varanasi,Executive,2,Blue,149175.68
BKG301504,CUST100947,HTL200354,2026-02-21,2026-04-04,2026-04-07,26860.13,3223.22,0.0,30083.35,Mobile App,Completed,Paid,Varanasi,Suite,2,Gold,0.0
BKG301505,CUST100484,HTL200099,2026-02-03,2026-03-09,2026-03-11,11728.9,1407.47,0.0,13136.37,Mobile App,Completed,Paid,  Varanasi  ,Family Room,5,Platinum,0.0
BKG301506,CUST100839,HTL200730,2026-03-02,2026-04-11,2026-04-16,44076.02,5289.12,0.0,49365.14,Mobile App,Cancelled,Refund Pending,Delhi,Suite,4,Blue,34555.6
BKG301507,CUST100024,,2026-05-24,2026-05-30,2026-06-04,71404.57,8568.55,0.0,79973.12,Mobile App,Confirmed,Paid,Delhi,Suite,2,Silver,0.0
BKG301508,CUST100778,HTL200300,2026-03-20,2026-04-17,2026-04-21,56326.2,6083.23,5632.62,56776.81,Website,Confirmed,PAID,Varanasi,Family Room,4,Gold,0.0
BKG301509,CUST100930,HTL200608,2026-01-18,2026-01-21,2026-01-25,14973.76,1707.01,748.69,15932.08,Mobile App,Cancelled,Refunded,Goa,Family Room,1,Blue,0.0
BKG301510,CUST100794,HTL200827,2026-03-12,2026-04-12,2026-04-15,7265.66,784.69,726.57,7323.78,Mobile App,Cancelled,Refund Pending,AHMEDABAD,Deluxe,4,Silver,7323.78
BKG301511,CUST100752,HTL200881,2026-03-27,2026-04-12,2026-04-16,62849.17,7164.8,3142.46,66871.51,Mobile App,Confirmed,Paid,  Jaipur  ,Family Room,5,Gold,0.0
BKG301512,CUST101100,HTL200202,2026-02-01,2026-02-18,2026-02-24,86184.31,9307.91,8618.43,86873.79,Partner Desk,Confirmed,Paid,Delhi,Family Room,5,Blue,0.0
BKG301513,CUST100425,HTL200020,2026-02-12,2026-03-28,2026-03-30,30391.39,3646.97,0.0,34038.36,Mobile App,Completed,Paid,Ahmedabad,Suite,3,Platinum,0.0
BKG301514,CUST101090,HTL200197,2026-03-24,2026-04-20,2026-04-24,77011.22,7855.14,11551.68,73314.68,Call Center,Confirmed,Payment Failed,Chennai,Executive,1,Silver,0.0
BKG301515,CUST100659,HTL200111,2026-03-10,2026-04-03,2026-04-07,38924.18,4203.81,3892.42,39235.57,Call Center,Cancelled,Refund Pending,Ahmedabad,Standard,1,Blue,17656.01
BKG301516,CUST100684,HTL200148,2026-02-19,2026-03-11,2026-03-13,23797.05,2712.86,1189.85,25320.06,Website,Confirmed,Paid,Kolkata,Executive,4,Gold,0.0
BKG301517,CUST100546,HTL200380,2026-01-12,2026-02-13,2026-02-14,15346.63,1749.52,767.33,16328.82,Website,Confirmed,Paid,Agra,Family Room,5,Blue,0.0
BKG301518,CUST101100,HTL200754,2026-03-26,2026-04-30,2026-05-06,85872.59,10304.71,0.0,96177.3,Mobile App,Confirmed,Paid,Bengaluru,Standard,5,Silver,0.0
BKG301519,CUST100915,HTL200953,2026-05-03,2026-05-16,2026-05-22,22067.6,2250.89,3310.14,21008.35,Mobile App,Check-in Denied,Refunded,Udaipur,Family Room,5,Blue,0.0
BKG301520,CUST100054,HTL200182,2026-02-27,2026-04-11,2026-04-16,39499.11,4265.9,3949.91,39815.1,Call Center,Cancelled,Refund Pending,Mumbai,Deluxe,1,Platinum,17916.79
BKG301521,CUST100313,HTL200795,2026-03-24,2026-04-13,2026-04-17,42602.43,4601.06,4260.24,42943.25,Mobile App,No Show,Paid,Udaipur,Family Room,5,Silver,42943.25
BKG301522,CUST100219,HTL200336,2026-04-22,2026-04-24,2026-04-26,12838.16,1540.58,0.0,14378.74,Mobile App,CoMpLeTeD,Paid,Kolkata,Standard,3,Blue,0.0
BKG301523,CUST100048,HTL200337,2026-05-08,2026-05-12,2026-05-17,19884.45,2386.13,0.0,22270.58,MoBiLe aPp,Cancelled,Refunded,VaRaNaSi,Deluxe,2,Blue,15589.41
BKG301524,CUST100462,HTL200970,2026-02-05,2026-03-04,2026-03-11,90573.22,10868.79,0.0,101442.01,Website,Cancelled,Refund Pending,Kolkata,Standard,5,Blue,0.0
BKG301525,CUST100117,HTL200813,2026-02-23,2026-03-20,2026-03-27,106395.13,12767.42,0.0,119162.55,Mobile App,Completed,Partially Paid,Pune,Deluxe,3,Blue,0.0
BKG301526,CUST100081,HTL200299,2026-02-16,2026-02-20,2026-02-23,47834.37,5740.12,0.0,53574.49,Mobile App,Pending,Paid,Kolkata,Suite,3,Gold,0.0
BKG301527,CUST100495,HTL200600,2026-04-25,2026-05-27,2026-06-03,132402.36,15888.28,0.0,148290.64,Website,Cancelled,Paid,Pune,Standard,2,Gold,103803.45
BKG301528,CUST100633,HTL200221,2026-05-04,2026-05-21,2026-05-28,121457.49,13117.41,12145.75,122429.15,Mobile App,Pending,Paid,Kochi,Suite,1,Silver,0.0
BKG301529,CUST100836,HTL200759,2026-04-06,2026-04-07,2026-04-08,6898.27,786.4,344.91,7339.76,Mobile App,No Show,Paid,Jaipur,Suite,5,Platinum,3669.88
BKG301530,CUST100601,HTL200408,2026-04-17,2026-05-20,2026-05-24,21886.37,2495.05,1094.32,23287.1,Mobile App,Cancelled,Refunded,Pune,Family Room,3,Silver,23287.1
BKG301531,CUST100769,HTL200966,2026-04-30,2026-05-30,2026-05-31,1313.83,141.89,131.38,1324.34,Mobile App,Check-in Denied,Paid,Goa,Executive,3,Blue,397.3
BKG301532,CUST100672,HTL200688,2026-04-11,2026-04-16,2026-04-20,25402.0,2743.42,2540.2,25605.22,Mobile App,Completed,Partially Paid,Bengaluru,Deluxe,2,Silver,0.0
BKG301533,CUST100175,HTL200996,2026-04-13,2026-04-25,2026-04-29,58467.61,6314.5,5846.76,58935.35,Mobile App,Cancelled,Refund Pending,Kochi,Standard,3,Silver,41254.74
BKG301534,CUST100804,HTL200117,2026-02-01,2026-03-11,2026-03-15,19881.44,2385.77,0.0,22267.21,Website,Confirmed,Paid,Agra,Suite,5,Blue,0.0
BKG301535,CUST101112,,2026-03-07,2026-04-08,2026-04-09,13561.62,1383.29,2034.24,12910.67,Website,Cancelled,Refund Pending,Varanasi,Family Room,1,Blue,9037.47
BKG301536,CUST100638,HTL200218,2026-01-11,2026-02-18,2026-02-24,66367.83,6769.52,9955.18,63182.17,Mobile App,Cancelled,Refunded,Shimla,Standard,3,Silver,0.0
BKG301537,CUST100296,HTL200375,2026-05-28,2026-06-14,2026-06-17,43031.59,4905.6,2151.58,45785.61,Website,Cancelled,Refund Pending,Ahmedabad,Family Room,1,Silver,32049.93
BKG301538,CUST100474,HTL200729,2026-02-06,2026-03-18,2026-03-24,95787.6,11494.51,0.0,107282.11,Mobile App,Cancelled,Refunded,DELHI,Standard,3,Silver,48276.95
BKG301539,CUST100535,HTL200318,2026-04-12,2026-05-14,2026-05-16,29295.41,2988.13,4394.31,27889.23,Mobile App,  Completed  ,Paid,Agra,Family Room,3,Blue,0.0
BKG301540,CUST101060,HTL200588,2026-02-18,2026-03-14,2026-03-16,30113.54,2890.9,6022.71,26981.73,Website,Completed,Paid,Chennai,Family Room,5,Blue,0.0
BKG301541,CUST100024,HTL200087,2026-01-19,2026-01-31,2026-02-07,63772.19,7652.66,0.0,71424.85,Mobile App,Confirmed,Paid,Bengaluru,Executive,1,Blue,0.0
BKG301542,CUST100348,HTL200907,2026-01-07,2026-02-07,2026-02-13,89823.48,10778.82,0.0,100602.3,Website,Confirmed,paid,Manali,Suite,4,Gold,0.0
BKG301543,CUST100636,HTL200077,2026-05-13,2026-06-01,2026-06-04,9895.56,1009.35,1484.33,9420.58,Mobile App,Completed,Paid,Hyderabad,Deluxe,5,Blue,0.0
BKG301544,CUST100226,HTL200440,2026-02-11,2026-03-12,2026-03-19,80014.56,9121.66,4000.73,85135.49,Mobile App,Completed,Paid,Chennai,Deluxe,1,Silver,0.0
BKG301545,CUST100037,HTL200200,2026-03-29,2026-04-19,2026-04-22,7539.08,768.99,1130.86,7177.21,Mobile App,Confirmed,Partially Paid,Agra,Standard,1,Blue,0.0
BKG301546,CUST100569,HTL200575,2026-05-15,2026-06-10,2026-06-14,21662.13,2599.46,0.0,24261.59,Mobile App,Confirmed,Paid,Udaipur,Standard,1,Platinum,0.0
BKG301547,CUST100235,HTL200414,2026-01-11,2026-02-08,2026-02-12,48848.59,4982.56,7327.29,46503.86,Mobile App,Confirmed,Paid,Shimla,Executive,4,Blue,0.0
BKG301548,CUST100113,HTL200003,2026-02-10,2026-02-27,2026-03-01,24626.75,2955.21,0.0,27581.96,MoBiLe aPp,Cancelled,Refund Pending,Bengaluru,Standard,5,Blue,19307.37
BKG301549,CUST100305,HTL200949,2026-01-03,2026-01-12,2026-01-16,42524.79,5102.97,0.0,47627.76,Mobile App,Completed,Paid,Udaipur,Deluxe,4,Silver,0.0
BKG301550,CUST100131,HTL200082,2026-02-09,2026-03-02,2026-03-09,73489.8,7055.02,14697.96,65846.86,Website,Confirmed,Paid,Delhi,Suite,3,Blue,0.0
BKG301551,CUST100347,HTL200704,2026-02-20,2026-03-26,2026-03-30,48858.52,5863.02,0.0,54721.54,Website,Cancelled,ReFuNd pEnDiNg,Kochi,Executive,2,Silver,24624.69
BKG301552,CUST100414,HTL200988,2026-02-01,2026-02-12,2026-02-15,32975.89,3957.11,0.0,36933.0,Mobile App,Confirmed,Paid,Shimla,Standard,4,Blue,0.0
BKG301553,CUST100982,HTL200492,2026-02-17,2026-03-09,2026-03-10,15283.64,1558.93,2292.55,14550.02,Mobile App,Completed,Paid,Ahmedabad,Executive,3,Gold,0.0
BKG301554,CUST100731,HTL200005,2026-03-12,2026-04-20,2026-04-26,10718.31,1286.2,0.0,12004.51,Mobile App,CONFIRMED,Paid,VARANASI,Executive,4,Silver,0.0
BKG301555,CUST100653,HTL200704,2026-05-28,2026-06-13,2026-06-18,53572.81,6428.74,0.0,60001.55,Website,Pending,  Paid  ,Kochi,Executive,1,Blue,0.0
BKG301556,CUST100384,HTL200728,2026-03-30,2026-04-28,2026-05-03,35165.85,4008.91,1758.29,37416.47,Mobile App,Confirmed,Paid,Goa,Standard,2,Blue,0.0
BKG301557,CUST100511,HTL200346,2026-04-19,2026-04-20,2026-04-24,63443.6,6851.91,6344.36,63951.15,Mobile App,Cancelled,Refunded,Chennai,Family Room,2,Blue,28778.02
BKG301558,CUST101066,HTL200533,2026-02-04,2026-02-22,2026-02-26,10483.89,1132.26,1048.39,10567.76,Website,Completed,Paid,  Agra  ,Standard,3,Blue,0.0
BKG301559,CUST101141,HTL200656,2026-04-18,2026-05-10,2026-05-16,79795.88,8139.18,11969.38,75965.68,Mobile App,Confirmed,  Paid  ,Agra,Standard,4,Blue,0.0
BKG301560,CUST100060,HTL200954,2026-02-09,2026-02-17,2026-02-22,13731.98,1483.05,1373.2,13841.83,Website,Confirmed,Paid,Bengaluru,Standard,4,Gold,0.0
BKG301561,CUST100552,HTL200796,2026-02-21,2026-02-28,2026-03-03,40889.73,4661.43,2044.49,43506.67,Mobile App,Completed,Partially Paid,HYDERABAD,Standard,4,Silver,0.0
BKG301562,CUST100187,HTL200450,2026-04-22,2026-05-17,2026-05-22,81883.42,9334.71,4094.17,87123.96,Website,Cancelled,Refunded,Delhi,Standard,3,Silver,87123.96
BKG301563,CUST100452,HTL200144,2026-02-08,2026-03-10,2026-03-15,78463.22,8003.25,11769.48,74696.99,Mobile App,Confirmed,Partially Paid,Varanasi,Executive,4,Blue,0.0
BKG301564,CUST100846,HTL200001,2026-03-09,2026-04-12,2026-04-19,31083.51,3357.02,3108.35,31332.18,Website,Cancelled,refund pending,Kochi,Executive,2,Silver,21932.53
BKG301565,CUST100186,HTL200287,2026-03-17,2026-04-30,2026-05-05,62286.21,6353.19,9342.93,59296.47,Mobile App,Completed,Paid,Udaipur,Standard,2,Gold,0.0
BKG301566,CUST100937,HTL200917,2026-03-06,2026-04-16,2026-04-20,30539.59,2931.8,6107.92,27363.47,Partner Desk,Confirmed,Paid,Hyderabad,Suite,5,Gold,0.0
BKG301567,CUST100163,HTL200870,2026-03-03,2026-03-14,2026-03-21,10443.58,1190.57,522.18,11111.97,Mobile App,Confirmed,Partially Paid,Goa,Suite,4,Silver,0.0
BKG301568,CUST100101,HTL200224,2026-01-02,2026-01-17,2026-01-21,20776.52,2368.52,1038.83,22106.21,Website,No Show,Refunded,Agra,Family Room,4,Silver,6631.86
BKG301569,CUST101176,HTL200953,2026-05-14,2026-06-18,2026-06-24,19074.41,2060.04,1907.44,19227.01,Website,Confirmed,Paid,udaipur,Suite,2,Blue,0.0
BKG301570,CUST100690,HTL200436,2026-05-02,2026-05-25,2026-05-30,61752.25,7410.27,0.0,69162.52,Mobile App,Confirmed,Paid,Chennai,Deluxe,2,Silver,0.0
BKG301571,CUST100577,HTL200213,2026-03-16,2026-04-06,2026-04-10,56342.9,6761.15,0.0,63104.05,Mobile App,Cancelled,Paid,  Chennai  ,Deluxe,1,Gold,44172.84
BKG301572,CUST100610,HTL200942,2026-02-09,2026-03-09,2026-03-15,16542.85,1687.37,2481.43,15748.79,Partner Desk,Confirmed,Paid,Delhi,Suite,1,Blue,0.0
BKG301573,CUST100535,HTL200899,2026-03-30,2026-04-12,2026-04-17,14360.36,1550.92,1436.04,14475.24,Mobile App,Completed,Paid,Delhi,Standard,5,Blue,0.0
BKG301574,CUST100760,HTL200165,2026-01-28,2026-03-03,2026-03-06,13772.59,1487.44,1377.26,13882.77,Website,Confirmed,Partially Paid,Udaipur,Suite,2,Blue,0.0
BKG301575,CUST100895,HTL200372,2026-03-21,2026-04-28,2026-05-02,14458.65,1561.53,1445.87,14574.31,Mobile App,Pending,Paid,Chennai,Deluxe,5,Gold,0.0
BKG301576,,HTL200652,2026-03-04,2026-03-10,2026-03-11,1579.08,170.54,157.91,1591.71,Website,Completed,Paid,Goa,Suite,4,Blue,0.0
BKG301577,CUST100123,HTL200828,2026-05-20,2026-07-03,2026-07-09,63182.57,7581.91,0.0,70764.48,Mobile App,PENDING,Paid,Shimla,Executive,4,Silver,0.0
BKG301578,CUST100667,HTL200506,2026-02-10,2026-02-14,2026-02-18,31096.76,3358.45,3109.68,31345.53,Website,Completed,Paid,Varanasi,Family Room,2,Blue,0.0
BKG301579,CUST100348,HTL200982,2026-01-29,2026-02-03,2026-02-06,26717.79,3045.83,1335.89,28427.73,Mobile App,Confirmed,Paid,Jaipur,Executive,3,Silver,0.0
BKG301580,CUST100248,HTL200575,2026-01-23,2026-03-04,2026-03-07,18621.04,1899.35,2793.16,17727.23,  Mobile App  ,No Show,Paid,Udaipur,Executive,5,Silver,0.0
BKG301581,CUST100706,HTL200332,2026-03-21,2026-03-27,2026-03-31,59825.11,6820.06,2991.26,63653.91,Mobile App,Confirmed,paid,Udaipur,Family Room,3,Silver,0.0
BKG301582,CUST100712,HTL200211,2026-02-20,2026-03-13,2026-03-15,20438.43,1962.09,4087.69,18312.83,Website,Completed,Paid,Kochi,Standard,4,Silver,0.0
BKG301583,CUST101006,HTL200288,2026-04-22,2026-05-20,2026-05-26,45347.54,5169.62,2267.38,48249.78,Mobile App,Confirmed,Paid,Kolkata,Family Room,5,Blue,0.0
BKG301584,CUST100246,HTL200609,2026-04-15,2026-04-18,2026-04-23,30849.12,2961.52,6169.82,27640.82,Mobile App,Check-in Denied,Refund Pending,Hyderabad,Standard,4,Silver,13820.41
BKG301585,CUST100480,HTL200165,2026-02-14,2026-03-09,2026-03-14,24478.93,2496.85,3671.84,23303.94,Website,Confirmed,Paid,Udaipur,Deluxe,1,Blue,0.0
BKG301586,CUST100097,HTL200125,2026-03-31,2026-04-08,2026-04-11,4263.4,460.45,426.34,4297.51,Mobile App,Cancelled,Refund Pending,Hyderabad,Suite,2,Blue,4297.51
BKG301587,CUST100328,HTL200156,2026-05-30,2026-06-18,2026-06-22,32329.69,3685.58,1616.48,34398.79,Website,Completed,Paid,Jaipur,Deluxe,1,Blue,0.0
BKG301588,CUST101028,HTL200761,2026-05-18,2026-05-29,2026-05-31,28697.02,3271.46,1434.85,30533.63,Website,Confirmed,Payment Failed,  Kolkata  ,Deluxe,5,Silver,0.0
BKG301589,CUST100458,HTL200572,2026-05-15,2026-05-25,2026-05-31,82474.88,8412.44,12371.23,78516.09,Mobile App,Confirmed,Payment Failed,Goa,Deluxe,1,Gold,0.0
BKG301590,CUST100795,HTL200031,2026-03-30,2026-04-27,2026-04-28,10547.07,1139.08,1054.71,10631.44,Mobile App,Check-in Denied,Paid,Chennai,Suite,5,Blue,10631.44
BKG301591,,HTL200906,2026-01-15,2026-02-04,2026-02-09,9243.03,1053.71,462.15,9834.59,Website,Cancelled,Refund Pending,Mumbai,Standard,3,Blue,0.0
BKG301592,CUST100497,HTL200273,2026-03-18,2026-05-01,2026-05-08,109278.04,11802.03,10927.8,110152.27,Mobile App,Cancelled,Paid,Hyderabad,Family Room,2,Gold,77106.59
BKG301593,CUST100086,HTL200300,2026-04-16,2026-05-14,2026-05-20,89325.19,9647.12,8932.52,90039.79,Website,Completed,Paid,Varanasi,Standard,3,Silver,0.0
BKG301594,CUST100401,,2026-03-31,2026-04-29,2026-05-05,86047.55,10325.71,0.0,96373.26,Mobile App,Confirmed,Paid,Ahmedabad,Standard,4,Gold,0.0
BKG301595,CUST100196,HTL200523,2026-03-28,2026-04-05,2026-04-07,30097.18,3611.66,0.0,33708.84,Mobile App,Completed,Paid,Shimla,Executive,2,Blue,0.0
BKG301596,CUST100763,HTL200755,2026-03-02,2026-03-21,2026-03-27,77455.65,9294.68,0.0,86750.33,Mobile App,Completed,Paid,Jaipur,Suite,1,Blue,0.0
BKG301597,CUST101106,HTL200614,2026-04-18,2026-05-09,2026-05-14,21159.75,2539.17,0.0,23698.92,Call Center,Cancelled,Refund Pending,Shimla,Standard,5,Gold,16589.24
BKG301598,CUST100026,HTL200275,2026-03-02,2026-03-20,2026-03-24,57573.98,6563.43,2878.7,61258.71,Website,Completed,PaId,Varanasi,Standard,2,Silver,0.0
BKG301599,CUST100134,HTL200006,2026-02-20,2026-03-01,2026-03-06,76009.85,7753.0,11401.48,72361.37,Mobile App,Pending,Payment Failed,Jaipur,Deluxe,4,Silver,0.0
BKG301600,CUST101113,HTL200858,2026-01-12,2026-01-16,2026-01-17,7330.05,835.63,366.5,7799.18,Call Center,Confirmed,Partially Paid,Varanasi,Executive,3,Blue,0.0
BKG301601,CUST100205,HTL200454,2026-03-18,2026-04-28,2026-05-02,78686.75,9442.41,0.0,88129.16,Mobile App,Confirmed,Paid,Agra,Family Room,4,Gold,0.0
BKG301602,CUST101050,HTL200129,2026-04-22,2026-05-17,2026-05-20,28654.55,3266.62,1432.73,30488.44,Website,no show,Refund Pending,Pune,Executive,1,Gold,30488.44
BKG301603,CUST100602,HTL200298,2026-03-07,2026-04-10,2026-04-12,13037.43,1251.59,2607.49,11681.53,Website,Completed,Paid,Varanasi,Deluxe,5,Blue,0.0
BKG301604,CUST101091,HTL200096,2026-04-25,2026-05-04,2026-05-09,40189.99,4581.66,2009.5,42762.15,Website,Confirmed,Paid,Shimla,Deluxe,5,Blue,0.0
BKG301605,CUST100361,HTL200276,2026-01-30,2026-02-08,2026-02-12,22377.8,2148.27,4475.56,20050.51,Mobile App,Cancelled,refunded,Bengaluru,Deluxe,1,Silver,9022.73
BKG301606,CUST100657,HTL200284,2026-04-15,2026-05-03,2026-05-09,116024.73,13922.97,0.0,129947.7,Mobile App,Completed,Paid,Shimla,Suite,5,Blue,0.0
BKG301607,CUST101086,HTL200799,2026-01-31,2026-02-11,2026-02-15,32434.7,3892.16,0.0,36326.86,Website,Confirmed,Payment Failed,Shimla,Deluxe,2,Blue,0.0
BKG301608,CUST100971,HTL200172,2026-01-13,2026-01-26,2026-01-31,65027.52,7022.97,6502.75,65547.74,Mobile App,Completed,Paid,Manali,Standard,2,Gold,0.0
BKG301609,CUST100979,HTL200331,2026-05-08,2026-06-15,2026-06-18,40013.95,4561.59,2000.7,42574.84,Mobile App,Confirmed,Partially Paid,  Delhi  ,Suite,1,Blue,0.0
BKG301610,CUST100940,HTL200204,2026-04-11,2026-04-20,2026-04-25,45990.65,4966.99,4599.06,46358.58,Website,Confirmed,Paid,Jaipur,Deluxe,1,Silver,0.0
BKG301611,CUST100907,HTL200102,2026-03-08,2026-03-24,2026-03-27,4936.95,503.57,740.54,4699.98,Website,Confirmed,Paid,Chennai,Suite,4,Blue,0.0
BKG301612,CUST100245,HTL200624,2026-03-21,2026-03-25,2026-03-31,12363.55,1483.63,0.0,13847.18,Mobile App,Completed,Paid,  Shimla  ,Standard,5,Silver,0.0
BKG301613,CUST100277,HTL200954,2026-04-13,2026-99-99,2026-05-22,15599.11,1684.7,1559.91,15723.9,Mobile App,confirmed,Paid,Bengaluru,Deluxe,3,Blue,0.0
BKG301614,CUST100346,HTL200359,2026-01-19,2026-01-26,2026-01-30,68519.57,7400.11,6851.96,69067.72,Mobile App,No Show,Paid,Shimla,Deluxe,1,Silver,34533.86
BKG301615,CUST100371,HTL200130,2026-05-23,2026-06-07,2026-06-08,9075.35,925.69,1361.3,8639.74,Website,Completed,Paid,Agra,Standard,4,Gold,0.0
BKG301616,CUST100808,HTL200038,2026-02-01,2026-03-11,2026-03-12,12402.81,1413.92,620.14,13196.59,Website,confirmed,Payment Failed,Agra,Deluxe,1,Gold,0.0
BKG301617,CUST100848,HTL200306,2026-05-29,2026-06-09,2026-06-15,72351.27,8682.15,0.0,81033.42,Website,Cancelled,Refunded,Pune,Standard,1,Silver,0.0
BKG301618,CUST100122,HTL200883,2026-03-06,2026-04-07,2026-04-14,84752.21,9153.24,8475.22,85430.23,Website,Cancelled,Refund Pending,Hyderabad,Deluxe,2,Blue,59801.16
BKG301619,CUST101080,HTL200519,2026-01-27,2026-02-23,2026-03-02,67663.33,6495.68,13532.67,60626.34,Website,Completed,Paid,Ahmedabad,Deluxe,5,Gold,0.0
BKG301620,CUST100159,HTL200877,2026-02-16,2026-03-18,2026-03-22,21278.46,2553.42,0.0,23831.88,Mobile App,Confirmed,Paid,Goa,Executive,1,Silver,0.0
BKG301621,CUST101150,HTL200045,2026-01-12,2026-01-29,2026-01-30,13955.36,1674.64,0.0,15630.0,Mobile App,Confirmed,Paid,Goa,Suite,5,Blue,0.0
BKG301622,CUST100736,HTL200193,2026-03-26,2026-05-01,2026-05-07,25065.08,2857.42,1253.25,26669.25,Website,Cancelled,Refunded,Udaipur,Family Room,4,Blue,12001.16
BKG301623,CUST100517,HTL200517,2026-03-07,2026-03-26,2026-03-29,4034.89,435.77,403.49,4067.17,Mobile App,Confirmed,Paid,Manali,Executive,1,Blue,0.0
BKG301624,CUST100934,HTL200879,2026-05-13,2026-05-20,2026-05-24,33001.05,3762.12,1650.05,35113.12,Call Center,Confirmed,Paid,Bengaluru,Executive,3,Blue,0.0
BKG301625,CUST100745,HTL200569,2026-05-17,2026-06-29,2026-07-06,72289.87,8674.78,0.0,80964.65,Website,Completed,Paid,Bengaluru,Suite,2,Blue,0.0
BKG301626,CUST100287,HTL200168,2026-05-28,2026-06-18,2026-06-21,23782.85,2568.55,2378.29,23973.11,Mobile App,Confirmed,Paid,VaRaNaSi,Executive,3,Blue,0.0
BKG301627,CUST100419,HTL200121,2026-04-20,2026-05-18,2026-05-22,39082.98,4689.96,0.0,43772.94,Mobile App,Pending,Paid,Pune,Standard,2,Blue,0.0
BKG301628,CUST100139,HTL200248,2026-03-23,2026-03-26,2026-03-29,21674.97,2601.0,0.0,24275.97,Mobile App,No Show,Paid,Delhi,Executive,1,Silver,12137.98
BKG301629,CUST100706,HTL200206,2026-05-05,2026-05-19,2026-05-22,26215.33,2988.55,1310.77,27893.11,Website,Completed,Paid,Pune,Family Room,1,Blue,0.0
BKG301630,CUST100697,HTL200114,2026-03-04,2026-03-06,2026-03-07,2648.95,301.98,132.45,2818.48,Website,  Cancelled  ,Refunded,Kolkata,Standard,5,Gold,1268.32
BKG301631,CUST100986,HTL200238,2026-03-13,2026-04-11,2026-04-15,62033.5,7071.82,3101.68,66003.64,Mobile App,Completed,Paid,Chennai,Suite,2,Blue,0.0
BKG301632,CUST100474,HTL200565,2026-04-08,2026-04-26,2026-05-01,84334.99,10120.2,0.0,94455.19,Website,Cancelled,Refund Pending,Ahmedabad,Suite,4,Platinum,66118.63
BKG301633,CUST100388,HTL200075,2026-03-14,2026-04-20,2026-04-21,8881.81,1012.53,444.09,9450.25,Website,COMPLETED,Paid,Ahmedabad,Suite,3,Blue,0.0
BKG301634,CUST100510,HTL200168,2026-03-12,2026-04-05,2026-04-08,19763.42,2015.87,2964.51,18814.78,Mobile App,Confirmed,Paid,Varanasi,Standard,4,Gold,0.0
BKG301635,CUST100537,HTL200047,2026-01-30,2026-02-11,2026-02-14,38717.55,4413.8,1935.88,41195.47,Mobile App,Check-in Denied,Refund Pending,Kochi,Suite,2,Blue,0.0
BKG301636,CUST100212,HTL200735,2026-05-05,2026-06-06,2026-06-13,71410.61,7712.35,7141.06,71981.9,Mobile App,no show,Refund Pending,Goa,Suite,4,Platinum,35990.95
BKG301637,CUST100896,HTL200069,2026-01-16,2026-02-03,2026-02-08,15777.49,1893.3,0.0,17670.79,Mobile App,Check-in Denied,Paid,VARANASI,Family Room,2,Silver,17670.79
BKG301638,CUST101061,HTL200507,2026-05-13,2026-05-26,2026-06-02,11191.59,1342.99,0.0,12534.58,Mobile App,Cancelled,Paid,Manali,Deluxe,5,Blue,5640.56
BKG301639,CUST100232,HTL200154,2026-02-16,2026-02-20,2026-02-25,20942.55,2136.14,3141.38,19937.31,Mobile App,Completed,Paid,Manali,Deluxe,5,Blue,0.0
BKG301640,CUST100259,HTL200558,2026-04-11,2026-05-04,2026-05-07,20631.52,2351.99,1031.58,21951.93,Partner Desk,Confirmed,Paid,Agra,Deluxe,4,Platinum,0.0
BKG301641,CUST100307,HTL200460,2026-04-17,2026-04-27,2026-05-02,35823.18,4083.84,1791.16,38115.86,Mobile App,Confirmed,PAID,Goa,Suite,4,Blue,0.0
BKG301642,CUST100402,HTL200372,2026-05-06,2026-05-11,2026-05-13,7000.66,714.07,1050.1,6664.63,Mobile App,Confirmed,Payment Failed,chennai,Standard,2,Blue,0.0
BKG301643,CUST100996,HTL200790,2026-01-22,2026-03-03,2026-03-10,47834.34,5166.11,4783.43,48217.02,Mobile App,Confirmed,Paid,Udaipur,Suite,5,Blue,0.0
BKG301644,CUST100749,HTL200201,2026-03-24,2026-04-07,2026-04-14,57074.31,6164.03,5707.43,57530.91,Website,Completed,Paid,Kochi,Deluxe,4,Blue,0.0
BKG301645,CUST101129,HTL200653,2026-03-01,2026-04-04,2026-04-05,14666.64,1584.0,1466.66,14783.98,Website,Cancelled,Refunded,Agra,Family Room,2,Blue,14783.98
BKG301646,CUST100303,HTL200316,2026-02-27,2026-03-27,2026-03-31,62944.01,7553.28,0.0,70497.29,Website,Confirmed,Partially Paid,Chennai,Suite,2,Silver,0.0
BKG301647,CUST100342,HTL200450,2026-01-03,2026-01-11,2026-01-18,96021.24,9218.04,19204.25,86035.03,Mobile App,Completed,Paid,Delhi,Suite,4,Silver,0.0
BKG301648,CUST101061,HTL200637,2026-02-14,2026-03-02,2026-03-07,56989.88,5812.97,8548.48,54254.37,Mobile App,Confirmed,Paid,Ahmedabad,Suite,3,Blue,0.0
BKG301649,CUST100854,HTL200843,2026-02-19,2026-03-22,2026-03-27,57075.58,6849.07,0.0,63924.65,Mobile App,CaNcElLeD,Refunded,Shimla,Standard,1,Gold,0.0
BKG301650,CUST101069,HTL200664,2026-01-02,2026-01-09,2026-01-11,15449.38,1575.84,2317.41,14707.81,Website,Pending,Paid,Udaipur,Family Room,2,Silver,0.0
BKG301651,CUST100255,HTL200576,2026-01-15,2026-01-18,2026-01-22,66320.85,7560.58,3316.04,70565.39,Mobile App,Cancelled,Refunded,Hyderabad,Family Room,5,Blue,0.0
BKG301652,CUST100136,HTL200095,2026-05-23,2026-06-21,2026-06-23,37448.55,4044.44,3744.86,37748.13,Website,CoNfIrMeD,Paid,PuNe,Family Room,1,Blue,0.0
BKG301653,CUST100817,HTL200919,2026-04-06,2026-05-12,2026-05-16,34979.91,4197.59,0.0,39177.5,Mobile App,Completed,Paid,Varanasi,Family Room,2,Platinum,0.0
BKG301654,CUST100972,HTL200692,2026-03-26,2026-05-04,2026-05-11,118431.6,12790.61,11843.16,119379.05,Website,Cancelled,Refund Pending,Delhi,Deluxe,3,Silver,83565.33
BKG301655,CUST100037,HTL200495,2026-04-21,2026-04-25,2026-05-02,11496.96,1379.63,0.0,12876.59,Mobile App,Completed,Paid,Goa,Suite,1,Gold,0.0
BKG301656,CUST101178,HTL200361,2026-01-23,2026-02-01,2026-02-02,12989.84,1402.9,1298.98,13093.76,Mobile App,Check-in Denied,Refund Pending,Goa,Family Room,5,Blue,6546.88
BKG301657,CUST100104,HTL200456,2026-04-09,2026-04-26,2026-05-01,17814.04,2137.68,0.0,19951.72,Mobile App,Confirmed,PaId,Mumbai,Executive,1,Silver,0.0
BKG301658,CUST100254,HTL200177,2026-02-06,2026-02-26,2026-02-27,15566.93,1774.63,778.35,16563.21,Website,Confirmed,Paid,Jaipur,Executive,4,Blue,0.0
BKG301659,CUST100487,HTL200128,2026-04-17,2026-05-01,2026-05-05,49141.67,5307.3,4914.17,49534.8,Mobile App,Confirmed,Paid,Udaipur,Deluxe,2,Silver,0.0
BKG301660,CUST100457,HTL200489,2026-02-10,2026-03-11,2026-03-16,35887.44,3660.52,5383.12,34164.84,Mobile App,Cancelled,Paid,Shimla,Executive,4,Blue,23915.39
BKG301661,CUST100527,HTL200038,2026-02-26,2026-03-11,2026-03-18,84009.49,10081.14,0.0,94090.63,Mobile App,Completed,Paid,Agra,Executive,3,Silver,0.0
BKG301662,CUST100590,HTL200457,2026-04-07,2026-05-13,2026-05-15,6338.56,646.53,950.78,6034.31,Mobile App,Confirmed,Paid,Mumbai,Executive,1,Platinum,0.0
BKG301663,CUST100524,HTL200811,2026-01-25,2026-02-11,2026-02-18,118423.24,13500.25,5921.16,126002.33,Mobile App,Confirmed,Paid,Pune,Deluxe,4,Silver,0.0
BKG301664,CUST100369,HTL200872,2026-04-20,2026-06-02,2026-06-09,23379.38,2384.7,3506.91,22257.17,Mobile App,Completed,Paid,Hyderabad,Suite,3,Blue,0.0
BKG301665,CUST100101,HTL200349,2026-02-06,2026-02-10,2026-02-13,28016.53,3193.88,1400.83,29809.58,Website,PeNdInG,PaId,Udaipur,Deluxe,4,Blue,0.0
BKG301666,CUST100915,HTL200644,2026-02-09,2026-03-01,2026-03-03,10394.71,1060.26,1559.21,9895.76,Website,Completed,Paid,Manali,Standard,5,Silver,0.0
BKG301667,CUST100663,HTL200890,2026-03-26,2026-04-06,2026-04-09,36807.24,3975.18,3680.72,37101.7,Mobile App,Confirmed,  Paid  ,Varanasi,Standard,4,Silver,0.0
BKG301668,CUST100689,HTL200451,2026-02-15,2026-03-29,2026-03-31,17411.27,1984.89,870.56,18525.6,Mobile App,Completed,Paid,Goa,Executive,2,Silver,0.0
BKG301669,CUST100598,HTL200379,2026-04-12,2026-05-04,2026-05-08,54473.27,6209.95,2723.66,57959.56,Mobile App,Confirmed,Paid,AgRa,Executive,4,Platinum,0.0
BKG301670,CUST100599,HTL200108,2026-04-08,2026-04-16,2026-04-17,5330.87,511.76,1066.17,4776.46,Mobile App,Completed,Paid,Pune,Suite,4,Platinum,0.0
BKG301671,CUST100540,HTL200583,2026-01-19,2026-02-16,2026-02-19,21368.46,2179.58,3205.27,20342.77,Website,Completed,Paid,Bengaluru,Executive,4,Silver,0.0
BKG301672,CUST100388,HTL200207,2026-04-01,2026-05-12,2026-05-16,15738.3,1794.17,786.91,16745.56,Mobile App,Cancelled,Paid,Delhi,Standard,4,Blue,11721.89
BKG301673,CUST100362,HTL200576,2026-05-17,2026-06-16,2026-06-17,14272.23,1712.67,0.0,15984.9,Website,No Show,Paid,Hyderabad,Executive,4,Platinum,7992.45
BKG301674,CUST100930,HTL200240,2026-03-10,2026-04-12,2026-04-13,3871.71,394.91,580.76,3685.86,Mobile App,Confirmed,Paid,Agra,Suite,1,Blue,0.0
BKG301675,CUST100611,HTL200590,2026-01-05,2026-02-07,2026-02-12,76701.86,7363.38,15340.37,68724.87,Mobile App,Cancelled,Refunded,Jaipur,Standard,1,Blue,30926.19
BKG301676,CUST101138,HTL200087,2026-05-27,2026-07-02,2026-07-09,78649.26,9437.91,0.0,88087.17,Call Center,Check-in Denied,Paid,Bengaluru,Executive,5,Blue,44043.58
BKG301677,CUST100721,HTL200398,2026-02-17,2026-03-16,2026-03-21,91225.84,9305.04,13683.88,86847.0,Mobile App,Completed,Paid,Pune,Suite,1,Gold,0.0
BKG301678,CUST100342,HTL200689,2026-04-22,2026-05-12,2026-05-19,70764.31,8491.72,0.0,79256.03,Mobile App,Confirmed,PAID,Mumbai,Suite,3,Blue,0.0
BKG301679,CUST101097,HTL200261,2026-05-24,2026-06-26,2026-07-01,26205.66,2515.74,5241.13,23480.27,Mobile App,Cancelled,Refund Pending,Pune,Standard,2,Blue,10566.12
BKG301680,CUST100134,HTL200577,2026-01-18,2026-02-12,2026-02-15,5802.28,626.65,580.23,5848.7,Mobile App,Cancelled,Refund Pending,pune,Standard,4,Blue,2631.92
BKG301681,CUST100939,HTL200324,2026-05-29,2026-07-12,2026-07-15,35102.99,4001.74,1755.15,37349.58,Mobile App,Confirmed,Paid,Pune,Standard,4,Blue,0.0
BKG301682,CUST100977,HTL200370,2026-01-31,2026-03-15,2026-03-22,66845.0,7620.33,3342.25,71123.08,Website,Completed,Paid,Goa,Suite,4,Silver,0.0
BKG301683,CUST100379,HTL200934,2026-05-09,2026-05-28,2026-05-29,19807.04,2139.16,1980.7,19965.5,Call Center,Completed,Paid,Chennai,Standard,5,Silver,0.0
BKG301684,CUST101148,HTL200104,2026-05-11,2026-06-01,2026-06-04,21934.55,2368.93,2193.46,22110.02,Website,Confirmed,Paid,Udaipur,Standard,5,Gold,0.0
BKG301685,CUST100037,HTL200097,2026-01-25,2026-03-08,2026-03-09,15359.75,1566.69,2303.96,14622.48,Mobile App,Cancelled,Refunded,Kochi,Suite,3,Blue,0.0
BKG301686,CUST100780,HTL200486,2026-01-08,2026-02-10,2026-02-14,5917.84,639.13,591.78,5965.19,Call Center,Cancelled,ReFuNdEd,Bengaluru,Suite,4,Blue,0.0
BKG301687,CUST100309,HTL200095,2026-03-03,2026-03-06,2026-03-08,28799.19,3110.31,2879.92,29029.58,Website,No Show,Paid,Pune,Standard,5,Silver,8708.87
BKG301688,CUST100105,HTL200924,2026-05-15,2026-05-29,2026-05-30,17800.44,1708.84,3560.09,15949.19,MoBiLe aPp,Completed,Partially Paid,Udaipur,Standard,4,Gold,0.0
BKG301689,CUST100555,HTL200988,2026-01-07,2026-01-22,2026-01-23,10424.79,1125.88,1042.48,10508.19,Mobile App,Completed,Paid,Shimla,Standard,1,Blue,0.0
BKG301690,CUST100396,HTL200471,2026-05-16,2026-06-18,2026-06-22,61193.44,6241.73,9179.02,58256.15,Website,Completed,Paid,Delhi,Suite,4,Blue,0.0
BKG301691,CUST100152,HTL200045,2026-01-19,2026-03-02,2026-03-09,79304.75,8089.08,11895.71,75498.12,Website,Confirmed,Paid,Goa,Family Room,3,Blue,0.0
BKG301692,CUST100535,HTL200889,2026-05-25,2026-06-16,2026-06-21,32208.84,3285.3,4831.33,30662.81,Mobile App,Cancelled,Paid,Manali,Deluxe,3,Silver,21463.97
BKG301693,CUST100995,HTL200030,2026-05-19,2026-05-20,2026-05-26,75664.47,9079.74,0.0,84744.21,Mobile App,Completed,Paid,Shimla,Executive,5,Silver,0.0
BKG301694,CUST100965,HTL200407,2026-04-21,2026-05-22,2026-05-29,68279.76,7374.21,6827.98,68825.99,  Call Center  ,Cancelled,REFUND PENDING,Ahmedabad,Deluxe,4,Silver,0.0
BKG301695,CUST101169,HTL200374,2026-01-11,2026-02-15,2026-02-20,11408.51,1300.57,570.43,12138.65,Mobile App,Cancelled,Refund Pending,Pune,Suite,3,Blue,5462.39
BKG301696,CUST100892,HTL200381,2026-02-10,2026-03-02,2026-03-07,93156.9,10619.89,4657.84,99118.95,Mobile App,Completed,Paid,Udaipur,Family Room,1,Gold,0.0
BKG301697,CUST100582,HTL200910,2026-04-24,2026-05-26,2026-06-02,35270.47,4020.83,1763.52,37527.78,Partner Desk,Confirmed,Paid,Mumbai,Suite,5,Platinum,0.0
BKG301698,CUST100200,HTL200715,2026-04-02,2026-04-14,2026-04-21,39862.15,4065.94,5979.32,37948.77,Mobile App,No Show,  Paid  ,Varanasi,Standard,1,Blue,0.0
BKG301699,CUST100011,HTL200659,2026-03-16,2026-04-01,2026-04-02,9987.84,1138.61,499.39,10627.06,Call Center,CoMpLeTeD,Paid,Mumbai,Executive,3,Silver,0.0
BKG301700,CUST101075,HTL200643,2026-03-08,2026-03-16,2026-03-17,18098.17,2063.19,904.91,19256.45,Website,Pending,Paid,Manali,Deluxe,5,Silver,0.0
BKG301701,CUST100767,HTL200697,2026-01-05,2026-01-19,2026-01-22,22440.38,2692.85,0.0,25133.23,Mobile App,Completed,Paid,Pune,Suite,4,Silver,0.0
BKG301702,CUST100919,HTL200972,2026-04-26,2026-05-14,2026-05-17,6583.69,790.04,0.0,7373.73,  Mobile App  ,Confirmed,Paid,Agra,Family Room,2,Silver,0.0
BKG301703,CUST100520,HTL200700,2026-05-30,2026-06-29,2026-07-01,11357.73,1226.64,1135.77,11448.6,Mobile App,No Show,Refund Pending,Varanasi,Standard,4,Platinum,11448.6
BKG301704,CUST101163,HTL200488,2026-04-28,2026-05-31,2026-06-02,22961.32,2755.36,0.0,25716.68,Mobile App,Cancelled,Refund Pending,Chennai,Family Room,4,Silver,0.0
BKG301705,CUST100099,HTL200638,2026-01-11,2026-02-14,2026-02-20,31295.18,3755.42,0.0,35050.6,Website,Cancelled,Refund Pending,Hyderabad,Executive,1,Blue,0.0
BKG301706,CUST101160,HTL200875,2026-02-13,2026-03-29,2026-04-05,122770.54,13995.84,6138.53,130627.85,Mobile App,Confirmed,Paid,Pune,Family Room,4,Silver,0.0
BKG301706,CUST100870,HTL200905,2026-03-18,2026-04-21,2026-04-24,10160.03,1219.2,0.0,11379.23,Website,No Show,Refunded,chennai,Family Room,2,Blue,0.0
BKG301708,CUST100365,HTL200808,2026-04-28,2026-05-05,2026-05-12,9074.86,1088.98,0.0,10163.84,Website,Completed,Paid,Goa,Standard,5,Blue,0.0
BKG301709,CUST100656,HTL200308,2026-04-26,2026-05-02,2026-05-03,2052.63,209.37,307.89,1954.11,Mobile App,Completed,Paid,Kochi,Family Room,5,Blue,0.0
BKG301710,,HTL200598,2026-03-08,2026-03-14,2026-03-18,46589.12,4752.09,6988.37,44352.84,Call Center,No Show,Refund Pending,Agra,Standard,2,Blue,0.0
BKG301711,CUST100760,HTL200966,2026-01-13,2026-02-04,2026-02-07,3461.8,394.65,173.09,3683.36,Website,Completed,Partially Paid,Goa,Executive,1,Platinum,0.0
BKG301712,CUST100174,HTL200632,2026-04-02,2026-04-10,2026-04-11,14863.22,1694.41,743.16,15814.47,Partner Desk,Confirmed,Paid,Manali,Suite,2,Silver,0.0
BKG301713,CUST101111,HTL200843,2026-01-11,2026-02-17,2026-02-24,83447.97,8011.01,16689.59,74769.39,Mobile App,Completed,Partially Paid,Shimla,Standard,5,Platinum,0.0
BKG301714,CUST100544,HTL200815,2026-05-19,2026-06-03,2026-06-06,11792.99,1415.16,0.0,13208.15,Website,Completed,Paid,Varanasi,Suite,2,Gold,0.0
BKG301715,CUST100476,HTL200910,2026-03-26,2026-04-21,2026-04-26,22283.05,2406.57,2228.31,22461.31,Mobile App,No Show,Paid,Mumbai,Deluxe,1,Blue,0.0
BKG301716,CUST100282,HTL200134,2026-03-26,2026-05-04,2026-05-07,51477.43,5559.56,5147.74,51889.25,Partner Desk,Confirmed,Paid,Varanasi,Family Room,4,Blue,0.0
BKG301717,CUST100956,HTL200327,2026-05-15,2026-05-18,2026-05-25,75788.46,7730.42,11368.27,72150.61,Mobile App,Cancelled,Refunded,VaRaNaSi,Suite,4,Blue,50505.43
BKG301718,CUST100451,HTL200198,2026-01-17,2026-01-27,2026-02-03,40255.5,3864.53,8051.1,36068.93,Mobile App,CANCELLED,Paid,Shimla,Family Room,5,Silver,25248.25
BKG301719,CUST100081,HTL200682,2026-02-17,2026-02-20,2026-02-26,48707.77,5552.69,2435.39,51825.07,Mobile App,Confirmed,Paid,Shimla,Standard,1,Silver,0.0
BKG301720,CUST100815,HTL200259,2026-05-22,2026-06-21,2026-06-28,130854.28,14917.39,6542.71,139228.96,Mobile App,Confirmed,Paid,  Chennai  ,Family Room,4,Silver,0.0
BKG301721,CUST100519,HTL200123,2026-04-07,2026-04-29,2026-05-04,64806.67,6999.12,6480.67,65325.12,Mobile App,Completed,Paid,Udaipur,Executive,4,Platinum,0.0
BKG301722,CUST100133,HTL200753,2026-03-16,2026-03-19,2026-03-20,14861.1,1426.67,2972.22,13315.55,Mobile App,Cancelled,Refunded,Hyderabad,Suite,4,Platinum,0.0
BKG301723,CUST100446,HTL200946,2026-05-17,2026-05-18,2026-05-23,14165.87,1444.92,2124.88,13485.91,Partner Desk,Completed,Paid,Kolkata,Family Room,3,Blue,0.0
BKG301724,CUST100117,HTL200582,2026-03-18,2026-04-20,2026-04-23,14293.58,1543.71,1429.36,14407.93,Mobile App,Cancelled,Refunded,Kochi,Suite,4,Gold,0.0
BKG301725,CUST100748,HTL200381,2026-05-08,2026-05-27,2026-06-01,88619.53,9039.19,13292.93,84365.79,Mobile App,Completed,Paid,Udaipur,Suite,3,Gold,0.0
BKG301726,CUST101173,HTL200506,2026-02-06,2026-03-14,2026-03-20,48996.23,5879.55,0.0,54875.78,Website,Completed,Paid,Varanasi,Executive,2,Silver,0.0
BKG301727,CUST100645,HTL200570,2026-01-30,2026-03-05,2026-03-09,47451.4,5409.46,2372.57,50488.29,Mobile App,Confirmed,Payment Failed,Delhi,Standard,5,Blue,0.0
BKG301728,CUST100378,HTL200108,2026-02-16,2026-03-19,2026-03-24,30553.31,3666.4,0.0,34219.71,Call Center,Confirmed,Paid,Pune,Family Room,5,Blue,0.0
BKG301729,CUST100607,HTL200040,2026-05-15,2026-06-27,2026-07-04,137105.31,16452.64,0.0,153557.95,Mobile App,Cancelled,Refunded,Kolkata,Deluxe,3,Blue,0.0
BKG301730,CUST100965,HTL200444,2026-05-22,2026-06-15,2026-06-21,75933.37,8200.8,7593.34,76540.83,Mobile App,Cancelled,Paid,Goa,Suite,1,Blue,0.0
BKG301731,CUST100524,HTL200797,2026-02-17,2026-03-01,2026-03-06,51570.82,5260.22,7735.62,49095.42,Mobile App,Completed,Partially Paid,Goa,Standard,3,Silver,0.0
BKG301732,CUST101140,HTL200890,2026-05-14,2026-05-27,2026-05-29,25610.39,2765.92,2561.04,25815.27,Call Center,Completed,Partially Paid,Varanasi,Deluxe,4,Silver,0.0
BKG301733,CUST100575,,2026-02-03,2026-02-19,2026-02-23,72672.7,7848.65,7267.27,73254.08,Partner Desk,Completed,Paid,Bengaluru,Suite,1,Blue,0.0
BKG301734,CUST100936,HTL200797,2026-04-11,2026-04-27,2026-04-28,11009.53,1321.14,0.0,12330.67,Website,Confirmed,Paid,Goa,Deluxe,5,Blue,0.0
BKG301735,CUST100661,HTL200902,2026-02-15,2026-03-07,2026-03-14,14740.29,1591.95,1474.03,14858.21,Mobile App,Completed,Paid,pune,Family Room,2,Blue,0.0
BKG301736,CUST100875,HTL200563,2026-03-11,2026-04-21,2026-04-27,77716.66,8859.7,3885.83,82690.53,CALL CENTER,Completed,Paid,Bengaluru,Family Room,2,Blue,0.0
BKG301737,CUST100011,HTL200175,2026-05-16,2026-06-12,2026-06-17,30743.61,3320.31,3074.36,30989.56,Partner Desk,Completed,Paid,  Bengaluru  ,Suite,3,Gold,0.0
BKG301738,CUST101113,HTL200278,2026-01-24,2026-03-04,2026-03-08,5705.38,650.41,285.27,6070.52,Mobile App,Completed,Paid,Hyderabad,Suite,3,Blue,0.0
BKG301739,CUST100387,HTL200379,2026-03-08,2026-03-21,2026-03-22,14569.83,1573.54,1456.98,14686.39,Website,Cancelled,Paid,Agra,Family Room,3,Blue,14686.39
BKG301740,CUST100082,HTL200164,2026-01-04,2026-01-08,2026-01-12,44898.06,5118.38,2244.9,47771.54,Call Center,Confirmed,  Paid  ,Jaipur,Standard,3,Blue,0.0
BKG301741,CUST100975,HTL200838,2026-01-01,2026-02-02,2026-02-08,65600.86,7084.89,6560.09,66125.66,Mobile App,Completed,Paid,HYDERABAD,Deluxe,5,Gold,0.0
BKG301742,CUST100395,HTL200485,2026-02-03,2026-03-15,2026-03-17,7286.76,874.41,0.0,8161.17,Mobile App,Completed,Paid,  Hyderabad  ,Suite,4,Silver,0.0
BKG301743,CUST100544,HTL200988,2026-04-19,2026-05-23,2026-05-29,63933.88,7288.46,3196.69,68025.65,Website,Cancelled,Refunded,ShImLa,Suite,5,Silver,47617.95
BKG301744,CUST100660,HTL200993,2026-01-09,2026-02-17,2026-02-23,28506.38,3249.73,1425.32,30330.79,Mobile App,Completed,Paid,Ahmedabad,Executive,2,Silver,0.0
BKG301745,CUST100639,HTL200763,2026-03-04,2026-04-16,2026-04-17,10954.14,1183.05,1095.41,11041.78,Call Center,Confirmed,PaId,Delhi,Deluxe,2,Blue,0.0
BKG301746,CUST100099,HTL200614,2026-01-10,2026-01-27,2026-01-28,4559.27,492.4,455.93,4595.74,Mobile App,Pending,Paid,Shimla,Family Room,2,Blue,0.0
BKG301747,CUST100456,HTL200564,2026-05-18,2026-06-11,2026-06-16,76676.59,7821.01,11501.49,72996.11,Mobile App,Completed,Paid,Ahmedabad,Suite,4,Silver,0.0
BKG301748,CUST100873,HTL200766,2026-02-13,2026-03-14,2026-03-17,48286.09,5214.9,4828.61,48672.38,Mobile App,Confirmed,Paid,Agra,Suite,4,Silver,0.0
BKG301749,CUST100327,HTL200360,2026-04-28,2026-05-26,2026-06-01,77208.53,8801.77,3860.43,82149.87,Website,Completed,  Paid  ,Kolkata,Family Room,1,Blue,0.0
BKG301750,CUST100723,HTL200172,2026-01-06,2026-01-28,2026-01-29,15347.71,1565.47,2302.16,14611.02,Mobile App,Cancelled,Refund Pending,MaNaLi,Deluxe,4,Silver,10227.71
BKG301751,CUST100073,HTL200762,2026-05-01,2026-05-29,2026-06-04,56806.02,6475.89,2840.3,60441.61,Mobile App,COMPLETED,Paid,Pune,Standard,2,Blue,0.0
BKG301752,CUST101119,HTL200176,2026-04-05,2026-04-30,2026-05-06,60296.26,7235.55,0.0,67531.81,Mobile App,Completed,Paid,Kolkata,Family Room,4,Silver,0.0
BKG301753,CUST100091,HTL200048,2026-04-21,2026-06-01,2026-06-02,10070.58,1087.62,1007.06,10151.14,Website,Confirmed,Paid,Pune,Standard,4,Silver,0.0
BKG301754,CUST100329,HTL200110,2026-04-15,2026-04-18,2026-04-20,10877.74,1305.33,0.0,12183.07,Call Center,Completed,Paid,Goa,Suite,4,Silver,0.0
BKG301755,CUST100174,HTL200209,2026-03-05,2026-03-18,2026-03-20,19772.97,2372.76,0.0,22145.73,Website,Confirmed,Paid,Pune,Standard,3,Blue,0.0
BKG301756,CUST100314,HTL200759,2026-05-20,2026-06-20,2026-06-26,34058.84,3678.36,3405.88,34331.32,Website,completed,Paid,Jaipur,Standard,4,Silver,0.0
BKG301757,CUST100496,HTL200686,2026-03-12,2026-03-25,2026-03-27,22051.32,2249.23,3307.7,20992.85,Mobile App,Completed,Paid,Delhi,Family Room,3,Gold,0.0
BKG301758,CUST100427,HTL200618,2026-04-14,2026-05-25,2026-05-31,55347.57,5645.45,8302.13,52690.89,Mobile App,Completed,Paid,Delhi,Suite,2,Silver,0.0
BKG301759,CUST100034,HTL200664,2026-03-30,2026-04-17,2026-04-22,43300.92,4936.3,2165.05,46072.17,Mobile App,Completed,Payment Failed,Udaipur,Deluxe,1,Gold,0.0
BKG301760,CUST100118,HTL200858,2026-01-06,2026-02-12,2026-02-13,6572.39,670.38,985.86,6256.91,Website,Completed,Paid,VARANASI,Executive,5,Blue,0.0
BKG301761,CUST100924,HTL200154,2026-04-20,2026-06-02,2026-06-08,21609.6,2333.84,2160.96,21782.48,Website,Confirmed,Paid,Manali,Standard,1,Silver,0.0
BKG301762,CUST100827,HTL200651,2026-04-22,2026-05-26,2026-05-28,28958.38,2953.75,4343.76,27568.37,Website,Confirmed,Partially Paid,DeLhI,Suite,5,Blue,0.0
BKG301763,CUST101128,HTL200662,2026-05-30,2026-06-16,2026-06-18,18350.11,1981.81,1835.01,18496.91,Call Center,Confirmed,Paid,Kochi,Executive,2,Gold,0.0
BKG301764,CUST100389,HTL200272,2026-05-07,2026-05-28,2026-06-01,60673.96,6552.79,6067.4,61159.35,WeBsItE,Confirmed,Partially Paid,  Varanasi  ,Deluxe,3,Platinum,0.0
BKG301765,CUST100175,HTL200555,2026-05-16,2026-06-21,2026-06-25,34679.42,4161.53,0.0,38840.95,Mobile App,Cancelled,Refund Pending,Agra,Executive,4,Gold,0.0
BKG301766,CUST100105,HTL200582,2026-03-04,2026-04-13,2026-04-20,32253.77,3483.41,3225.38,32511.8,Mobile App,Cancelled,Paid,Kochi,Deluxe,3,Blue,32511.8
BKG301767,CUST100591,HTL200636,2026-05-21,2026-06-09,2026-06-11,32622.17,3523.19,3262.22,32883.14,PARTNER DESK,Cancelled,Refunded,Manali,Executive,5,Blue,32883.14
BKG301768,CUST101186,HTL200663,2026-05-26,2026-06-07,2026-06-14,58274.72,6643.32,2913.74,62004.3,Call Center,Completed,Paid,Hyderabad,Deluxe,4,Blue,0.0
BKG301769,CUST100913,HTL200454,2026-01-18,2026-02-15,2026-02-22,122910.15,13274.3,12291.02,123893.43,Mobile App,Confirmed,Paid,  Agra  ,Standard,5,Gold,0.0
BKG301770,CUST100954,HTL200860,2026-03-18,2026-03-29,2026-04-05,129757.17,14013.77,12975.72,130795.22,Website,Cancelled,Refund Pending,Bengaluru,Executive,5,Blue,58857.85
BKG301771,CUST100952,HTL200315,2026-05-22,2026-06-28,2026-07-03,17904.31,1933.67,1790.43,18047.55,Mobile App,Completed,Paid,Manali,Deluxe,4,Silver,0.0
BKG301772,CUST100860,HTL200820,2026-05-19,2026-06-16,2026-06-19,20429.5,2328.96,1021.48,21736.98,Mobile App,Confirmed,Paid,Bengaluru,Suite,1,Blue,0.0
BKG301773,CUST100126,HTL200731,2026-04-13,2026-05-18,2026-05-24,31463.61,3775.63,0.0,35239.24,Website,No Show,Refunded,Jaipur,Family Room,1,Blue,10571.77
BKG301774,CUST100823,HTL200214,2026-04-27,2026-06-10,2026-06-14,71728.33,8607.4,0.0,80335.73,CALL CENTER,Confirmed,Paid,Mumbai,Executive,5,Blue,0.0
BKG301775,CUST100233,HTL200329,2026-01-17,2026-02-01,2026-02-07,94035.62,10155.85,9403.56,94787.91,Mobile App,Completed,Payment Failed,  Kochi  ,Executive,2,Gold,0.0
BKG301776,CUST100666,HTL200143,2026-01-14,2026-01-30,2026-02-03,8032.45,963.89,0.0,8996.34,Mobile App,Completed,Paid,Ahmedabad,Executive,3,Gold,0.0
BKG301777,CUST100930,HTL200618,2026-02-26,2026-03-05,2026-03-06,11129.91,1335.59,0.0,12465.5,Website,Cancelled,Refunded,Delhi,Executive,1,Blue,12465.5
BKG301778,CUST100136,HTL200353,2026-04-03,2026-04-06,2026-04-07,3110.69,298.63,622.14,2787.18,Mobile App,No Show,Paid,Varanasi,Family Room,4,Blue,2787.18
BKG301779,CUST100555,HTL200280,2026-05-14,2026-06-14,2026-06-16,27830.14,3339.62,0.0,31169.76,Mobile App,Check-in Denied,Refund Pending,Mumbai,Executive,5,Gold,15584.88
BKG301780,CUST100758,HTL200321,2026-04-24,2026-05-06,2026-05-07,4292.01,463.54,429.2,4326.35,Mobile App,Completed,Paid,Shimla,Standard,3,Blue,0.0
BKG301781,CUST101172,HTL200305,2026-05-12,2026-05-20,2026-05-21,10174.97,976.8,2034.99,9116.78,Mobile App,Completed,Paid,Shimla,Standard,3,Blue,0.0
BKG301782,CUST100055,HTL200836,2026-05-19,2026-06-13,2026-06-16,48157.37,5201.0,4815.74,48542.63,Website,Confirmed,Paid,Shimla,Suite,5,Gold,0.0
BKG301783,CUST100355,HTL200845,2026-04-19,2026-06-02,2026-06-09,30440.3,3104.91,4566.04,28979.17,Mobile App,Completed,Paid,Manali,Family Room,3,Gold,0.0
BKG301784,CUST100922,HTL200478,2026-04-29,2026-06-03,2026-06-08,12659.18,1215.28,2531.84,11342.62,Mobile App,No Show,Refund Pending,Jaipur,Suite,2,Blue,11342.62
BKG301785,CUST100812,HTL200935,2026-04-02,2026-04-14,2026-04-16,33016.11,3367.64,4952.42,31431.33,Partner Desk,Completed,Paid,Pune,Standard,5,Blue,0.0
BKG301786,CUST101086,HTL200389,2026-01-11,2026-02-01,2026-02-04,35827.52,3869.37,3582.75,36114.14,Call Center,Confirmed,Paid,Udaipur,Executive,3,Blue,0.0
BKG301787,CUST101086,HTL200063,2026-04-09,2026-05-05,2026-05-07,33133.86,3777.26,1656.69,35254.43,Mobile App,Confirmed,Payment Failed,Kochi,Executive,3,Silver,0.0
BKG301788,CUST100805,HTL200795,2026-01-08,2026-01-10,2026-01-15,59075.26,6734.58,2953.76,62856.08,Mobile App,Completed,Payment Failed,Udaipur,Deluxe,1,Blue,0.0
BKG301789,CUST101052,HTL200264,2026-04-24,2026-05-08,2026-05-10,10695.46,1090.94,1604.32,10182.08,Mobile App,Confirmed,Paid,UdAiPuR,Family Room,3,Blue,0.0
BKG301790,CUST100599,HTL200005,2026-05-29,2026-06-02,2026-06-08,9688.72,988.25,1453.31,9223.66,Mobile App,Completed,Paid,VaRaNaSi,Deluxe,3,Gold,0.0
BKG301791,CUST100567,HTL200912,2026-03-06,2026-03-23,2026-03-29,39583.59,4037.53,5937.54,37683.58,Mobile App,Confirmed,Paid,Mumbai,Family Room,1,Silver,0.0
BKG301792,CUST100704,HTL200167,2026-04-03,2026-04-08,2026-04-14,65930.94,7120.54,6593.09,66458.39,Mobile App,Confirmed,Paid,ahmedabad,Family Room,5,Gold,0.0
BKG301793,CUST100611,HTL200354,2026-04-14,2026-05-08,2026-05-09,11158.18,1272.03,557.91,11872.3,Call Center,Confirmed,Paid,  Varanasi  ,Executive,1,Blue,0.0
BKG301794,CUST100140,HTL200971,2026-04-09,2026-04-16,2026-04-21,73894.26,8423.95,3694.71,78623.5,Call Center,No sHoW,Paid,goa,Executive,4,Platinum,23587.05
BKG301795,CUST100560,HTL200172,2026-03-25,2026-04-17,2026-04-20,39506.78,4740.81,0.0,44247.59,Website,Cancelled,Refund Pending,Manali,Suite,4,Gold,0.0
BKG301796,CUST100498,HTL200849,2026-03-14,2026-03-31,2026-04-03,30582.57,3302.92,3058.26,30827.23,Website,Completed,Paid,Chennai,Standard,2,Blue,0.0
BKG301797,CUST100626,HTL200118,2026-05-25,2026-06-06,2026-06-10,21513.94,2581.67,0.0,24095.61,WEBSITE,Completed,Paid,Mumbai,Standard,3,Blue,0.0
BKG301798,CUST100501,HTL200938,2026-02-28,2026-03-11,2026-03-14,13754.82,1568.05,687.74,14635.13,Mobile App,Completed,Paid,Kolkata,Executive,4,Blue,0.0
BKG301799,CUST100740,HTL200225,2026-01-31,2026-02-11,2026-02-18,50251.02,5125.6,7537.65,47838.97,Mobile App,Cancelled,Refund Pending,Shimla,Standard,5,Blue,33487.28
BKG301800,CUST100763,HTL200173,2026-03-05,2026-04-08,2026-04-14,75779.69,9093.56,0.0,84873.25,Website,Check-in Denied,Paid,Varanasi,Family Room,5,Blue,0.0
BKG301801,CUST100674,HTL200958,2026-02-17,2026-03-26,2026-04-02,45409.5,4359.31,9081.9,40686.91,Website,confirmed,Paid,Hyderabad,Standard,4,Blue,0.0
BKG301802,CUST100048,HTL200128,2026-01-23,2026-02-21,2026-02-28,92777.23,11133.27,0.0,103910.5,Mobile App,Confirmed,Paid,  Udaipur  ,Suite,1,Blue,0.0
BKG301803,CUST100626,HTL200186,2026-02-24,2026-04-01,2026-04-07,61411.07,5895.46,12282.21,55024.32,Mobile App,Completed,Paid,Delhi,Standard,2,Gold,0.0
BKG301804,CUST100679,HTL200062,2026-01-07,2026-02-03,2026-02-07,6223.6,709.49,311.18,6621.91,Call Center,Confirmed,Paid,Manali,Standard,1,Silver,0.0
BKG301805,CUST100276,HTL200974,2026-04-22,2026-06-03,2026-06-04,2795.05,335.41,0.0,3130.46,Mobile App,No Show,Paid,Bengaluru,Suite,2,Blue,1565.23
BKG301806,CUST100046,HTL200892,2026-04-16,2026-05-08,2026-05-11,43297.48,4676.13,4329.75,43643.86,Mobile App,Completed,Paid,PUNE,Suite,4,Blue,0.0
BKG301807,CUST100925,HTL200273,2026-04-08,2026-04-10,2026-04-15,70851.5,7226.85,10627.73,67450.62,Mobile App,CoMpLeTeD,  Paid  ,Hyderabad,Executive,1,Silver,0.0
BKG301808,CUST100215,HTL200597,2026-01-12,2026-02-17,2026-02-21,31019.35,3536.21,1550.97,33004.59,Mobile App,Completed,Paid,Ahmedabad,Suite,4,Blue,0.0
BKG301809,CUST100229,HTL200209,2026-03-01,2026-03-31,2026-04-03,34041.66,3676.5,3404.17,34313.99,Mobile App,Cancelled,ReFuNd pEnDiNg,Pune,Executive,2,Silver,0.0
BKG301810,CUST100322,HTL200192,2026-02-21,2026-02-28,2026-03-01,5248.29,503.84,1049.66,4702.47,Mobile App,Confirmed,payment failed,Agra,Family Room,5,Gold,0.0
BKG301811,CUST100224,HTL200749,2026-05-20,2026-06-01,2026-06-08,56356.51,6762.78,0.0,63119.29,Website,No Show,Paid,Delhi,Deluxe,1,Blue,63119.29
BKG301812,CUST100045,HTL200531,2026-05-21,2026-05-24,2026-05-29,81126.51,8274.9,12168.98,77232.43,Mobile App,Confirmed,Partially Paid,Hyderabad,Standard,4,Blue,0.0
BKG301813,CUST101037,HTL200951,2026-03-13,2026-03-30,2026-04-04,78709.85,8972.92,3935.49,83747.28,Website,Pending,Paid,Kochi,Suite,2,Blue,0.0
BKG301814,CUST100632,HTL200181,2026-05-05,2026-06-15,2026-06-22,70557.93,8043.6,3527.9,75073.63,Mobile App,Confirmed,Paid,Pune,Standard,5,Gold,0.0
BKG301815,CUST100374,HTL200559,2026-03-01,2026-04-02,2026-04-03,4955.77,564.96,247.79,5272.94,Mobile App,Cancelled,Paid,JAIPUR,Family Room,1,Silver,5272.94
BKG301816,CUST100702,HTL200227,2026-01-31,2026-02-08,2026-02-11,48715.35,5553.55,2435.77,51833.13,Website,Confirmed,Paid,Pune,Deluxe,2,Gold,0.0
BKG301817,CUST100986,HTL200565,2026-03-18,2026-04-10,2026-04-17,129384.77,15526.17,0.0,144910.94,Website,Completed,Paid,Ahmedabad,Suite,1,Blue,0.0
BKG301818,CUST100332,HTL200613,2026-03-17,2026-04-24,2026-04-26,23490.65,2677.93,1174.53,24994.05,Website,Completed,Paid,bengaluru,Executive,1,Platinum,0.0
BKG301819,CUST100165,HTL200088,2026-03-02,2026-04-01,2026-04-04,50995.63,5813.5,2549.78,54259.35,Mobile App,Confirmed,Partially Paid,Jaipur,Executive,3,Silver,0.0
BKG301820,CUST100506,HTL200143,2026-01-02,2026-01-17,2026-01-24,15188.34,1640.34,1518.83,15309.85,Mobile App,Completed,Paid,Ahmedabad,Suite,4,Blue,0.0
BKG301821,CUST100116,HTL200659,2026-05-01,2026-05-11,2026-05-18,84317.44,9106.28,8431.74,84991.98,WEBSITE,Confirmed,Paid,  Mumbai  ,Suite,3,Silver,0.0
BKG301822,CUST100942,HTL200741,2026-02-28,2026-04-07,2026-04-11,37702.97,4071.92,3770.3,38004.59,  Mobile App  ,Completed,Paid,bengaluru,Family Room,1,Silver,0.0
BKG301823,CUST100635,HTL200814,2026-02-09,2026-02-24,2026-02-28,49957.85,5695.19,2497.89,53155.15,Website,Completed,Paid,Kolkata,Deluxe,2,Blue,0.0
BKG301824,CUST100456,HTL200249,2026-02-01,2026-03-03,2026-03-06,22119.74,2123.49,4423.95,19819.28,Mobile App,Cancelled,Refunded,Hyderabad,Suite,4,Gold,19819.28
BKG301825,CUST100868,HTL200224,2026-02-07,2026-03-05,2026-03-11,36479.3,4158.64,1823.97,38813.97,Website,Confirmed,Paid,AGRA,Executive,2,Platinum,0.0
BKG301826,CUST100215,HTL200902,2026-04-02,2026-04-16,2026-04-20,8103.67,972.44,0.0,9076.11,Website,Confirmed,Paid,pune,Deluxe,2,Blue,0.0
BKG301827,CUST100112,HTL200918,2026-03-29,2026-04-01,2026-04-03,29495.05,3185.47,2949.51,29731.01,Mobile App,Completed,Paid,  Ahmedabad  ,Suite,5,Gold,0.0
BKG301828,CUST101039,HTL200970,2026-05-21,2026-06-26,2026-07-02,71437.2,7715.22,7143.72,72008.7,Mobile App,No Show,Refund Pending,Kolkata,Deluxe,1,Silver,72008.7
BKG301829,CUST100215,HTL200672,2026-03-26,2026-04-21,2026-04-23,19544.34,2345.32,0.0,21889.66,Website,Cancelled,Refunded,Delhi,Family Room,2,Silver,9850.35
BKG301830,CUST100426,HTL200167,2026-03-17,2026-99-99,2026-04-05,58126.6,6975.19,0.0,65101.79,Website,Completed,paid,ahmedabad,Suite,1,Gold,0.0
BKG301831,CUST101158,HTL200109,2026-05-08,2026-06-08,2026-06-12,62312.36,6355.86,9346.85,59321.37,Mobile App,No Show,Paid,Manali,Suite,3,Silver,59321.37
BKG301832,CUST101066,HTL200772,2026-01-13,2026-01-27,2026-02-03,60167.49,6859.09,3008.37,64018.21,Mobile App,Cancelled,Refunded,Delhi,Deluxe,3,Blue,64018.21
BKG301833,CUST100763,HTL200172,2026-02-08,2026-03-20,2026-03-26,90116.64,10273.3,4505.83,95884.11,Mobile App,Confirmed,Paid,Manali,Suite,2,Silver,0.0
BKG301834,CUST100283,HTL200510,2026-01-23,2026-02-02,2026-02-05,4382.73,420.74,876.55,3926.92,Mobile App,Confirmed,Paid,Udaipur,Deluxe,1,Blue,0.0
BKG301835,CUST100833,HTL200878,2026-04-20,2026-04-29,2026-05-05,65562.9,7867.55,0.0,73430.45,Mobile App,Confirmed,Payment Failed,chennai,Deluxe,5,Silver,0.0
BKG301836,CUST101121,HTL200296,2026-04-17,2026-05-27,2026-06-03,49739.49,5371.87,4973.95,50137.41,Call Center,Confirmed,Paid,Hyderabad,Suite,4,Gold,0.0
BKG301837,,HTL200903,2026-04-02,2026-05-15,2026-05-20,75880.49,8650.38,3794.02,80736.85,Mobile App,Completed,Paid,Delhi,Executive,3,Blue,0.0
BKG301838,CUST100229,HTL200242,2026-05-22,2026-07-03,2026-07-05,26399.65,3167.96,0.0,29567.61,Partner Desk,Completed,Paid,Mumbai,Family Room,3,Platinum,0.0
BKG301839,CUST100384,HTL200208,2026-05-25,2026-06-12,2026-06-17,24528.65,2943.44,0.0,27472.09,Website,Completed,Paid,Chennai,Deluxe,5,Silver,0.0
BKG301840,CUST100158,HTL200242,2026-01-24,2026-03-01,2026-03-02,10877.3,1174.75,1087.73,10964.32,Mobile App,Confirmed,Paid,Mumbai,Executive,2,Blue,0.0
BKG301841,CUST100823,HTL200253,2026-02-03,2026-03-11,2026-03-15,62915.5,7549.86,0.0,70465.36,Mobile App,Cancelled,Refunded,Delhi,Deluxe,3,Platinum,0.0
BKG301842,CUST100470,HTL200081,2026-04-22,2026-05-04,2026-05-07,16665.65,1799.89,1666.57,16798.97,Website,Completed,Paid,Hyderabad,Executive,3,Gold,0.0
BKG301843,CUST100207,HTL200433,2026-05-18,2026-06-27,2026-06-29,23869.09,2291.43,4773.82,21386.7,Mobile App,Completed,Paid,Chennai,Suite,4,Silver,0.0
BKG301844,CUST100173,HTL200474,2026-04-28,2026-05-01,2026-05-06,78812.42,8038.87,11821.86,75029.43,Mobile App,Pending,Paid,Mumbai,Family Room,5,Blue,0.0
BKG301845,CUST101104,HTL200542,2026-05-29,2026-06-16,2026-06-19,29618.72,3376.53,1480.94,31514.31,Call Center,Confirmed,Paid,Udaipur,Executive,5,Silver,0.0
BKG301846,CUST101041,HTL200003,2026-01-07,2026-01-14,2026-01-18,51341.23,6160.95,0.0,57502.18,Mobile App,Completed,Payment Failed,Bengaluru,Standard,1,Gold,0.0
BKG301847,CUST101016,HTL200193,2026-03-31,2026-05-01,2026-05-08,34540.5,3937.62,1727.02,36751.1,Mobile App,Completed,Paid,Udaipur,Deluxe,5,Blue,0.0
BKG301848,CUST100707,HTL200055,2026-01-13,2026-01-14,2026-01-17,26336.1,3002.32,1316.81,28021.61,Mobile App,No Show,Paid,Udaipur,Executive,4,Blue,8406.48
BKG301849,CUST100974,HTL200260,2026-03-21,2026-04-21,2026-04-25,12577.98,1207.49,2515.6,11269.87,WeBsItE,Confirmed,Paid,Varanasi,Family Room,5,Blue,0.0
BKG301850,CUST100396,HTL200592,2026-01-30,2026-02-12,2026-02-16,25508.53,2448.82,5101.71,22855.64,Mobile App,Cancelled,Refunded,Kolkata,Family Room,1,Blue,0.0
BKG301851,CUST100973,HTL200565,2026-05-13,2026-06-11,2026-06-15,79585.91,9072.79,3979.3,84679.4,Mobile App,No Show,Refunded,Ahmedabad,Family Room,4,Blue,0.0
BKG301852,CUST100765,HTL200379,2026-01-16,2026-01-19,2026-01-24,57546.85,6905.62,0.0,64452.47,Mobile App,Completed,Partially Paid,Agra,Executive,3,Silver,0.0
BKG301853,CUST101165,HTL200486,2026-05-30,2026-06-28,2026-07-05,11219.07,1144.35,1682.86,10680.56,website,CONFIRMED,Paid,Bengaluru,Executive,2,Blue,0.0
BKG301854,CUST100676,HTL200095,2026-02-09,2026-03-16,2026-03-20,72930.66,7438.93,10939.6,69429.99,Website,Completed,Paid,Pune,Suite,3,Silver,0.0
BKG301855,CUST100516,HTL200860,2026-02-06,2026-02-21,2026-02-24,50004.18,5700.48,2500.21,53204.45,Mobile App,Confirmed,Paid,Bengaluru,Standard,1,Blue,0.0
BKG301856,CUST100661,HTL200335,2026-03-19,2026-04-09,2026-04-16,19215.88,2190.61,960.79,20445.7,Website,Completed,Paid,Pune,Executive,4,Platinum,0.0
BKG301857,CUST101155,HTL200768,2026-01-16,2026-02-04,2026-02-05,7813.68,890.76,390.68,8313.76,Mobile App,NO SHOW,Refund Pending,Shimla,Suite,3,Silver,8313.76
BKG301858,CUST100305,HTL200715,2026-02-12,2026-03-12,2026-03-15,17982.08,1834.17,2697.31,17118.94,Mobile App,Completed,Paid,Varanasi,Deluxe,1,Silver,0.0
BKG301859,CUST100357,HTL200722,2026-03-04,2026-03-08,2026-03-13,19195.05,2303.41,0.0,21498.46,Call Center,Confirmed,Partially Paid,Ahmedabad,Standard,3,Blue,0.0
BKG301860,CUST101186,HTL200328,2026-01-15,2026-01-28,2026-02-01,47899.7,4885.77,7184.95,45600.52,Mobile App,Confirmed,Paid,Kochi,Family Room,2,Silver,0.0
BKG301861,CUST100418,HTL200495,2026-05-17,2026-06-01,2026-06-08,10609.26,1273.11,0.0,11882.37,Call Center,Completed,Paid,Goa,Standard,3,Silver,0.0
BKG301862,CUST100641,HTL200828,2026-03-06,2026-04-14,2026-04-15,11060.96,1061.85,2212.19,9910.62,Website,Completed,Paid,Shimla,Deluxe,3,Blue,0.0
BKG301863,CUST100506,HTL200637,2026-02-13,2026-03-17,2026-03-22,57724.21,6580.56,2886.21,61418.56,Mobile App,Completed,Payment Failed,Ahmedabad,Executive,3,Blue,0.0
BKG301864,CUST100311,HTL200518,2026-01-20,2026-01-23,2026-01-25,35235.29,4228.24,0.0,39463.53,Website,Cancelled,Refund Pending,Varanasi,Executive,1,Blue,39463.53
BKG301865,CUST100703,HTL200925,2026-04-29,2026-05-29,2026-05-31,37235.15,4468.22,0.0,41703.37,Mobile App,Completed,Paid,Agra,Suite,4,Silver,0.0
BKG301866,CUST100244,HTL200124,2026-04-22,2026-05-12,2026-05-14,8329.84,899.62,832.98,8396.48,Mobile App,Pending,Paid,Manali,Executive,5,Silver,0.0
BKG301867,CUST100476,HTL200782,2026-05-03,2026-05-05,2026-05-06,14157.35,1698.88,0.0,15856.23,Mobile App,No Show,  Refund Pending  ,Goa,Executive,1,Silver,4756.87
BKG301868,CUST100614,HTL200619,2026-03-21,2026-04-15,2026-04-22,125908.77,13598.15,12590.88,126916.04,Partner Desk,Confirmed,Paid,Shimla,Standard,5,Silver,0.0
BKG301869,CUST100435,HTL200259,2026-04-10,2026-04-21,2026-04-24,55109.24,6282.45,2755.46,58636.23,Mobile App,Confirmed,Paid,Chennai,Deluxe,5,Blue,0.0
BKG301870,CUST100249,HTL200830,2026-01-06,2026-01-07,2026-01-08,14603.06,1752.37,0.0,16355.43,Website,Confirmed,Paid,Mumbai,Family Room,3,Blue,0.0
BKG301871,CUST101045,HTL200581,2026-03-24,2026-04-03,2026-04-10,44046.69,5021.32,2202.33,46865.68,Call Center,Confirmed,Paid,Goa,Family Room,2,Silver,0.0
BKG301872,CUST100476,HTL200549,2026-01-31,2026-02-17,2026-02-18,11457.55,1237.42,1145.75,11549.22,Mobile App,Confirmed,Paid,Manali,Suite,5,Gold,0.0
BKG301873,CUST100510,HTL200686,2026-03-07,2026-04-06,2026-04-13,74543.16,8497.92,3727.16,79313.92,Website,completed,Paid,Delhi,Deluxe,5,Platinum,0.0
BKG301874,CUST100773,HTL200699,2026-01-18,2026-02-22,2026-02-23,19936.34,2272.74,996.82,21212.26,Mobile App,Confirmed,Paid,Chennai,Standard,3,Gold,0.0
BKG301875,CUST100923,HTL200738,2026-01-28,2026-02-16,2026-02-18,12807.47,1383.21,1280.75,12909.93,Mobile App,Confirmed,Paid,Shimla,Family Room,2,Blue,0.0
BKG301876,CUST101065,HTL200769,2026-03-09,2026-04-12,2026-04-18,69027.03,7869.08,3451.35,73444.76,Call Center,Confirmed,paid,Varanasi,Suite,3,Silver,0.0
BKG301877,CUST100073,HTL200708,2026-04-24,2026-05-26,2026-06-02,22162.76,2659.53,0.0,24822.29,Mobile App,Confirmed,Paid,Jaipur,Executive,5,Blue,0.0
BKG301878,CUST100808,,2026-02-27,2026-03-11,2026-03-18,22970.08,2756.41,0.0,25726.49,Website,Completed,Paid,Pune,Executive,1,Silver,0.0
BKG301879,CUST100830,HTL200562,2026-05-09,2026-06-21,2026-06-28,121170.68,14540.48,0.0,135711.16,Mobile App,Confirmed,Paid,Delhi,Standard,5,Silver,0.0
BKG301880,CUST101045,HTL200372,2026-02-08,2026-02-25,2026-02-28,10468.13,1130.56,1046.81,10551.88,Mobile App,Check-in Denied,Paid,Chennai,Family Room,1,Blue,0.0
BKG301881,CUST100219,HTL200221,2026-04-16,2026-04-22,2026-04-28,104093.35,11866.64,5204.67,110755.32,Website,Confirmed,Paid,Kochi,Executive,4,Silver,0.0
BKG301882,CUST100078,HTL200879,2026-01-01,2026-01-14,2026-01-20,40470.18,4613.6,2023.51,43060.27,Mobile App,Check-in Denied,Refund Pending,Bengaluru,Suite,2,Gold,12918.08
BKG301883,CUST100234,HTL200530,2026-03-16,2026-04-24,2026-04-25,8205.87,837.0,1230.88,7811.99,Mobile App,Confirmed,Paid,Ahmedabad,Suite,4,Blue,0.0
BKG301884,CUST100156,HTL200349,2026-03-29,2026-04-20,2026-04-23,24389.79,2780.44,1219.49,25950.74,Call Center,Completed,  Payment Failed  ,Udaipur,Family Room,3,Silver,0.0
BKG301885,CUST100326,HTL200758,2026-05-22,2026-06-02,2026-06-08,88949.68,9606.57,8894.97,89661.28,Call Center,Confirmed,Paid,Varanasi,Standard,5,Silver,0.0
BKG301886,CUST101137,HTL200030,2026-05-30,2026-06-06,2026-06-10,51375.69,6165.08,0.0,57540.77,Mobile App,Cancelled,Refunded,Shimla,Suite,4,Blue,40278.54
BKG301887,CUST100641,HTL200591,2026-03-01,2026-03-22,2026-03-23,7431.6,802.61,743.16,7491.05,MoBiLe aPp,Confirmed,Paid,Shimla,Deluxe,2,Blue,0.0
BKG301888,,HTL200357,2026-05-10,2026-05-11,2026-05-12,18547.33,2003.11,1854.73,18695.71,MoBiLe aPp,Check-in Denied,Refund Pending,Chennai,Suite,1,Blue,18695.71
BKG301889,CUST100984,HTL200021,2026-04-20,2026-05-20,2026-05-21,8687.13,886.09,1303.07,8270.15,Website,Confirmed,Paid,Ahmedabad,Standard,1,Silver,0.0
BKG301890,CUST101043,HTL200288,2026-01-19,2026-02-07,2026-02-11,24425.61,2491.41,3663.84,23253.18,Mobile App,Confirmed,PaId,KoLkAtA,Suite,3,Silver,0.0
BKG301891,CUST100605,HTL200753,2026-03-03,2026-04-01,2026-04-05,58972.19,6369.0,5897.22,59443.97,MoBiLe aPp,Completed,Paid,Hyderabad,Executive,3,Blue,0.0
BKG301892,CUST100863,HTL200213,2026-03-12,2026-04-16,2026-04-18,25887.98,2640.57,3883.2,24645.35,Partner Desk,Cancelled,Paid,Chennai,Standard,5,Gold,17251.74
BKG301893,CUST100748,HTL200711,2026-04-21,2026-05-11,2026-05-16,16633.08,1896.17,831.65,17697.6,Mobile App,Check-in Denied,Paid,  Goa  ,Executive,4,Gold,8848.8
BKG301894,CUST101183,HTL200164,2026-05-13,2026-06-18,2026-06-21,35214.22,4014.42,1760.71,37467.93,MoBiLe aPp,Completed,Paid,Jaipur,Executive,5,Platinum,0.0
BKG301895,CUST100914,HTL200139,2026-03-13,2026-04-21,2026-04-26,45212.89,4340.44,9042.58,40510.75,Mobile App,Cancelled,Refunded,Delhi,Family Room,1,Silver,40510.75
BKG301896,CUST100898,HTL200369,2026-03-19,2026-03-20,2026-03-21,10646.67,1085.96,1597.0,10135.63,Website,Cancelled,Refunded,Manali,Standard,1,Blue,4561.03
BKG301897,CUST100997,HTL200964,2026-04-10,2026-05-03,2026-05-09,10012.18,1081.32,1001.22,10092.28,Mobile App,Completed,Partially Paid,Ahmedabad,Executive,4,Silver,0.0
BKG301898,CUST100859,HTL200319,2026-03-12,2026-04-12,2026-04-13,12622.55,1438.97,631.13,13430.39,Mobile App,Cancelled,Refunded,Ahmedabad,Family Room,5,Silver,6043.68
BKG301899,CUST100572,HTL200408,2026-01-07,2026-02-11,2026-02-17,27275.59,2782.11,4091.34,25966.36,Partner Desk,Confirmed,Paid,Pune,Family Room,3,Platinum,0.0
BKG301900,CUST100037,HTL200437,2026-02-19,2026-03-13,2026-03-15,28686.42,3270.25,1434.32,30522.35,Website,Completed,Paid,Goa,Executive,4,Silver,0.0
BKG301901,CUST100117,HTL200796,2026-02-15,2026-02-22,2026-03-01,95623.79,11474.86,0.0,107098.65,Mobile App,Cancelled,Paid,Hyderabad,Executive,3,Blue,107098.65
BKG301902,CUST100389,HTL200012,2026-03-13,2026-04-15,2026-04-20,87838.66,9486.57,8783.87,88541.36,Mobile App,Completed,Paid,Varanasi,Deluxe,4,Blue,0.0
BKG301903,CUST100679,HTL200500,2026-03-17,2026-99-99,2026-04-29,127526.31,15303.16,0.0,142829.47,Mobile App,No Show,Refund Pending,kochi,Standard,3,Gold,142829.47
BKG301904,CUST100376,HTL200025,2026-03-15,2026-04-28,2026-05-05,68646.74,7825.73,3432.34,73040.13,Mobile App,Cancelled,Paid,Kochi,Family Room,2,Blue,0.0
BKG301905,CUST100848,HTL200533,2026-05-22,2026-05-29,2026-05-30,2725.08,277.96,408.76,2594.28,Mobile App,No Show,Refund Pending,Agra,Standard,1,Silver,1297.14
BKG301906,CUST100375,HTL200860,2026-03-14,2026-04-10,2026-04-15,77209.5,8801.88,3860.47,82150.91,Mobile App,Confirmed,Paid,Bengaluru,Family Room,4,Blue,0.0
BKG301907,CUST100594,HTL200075,2026-04-12,2026-04-14,2026-04-16,14376.37,1380.13,2875.27,12881.23,Mobile App,Confirmed,Paid,Ahmedabad,Suite,2,Silver,0.0
BKG301908,CUST100746,HTL200365,2026-04-04,2026-04-21,2026-04-26,78807.82,7565.55,15761.56,70611.81,Mobile App,Confirmed,Paid,Udaipur,Suite,4,Gold,0.0
BKG301909,CUST101065,HTL200490,2026-03-10,2026-03-11,2026-03-17,7770.71,792.61,1165.61,7397.71,Mobile App,Pending,Paid,Ahmedabad,Family Room,1,Platinum,0.0
BKG301910,CUST100457,HTL200091,2026-03-06,2026-04-05,2026-04-08,26311.12,2525.87,5262.22,23574.77,Mobile App,Confirmed,Paid,Bengaluru,Deluxe,1,Platinum,0.0
BKG301911,CUST101153,HTL200840,2026-03-03,2026-03-25,2026-04-01,135325.24,14615.13,13532.52,136407.85,Call Center,Completed,Paid,Varanasi,Suite,3,Silver,0.0
BKG301912,,HTL200886,2026-01-20,2026-02-17,2026-02-19,32230.53,3480.9,3223.05,32488.38,Mobile App,Confirmed,Partially Paid,PuNe,Standard,1,Blue,0.0
BKG301913,CUST100740,HTL200265,2026-02-13,2026-03-18,2026-03-23,80574.82,8218.63,12086.22,76707.23,website,Confirmed,Partially Paid,Manali,Executive,1,Blue,0.0
BKG301914,CUST100628,HTL200559,2026-03-03,2026-03-29,2026-03-30,4813.12,548.7,240.66,5121.16,Mobile App,Confirmed,Paid,JAIPUR,Standard,1,Silver,0.0
BKG301915,CUST100325,HTL200498,2026-04-17,2026-05-22,2026-05-26,31354.05,3574.36,1567.7,33360.71,Website,  Confirmed  ,Paid,Kolkata,Standard,5,Gold,0.0
BKG301916,CUST100618,HTL200169,2026-05-05,2026-05-16,2026-05-20,58119.33,6276.89,5811.93,58584.29,Mobile App,COMPLETED,Paid,Manali,Standard,5,Blue,0.0
BKG301917,CUST100324,HTL200345,2026-02-14,2026-02-21,2026-02-23,4555.77,492.02,455.58,4592.21,Mobile App,Pending,Paid,Mumbai,Family Room,1,Silver,0.0
BKG301918,CUST101183,HTL200756,2026-01-11,2026-02-08,2026-02-12,46181.06,4987.55,4618.11,46550.5,Website,Cancelled,Refund Pending,Jaipur,Family Room,5,Gold,20947.73
BKG301919,CUST100515,HTL200227,2026-03-29,2026-04-23,2026-04-26,46160.22,4985.3,4616.02,46529.5,Mobile App,Cancelled,Refunded,Pune,Standard,4,Silver,0.0
BKG301920,CUST100745,HTL200698,2026-02-15,2026-03-28,2026-03-30,25614.59,2766.38,2561.46,25819.51,Mobile App,Completed,Paid,Ahmedabad,Executive,2,Silver,0.0
BKG301921,CUST100247,HTL200948,2026-04-22,2026-05-23,2026-05-24,5885.5,635.63,588.55,5932.58,Mobile App,Cancelled,Refund Pending,Shimla,Deluxe,2,Silver,4152.81
BKG301922,CUST100397,HTL200679,2026-03-22,2026-03-25,2026-03-26,10988.11,1252.64,549.41,11691.34,Mobile App,No Show,Paid,Pune,Deluxe,5,Platinum,11691.34
BKG301923,CUST100581,HTL200202,2026-02-01,2026-03-06,2026-03-08,29135.96,3496.32,0.0,32632.28,Website,Pending,Paid,Delhi,Suite,2,Blue,0.0
BKG301924,CUST100202,HTL200445,2026-04-08,2026-05-12,2026-05-16,47325.16,4827.17,7098.77,45053.56,Mobile App,confirmed,Partially Paid,KoLkAtA,Suite,5,Blue,0.0
BKG301925,CUST101171,HTL200517,2026-01-05,2026-01-26,2026-01-30,4742.77,569.13,0.0,5311.9,Mobile App,No Show,Paid,Manali,Executive,3,Silver,2655.95
BKG301926,CUST100220,HTL200131,2026-01-29,2026-03-07,2026-03-08,10089.93,968.63,2017.99,9040.57,Mobile App,Confirmed,Paid,Kolkata,Standard,1,Silver,0.0
BKG301927,CUST100866,HTL200244,2026-02-17,2026-03-08,2026-03-11,7926.24,808.48,1188.94,7545.78,Mobile App,Completed,Paid,GoA,Family Room,2,Silver,0.0
BKG301928,CUST100262,HTL200090,2026-01-16,2026-02-22,2026-02-28,8152.39,880.46,815.24,8217.61,Mobile App,Confirmed,Paid,Kochi,Suite,1,Gold,0.0
BKG301929,CUST100295,HTL200822,2026-03-13,2026-04-03,2026-04-07,15256.12,1464.59,3051.22,13669.49,Mobile App,Completed,PAID,Goa,Standard,2,Gold,0.0
BKG301930,CUST101019,HTL200125,2026-01-29,2026-02-12,2026-02-15,3759.96,406.08,376.0,3790.04,Mobile App,Completed,Paid,Hyderabad,Deluxe,4,Blue,0.0
BKG301931,CUST100291,HTL200471,2026-02-15,2026-02-25,2026-03-04,87061.3,10447.36,0.0,97508.66,Website,Confirmed,Paid,Delhi,Executive,4,Silver,0.0
BKG301932,CUST100683,HTL200964,2026-01-23,2026-01-30,2026-02-03,6526.2,704.83,652.62,6578.41,Mobile App,Cancelled,Paid,Ahmedabad,Family Room,5,Platinum,6578.41
BKG301933,CUST100875,HTL200241,2026-04-04,2026-05-03,2026-05-09,71023.27,8522.79,0.0,79546.06,Website,Completed,Paid,Kolkata,Family Room,1,Silver,0.0
BKG301934,CUST101054,HTL200501,2026-04-24,2026-06-03,2026-06-05,14983.59,1708.13,749.18,15942.54,Website,Confirmed,Paid,Goa,Suite,5,Silver,0.0
BKG301935,CUST101067,HTL200760,2026-02-03,2026-02-11,2026-02-16,36652.21,4178.35,1832.61,38997.95,MOBILE APP,Completed,Partially Paid,Pune,Standard,3,Gold,0.0
BKG301936,CUST100554,HTL200386,2026-04-27,2026-06-05,2026-06-06,11327.26,1155.38,1699.09,10783.55,Mobile App,  Completed  ,Paid,Udaipur,Family Room,5,Gold,0.0
BKG301937,CUST101157,HTL200006,2026-01-29,2026-02-11,2026-02-13,26620.02,3034.68,1331.0,28323.7,Mobile App,Confirmed,Paid,Jaipur,Deluxe,5,Blue,0.0
BKG301938,CUST100348,HTL200087,2026-01-09,2026-01-28,2026-02-01,37111.78,4230.74,1855.59,39486.93,Mobile App,Confirmed,Paid,Bengaluru,Deluxe,5,Blue,0.0
BKG301939,CUST100218,HTL200597,2026-02-08,2026-02-19,2026-02-25,47911.78,5461.94,2395.59,50978.13,Website,Pending,Payment Failed,Ahmedabad,Executive,2,Gold,0.0
BKG301940,CUST101022,HTL200907,2026-05-15,2026-05-17,2026-05-18,14718.23,1589.57,1471.82,14835.98,Website,No Show,Refunded,Manali,Executive,2,Silver,0.0
BKG301941,CUST100449,HTL200866,2026-04-20,2026-04-26,2026-05-01,35768.5,4292.22,0.0,40060.72,Mobile App,Confirmed,Paid,Udaipur,Deluxe,3,Silver,0.0
BKG301942,CUST100503,HTL200144,2026-03-10,2026-04-08,2026-04-13,80858.63,9703.04,0.0,90561.67,Mobile App,Completed,Paid,Varanasi,Deluxe,1,Gold,0.0
BKG301943,CUST100085,HTL200450,2026-05-16,2026-06-26,2026-07-02,77710.58,8392.74,7771.06,78332.26,Website,Completed,Paid,Delhi,Standard,4,Gold,0.0
BKG301944,CUST100522,HTL200330,2026-04-06,2026-04-11,2026-04-17,72611.33,8277.69,3630.57,77258.45,Mobile App,Completed,Paid,Kolkata,Family Room,1,Gold,0.0
BKG301945,CUST101103,HTL200709,2026-04-29,2026-06-09,2026-06-13,44382.88,5325.95,0.0,49708.83,Call Center,Completed,Paid,Bengaluru,Standard,4,Blue,0.0
BKG301946,CUST100460,HTL200874,2026-04-28,2026-05-28,2026-05-29,15782.13,1799.16,789.11,16792.18,Mobile App,Confirmed,Paid,Ahmedabad,Executive,2,Gold,0.0
BKG301947,CUST101013,HTL200163,2026-01-18,2026-02-26,2026-03-05,115831.39,12509.79,11583.14,116758.04,Mobile App,Confirmed,Paid,varanasi,Executive,5,Blue,0.0
BKG301948,CUST100629,HTL200656,2026-04-12,2026-05-18,2026-05-25,81807.31,8344.34,12271.1,91150.65,Partner Desk,Confirmed,Paid,Agra,Executive,3,Blue,0.0
BKG301949,CUST100251,HTL200341,2026-04-20,2026-05-17,2026-05-21,74981.49,7198.22,14996.3,67183.41,Mobile App,Completed,Paid,Ahmedabad,Family Room,3,Silver,0.0
BKG301950,CUST100017,HTL200000,2026-03-23,2026-04-10,2026-04-15,43538.25,4702.13,4353.82,43886.56,Website,No Show,refund pending,Chennai,Suite,3,Platinum,21943.28
BKG301951,CUST101176,HTL200119,2026-04-15,2026-05-21,2026-05-23,11018.84,1256.15,550.94,11724.05,Mobile App,Pending,Paid,Hyderabad,Executive,1,Gold,0.0
BKG301952,CUST100499,HTL200578,2026-01-16,2026-02-01,2026-02-03,19279.89,2197.91,963.99,20513.81,Website,Check-in Denied,Paid,Varanasi,Executive,2,Platinum,0.0
BKG301953,CUST100457,HTL200463,2026-01-21,2026-01-26,2026-01-29,39358.42,4723.01,0.0,44081.43,Partner Desk,Pending,Paid,Bengaluru,Standard,2,Blue,0.0
BKG301954,CUST100114,HTL200866,2026-05-18,2026-05-27,2026-06-01,35061.98,3786.69,3506.2,35342.47,Mobile App,Confirmed,Paid,Udaipur,Standard,5,Silver,0.0
BKG301955,CUST100752,HTL200461,2026-04-16,2026-05-20,2026-05-27,109560.73,12489.92,5478.04,116572.61,Mobile App,Cancelled,Paid,Kochi,Suite,1,Blue,116572.61
BKG301956,CUST100768,HTL200048,2026-05-12,2026-06-15,2026-06-22,77260.15,8344.1,7726.01,77878.24,Website,Confirmed,Paid,Pune,Suite,5,Gold,0.0
BKG301957,CUST100446,HTL200818,2026-02-13,2026-03-21,2026-03-26,59111.38,7093.37,0.0,66204.75,Call Center,No Show,Refund Pending,Agra,Suite,4,Silver,66204.75
BKG301958,CUST100352,HTL200326,2026-05-03,2026-06-03,2026-06-07,47249.01,5386.39,2362.45,50272.95,Website,Cancelled,Refund Pending,Agra,Suite,2,Platinum,0.0
BKG301959,CUST100624,HTL200473,2026-05-16,2026-06-05,2026-06-08,24025.33,2738.89,1201.27,25562.95,Call Center,Completed,Paid,Kolkata,Standard,3,Blue,0.0
BKG301960,CUST100540,HTL200887,2026-04-21,2026-05-08,2026-05-14,44125.37,4500.79,6618.81,42007.35,Mobile App,Completed,Payment Failed,Hyderabad,Executive,5,Gold,0.0
BKG301961,CUST100321,HTL200938,2026-04-27,2026-05-17,2026-05-20,12885.49,1546.26,0.0,14431.75,Partner Desk,Confirmed,Paid,Kolkata,Standard,4,Blue,0.0
BKG301962,CUST100225,HTL200367,2026-05-06,2026-06-03,2026-06-04,12006.14,1296.66,1200.61,12102.19,Mobile App,Confirmed,Paid,Pune,Deluxe,3,Blue,0.0
BKG301963,CUST100360,HTL200286,2026-01-19,2026-02-09,2026-02-13,15819.41,1898.33,0.0,17717.74,Mobile App,Pending,paid,Udaipur,Deluxe,3,Blue,0.0
BKG301964,CUST100833,HTL200023,2026-03-05,2026-03-24,2026-03-30,99440.09,10739.53,9944.01,100235.61,Mobile App,No Show,Refund Pending,Varanasi,Executive,5,Silver,50117.8
BKG301965,CUST100111,HTL200722,2026-02-09,2026-02-12,2026-02-18,20633.73,2476.05,0.0,23109.78,website,Confirmed,Paid,Ahmedabad,Suite,5,Blue,0.0
BKG301966,CUST100211,HTL200292,2026-02-20,2026-03-22,2026-03-29,30965.97,3715.92,0.0,34681.89,Mobile App,Confirmed,Paid,Jaipur,Executive,5,Blue,0.0
BKG301967,CUST100947,HTL200448,2026-05-17,2026-05-22,2026-05-24,37181.57,4461.79,0.0,41643.36,Partner Desk,Confirmed,Paid,Pune,Deluxe,2,Silver,0.0
BKG301968,CUST100158,HTL200984,2026-02-25,2026-04-08,2026-04-09,12775.03,1456.35,638.75,13592.63,Partner Desk,Pending,Paid,Hyderabad,Executive,1,Blue,0.0
BKG301969,CUST100571,HTL200062,2026-03-22,2026-03-28,2026-03-31,4498.76,512.86,224.94,4786.68,Website,No Show,Paid,Manali,Suite,5,Silver,2393.34
BKG301970,CUST101116,HTL200567,2026-05-23,2026-05-26,2026-05-28,12364.29,1261.16,1854.64,11770.81,Mobile App,Completed,Partially Paid,Pune,Standard,2,Silver,0.0
BKG301971,CUST100669,HTL200457,2026-03-11,2026-04-22,2026-04-27,16863.67,2023.64,0.0,18887.31,Mobile App,Cancelled,Paid,Mumbai,Suite,1,Platinum,13221.12
BKG301972,CUST101164,HTL200529,2026-05-08,2026-06-01,2026-06-05,10947.81,1313.74,0.0,12261.55,Mobile App,Cancelled,Refunded,Pune,Standard,4,Blue,8583.08
BKG301973,CUST100910,HTL200873,2026-05-06,2026-06-19,2026-06-22,9410.34,1016.32,941.03,9485.63,website,Confirmed,Paid,UdAiPuR,Deluxe,1,Blue,0.0
BKG301974,CUST101022,HTL200960,2026-03-02,2026-03-03,2026-03-08,23606.59,2549.51,2360.66,23795.44,Mobile App,Check-in Denied,Paid,Mumbai,Family Room,2,Blue,0.0
BKG301975,CUST100403,HTL200412,2026-03-21,2026-04-26,2026-05-02,42303.63,4822.61,2115.18,45011.06,Website,Completed,PAID,Jaipur,Executive,2,Blue,0.0
BKG301976,CUST100403,HTL200588,2026-05-01,2026-05-16,2026-05-23,138148.64,14920.05,13814.86,139253.83,Mobile App,Confirmed,Paid,Chennai,Family Room,1,Blue,0.0
BKG301977,CUST100600,,2026-04-11,2026-05-22,2026-05-25,56065.83,5718.71,8409.87,53374.67,Website,Completed,Payment Failed,Chennai,Suite,1,Blue,0.0
BKG301978,CUST100192,HTL200632,2026-03-18,2026-04-25,2026-04-27,30156.24,3437.81,1507.81,32086.24,Mobile App,Completed,Paid,Manali,Standard,2,Gold,0.0
BKG301979,CUST101122,HTL200907,2026-05-25,2026-07-08,2026-07-09,15450.65,1761.37,772.53,16439.49,Website,Confirmed,Paid,Manali,Suite,2,Blue,0.0
BKG301980,CUST101136,HTL200183,2026-05-06,2026-05-24,2026-05-26,7006.04,840.72,0.0,7846.76,Mobile App,Cancelled,Refund Pending,Kochi,Suite,4,Blue,7846.76
BKG301981,CUST100999,HTL200047,2026-01-22,2026-02-14,2026-02-18,55319.02,6638.28,0.0,61957.3,mobile app,No Show,Paid,Kochi,Deluxe,2,Silver,30978.65
BKG301982,CUST100522,HTL200146,2026-03-24,2026-04-22,2026-04-29,111416.93,10696.02,22283.39,99829.56,Partner Desk,Cancelled,Paid,Mumbai,Suite,2,Blue,0.0
BKG301983,CUST100349,HTL200793,2026-05-21,2026-07-01,2026-07-05,34544.57,3938.08,1727.23,36755.42,Mobile App,completed,PaId,Hyderabad,Executive,3,Silver,0.0
BKG301984,CUST100315,HTL200875,2026-03-19,2026-04-10,2026-04-13,53662.4,6439.49,0.0,60101.89,Call Center,Completed,Paid,Pune,Deluxe,3,Silver,0.0
BKG301985,CUST100942,HTL200805,2026-04-05,2026-04-29,2026-05-01,28968.92,2781.02,5793.78,25956.16,Mobile App,Confirmed,Paid,KOLKATA,Family Room,3,Blue,0.0
BKG301986,CUST100912,HTL200591,2026-04-19,2026-05-02,2026-05-03,7639.16,825.03,763.92,7700.27,Mobile App,Completed,PAID,Shimla,Suite,5,Silver,0.0
BKG301987,CUST100651,HTL200747,2026-04-20,2026-05-23,2026-05-29,22591.87,2439.92,2259.19,22772.6,Mobile App,Confirmed,payment failed,Udaipur,Family Room,5,Gold,0.0
BKG301988,CUST100634,HTL200408,2026-02-21,2026-03-15,2026-03-19,22634.13,2444.49,2263.41,22815.21,Call Center,Check-in Denied,Refunded,Pune,Executive,2,Gold,11407.6
BKG301989,CUST101010,HTL200439,2026-04-13,2026-05-18,2026-05-19,2040.24,220.35,204.02,2056.57,Call Center,No Show,PaId,Jaipur,Executive,3,Blue,616.97
BKG301990,CUST100592,HTL200457,2026-04-11,2026-04-28,2026-05-03,15068.36,1627.38,1506.84,15188.9,Mobile App,Confirmed,Paid,Mumbai,Executive,4,Platinum,0.0
BKG301991,CUST100443,HTL200228,2026-05-22,2026-06-13,2026-06-16,9284.86,1114.18,0.0,10399.04,Mobile App,Cancelled,Paid,Kolkata,Family Room,4,Gold,4679.57
BKG301992,CUST100620,HTL200283,2026-03-04,2026-03-09,2026-03-10,2746.58,313.11,137.33,2922.36,Website,Cancelled,Paid,Ahmedabad,Family Room,4,Blue,2045.65
BKG301993,CUST100755,HTL200572,2026-01-28,2026-02-22,2026-02-25,38515.09,4390.72,1925.75,40980.06,WEBSITE,Pending,Partially Paid,Goa,Standard,2,Blue,0.0
BKG301994,CUST100496,HTL200731,2026-02-15,2026-02-21,2026-02-26,23175.03,2781.0,0.0,25956.03,Website,Completed,Paid,Jaipur,Deluxe,3,Gold,0.0
BKG301995,CUST100772,HTL200344,2026-01-28,2026-02-14,2026-02-15,8752.95,997.84,437.65,9313.14,Website,Cancelled,Refunded,Bengaluru,Suite,2,Gold,0.0
BKG301996,CUST100373,HTL200600,2026-01-02,2026-02-02,2026-02-09,131747.43,14228.72,13174.74,132801.41,Mobile App,Completed,paid,Pune,Deluxe,2,Blue,0.0
BKG301997,CUST100183,HTL200946,2026-05-07,2026-05-24,2026-05-25,3104.53,372.54,0.0,3477.07,Website,confirmed,Paid,Kolkata,Executive,4,Blue,0.0
BKG301998,CUST100031,HTL200907,2026-01-17,2026-02-19,2026-02-25,116494.26,13280.35,5824.71,123949.9,WEBSITE,Confirmed,Paid,Manali,Suite,3,Blue,0.0
BKG301999,CUST100282,HTL200263,2026-02-28,2026-04-08,2026-04-13,23214.11,2507.12,2321.41,23399.82,Mobile App,Confirmed,Paid,PUNE,Standard,5,Gold,0.0
BKG302000,CUST100835,HTL200739,2026-05-12,2026-06-18,2026-06-25,79977.28,8637.55,7997.73,80617.1,Website,Confirmed,Paid,Pune,Deluxe,1,Blue,0.0
BKG302001,CUST100872,HTL200377,2026-03-18,2026-03-22,2026-03-29,91508.88,9333.91,13726.33,87116.46,Call Center,Confirmed,Partially Paid,Shimla,Executive,2,Silver,0.0
BKG302002,CUST100685,HTL200102,2026-05-11,2026-06-23,2026-06-25,2770.27,282.57,415.54,2637.3,  Partner Desk  ,Cancelled,Refund Pending,Chennai,Suite,3,Gold,2637.3
BKG302003,CUST100461,HTL200953,2026-04-25,2026-05-09,2026-05-10,3241.83,311.21,648.37,2904.67,Mobile App,Cancelled,Paid,Udaipur,Suite,1,Blue,0.0
BKG302004,CUST100870,HTL200599,2026-04-07,2026-04-20,2026-04-26,41996.58,4535.63,4199.66,42332.55,Mobile App,Pending,Paid,Mumbai,Executive,1,Blue,0.0
BKG302005,CUST100983,HTL200022,2026-04-15,2026-05-12,2026-05-13,1526.18,164.83,152.62,1538.39,Mobile App,Confirmed,Paid,Bengaluru,Family Room,5,Gold,0.0
BKG302006,CUST100367,HTL200292,2026-01-24,2026-02-17,2026-02-23,31407.29,3203.54,4711.09,29899.74,MOBILE APP,Check-in Denied,Refund Pending,Jaipur,Deluxe,5,Blue,14949.87
BKG302007,CUST100657,HTL200266,2026-02-04,2026-03-03,2026-03-10,16575.18,1690.67,2486.28,15779.57,Call Center,Completed,Paid,Goa,Suite,2,Gold,0.0
BKG302008,CUST100165,HTL200528,2026-01-02,2026-01-10,2026-01-14,78438.06,8471.31,7843.81,79065.56,Mobile App,Completed,Paid,Jaipur,Family Room,2,Blue,0.0
BKG302009,CUST100999,HTL200475,2026-02-02,2026-03-13,2026-03-20,47609.96,5427.54,2380.5,50657.0,Website,Completed,Paid,BeNgAlUrU,Standard,3,Gold,0.0
BKG302010,CUST100601,HTL200951,2026-03-17,2026-04-07,2026-04-09,32874.41,3944.93,0.0,36819.34,Mobile App,Cancelled,Refund Pending,Kochi,Suite,5,Silver,0.0
BKG302011,CUST101126,HTL200948,2026-03-27,2026-05-07,2026-05-08,5866.28,598.36,879.94,5584.7,Mobile App,CONFIRMED,Paid,Shimla,Suite,5,Blue,0.0
BKG302012,CUST100593,HTL200450,2026-05-18,2026-05-29,2026-06-03,62928.85,6418.74,9439.33,59908.26,Mobile App,Cancelled,Refunded,Delhi,Standard,3,Gold,26958.72
BKG302013,CUST100125,HTL200897,2026-03-22,2026-04-22,2026-04-25,35315.31,3602.16,5297.3,33620.17,Mobile App,Cancelled,Refunded,Delhi,Standard,5,Gold,15129.08
BKG302014,CUST100037,HTL200284,2026-03-03,2026-03-30,2026-04-04,88147.77,10577.73,0.0,98725.5,Mobile App,Pending,Paid,Shimla,Suite,4,Blue,0.0
BKG302015,CUST100347,HTL200312,2026-02-12,2026-03-26,2026-03-28,31368.84,3576.05,1568.44,33376.45,Website,No Show,Paid,Pune,Executive,1,Platinum,16688.22
BKG302016,CUST100736,HTL200161,2026-05-01,2026-05-28,2026-06-01,24815.12,2828.92,1240.76,26403.28,Website,Cancelled,Refund Pending,Goa,Standard,4,Silver,0.0
BKG302017,CUST100733,HTL200589,2026-02-28,2026-03-08,2026-03-12,30150.34,3075.33,4522.55,28703.12,Mobile App,CaNcElLeD,Refund Pending,Udaipur,Family Room,1,Blue,12916.4
BKG302018,CUST100425,HTL200121,2026-01-09,2026-02-11,2026-02-15,39252.59,4003.76,5887.89,37368.46,Mobile App,Check-in Denied,Refund Pending,Pune,Standard,3,Gold,11210.54
BKG302019,CUST100647,HTL200480,2026-03-18,2026-03-30,2026-04-05,38615.1,4402.12,1930.75,41086.47,Website,Pending,Paid,Pune,Suite,3,Silver,0.0
BKG302020,CUST100285,HTL200111,2026-03-04,2026-04-08,2026-04-13,60850.07,6571.81,6085.01,61336.87,Website,Cancelled,Refunded,Ahmedabad,Suite,1,Silver,42935.81
BKG302021,CUST100319,HTL200238,2026-02-21,2026-03-27,2026-03-30,45451.12,5454.13,0.0,50905.25,Mobile App,Cancelled,Refunded,Chennai,Deluxe,1,Silver,22907.36
BKG302022,CUST100511,HTL200209,2026-01-23,2026-02-08,2026-02-15,64869.27,7395.1,3243.46,69020.91,Mobile App,Confirmed,Paid,Pune,Family Room,1,Blue,0.0
BKG302023,CUST100224,HTL200348,2026-01-30,2026-03-07,2026-03-14,100157.37,11417.94,5007.87,106567.44,Mobile App,Cancelled,Refunded,Jaipur,Deluxe,1,Platinum,74597.21
BKG302024,CUST100505,HTL200510,2026-01-21,2026-01-23,2026-01-26,5418.38,585.18,541.84,5461.72,Mobile App,Confirmed,Paid,Udaipur,Standard,2,Blue,0.0
BKG302025,CUST101130,HTL200001,2026-02-12,2026-02-24,2026-03-03,39679.82,4047.34,5951.97,37775.19,Mobile App,Completed,Paid,Kochi,Deluxe,5,Silver,0.0
BKG302026,CUST100741,HTL200891,2026-05-15,2026-06-11,2026-06-17,30319.74,3456.45,1515.99,32260.2,Mobile App,Completed,Paid,Bengaluru,Suite,5,Blue,0.0
BKG302027,CUST101028,HTL200714,2026-01-16,2026-02-02,2026-02-03,10303.75,1174.63,515.19,10963.19,Partner Desk,Confirmed,Paid,Pune,Executive,3,Gold,0.0
BKG302028,CUST100467,HTL200798,2026-01-23,2026-02-12,2026-02-18,39377.34,4252.75,3937.73,39692.36,  Mobile App  ,Confirmed,Partially Paid,GOA,Standard,2,Blue,0.0
BKG302029,CUST100937,HTL200628,2026-03-28,2026-04-18,2026-04-21,38130.53,4346.88,1906.53,40570.88,Website,Cancelled,Paid,Mumbai,Suite,1,Silver,18256.9
BKG302030,CUST100764,HTL200880,2026-01-31,2026-03-02,2026-03-05,24794.86,2380.31,4958.97,22216.2,Mobile App,Cancelled,Refund Pending,Ahmedabad,Standard,2,Blue,0.0
BKG302031,CUST100162,HTL200460,2026-05-01,2026-06-12,2026-06-13,7108.35,725.05,1066.25,6767.15,Call Center,completed,Partially Paid,Goa,Deluxe,1,Silver,0.0
BKG302032,CUST100652,HTL200811,2026-03-10,2026-03-30,2026-04-04,93671.5,10678.55,4683.58,99666.47,Website,Completed,Paid,Pune,Deluxe,5,Blue,0.0
BKG302033,CUST100900,HTL200894,2026-05-14,2026-05-22,2026-05-27,47763.78,5445.07,2388.19,50820.66,Website,PENDING,paid,Goa,Standard,1,Silver,0.0
BKG302034,CUST100807,HTL200857,2026-04-25,2026-05-13,2026-05-15,16243.15,1949.18,0.0,18192.33,  Website  ,Completed,Partially Paid,Chennai,Standard,5,Silver,0.0
BKG302035,CUST100081,HTL200951,2026-02-28,2026-03-18,2026-03-23,75659.13,8625.14,3782.96,80501.31,  Website  ,Completed,Payment Failed,Kochi,Deluxe,1,Blue,0.0
BKG302036,CUST100480,HTL200481,2026-05-26,2026-06-13,2026-06-17,23380.37,2525.08,2338.04,23567.41,Mobile App,CoMpLeTeD,Paid,Varanasi,Standard,3,Silver,0.0
BKG302037,CUST100515,HTL200949,2026-03-18,2026-03-20,2026-03-24,44530.71,5343.69,0.0,49874.4,Mobile App,Check-in Denied,Refund Pending,Udaipur,Deluxe,5,Silver,14962.32
BKG302038,CUST100186,HTL200948,2026-05-18,2026-05-30,2026-06-01,14010.14,1429.03,2101.52,13337.65,partner desk,Confirmed,Paid,Shimla,Standard,3,Blue,0.0
BKG302039,CUST100145,HTL200625,2026-01-07,2026-02-08,2026-02-11,8504.5,918.49,850.45,8572.54,Website,Pending,Paid,Hyderabad,Executive,2,Silver,0.0
BKG302040,CUST101005,HTL200585,2026-02-06,2026-03-20,2026-03-22,4556.52,437.43,911.3,4082.65,Mobile App,Confirmed,Paid,Jaipur,Standard,1,Platinum,0.0
BKG302041,CUST100151,HTL200971,2026-03-27,2026-04-04,2026-04-05,18322.47,2198.7,0.0,20521.17,Website,Confirmed,Paid,Goa,Standard,2,Platinum,0.0
BKG302042,CUST100092,HTL200240,2026-01-16,2026-01-26,2026-01-28,8556.83,872.8,1283.52,8146.11,Mobile App,CONFIRMED,Payment Failed,Agra,Suite,1,Platinum,0.0
BKG302043,CUST101054,HTL200981,2026-04-26,2026-05-07,2026-05-09,11539.11,1176.99,1730.87,10985.23,Mobile App,Completed,Paid,Delhi,Executive,5,Blue,0.0
BKG302044,CUST100539,HTL200813,2026-04-28,2026-05-12,2026-05-18,80050.88,9606.11,0.0,89656.99,Website,Completed,Paid,Pune,Deluxe,1,Blue,0.0
BKG302045,CUST100648,HTL200053,2026-01-14,2026-02-09,2026-02-13,33394.31,3806.95,1669.72,35531.54,Mobile App,Completed,Paid,Mumbai,Deluxe,4,Platinum,0.0
BKG302046,CUST100601,HTL200670,2026-05-19,2026-06-18,2026-06-19,3933.51,401.22,590.03,3744.7,Mobile App,Completed,Paid,  Agra  ,Family Room,4,Blue,0.0
BKG302047,CUST100048,HTL200466,2026-03-28,2026-05-09,2026-05-15,46447.29,5294.99,2322.36,49419.92,Mobile App,Completed,Paid,  Goa  ,Executive,4,Blue,0.0
BKG302048,CUST100540,HTL200108,2026-04-14,2026-04-18,2026-04-19,6396.71,729.22,319.84,6806.09,Call Center,Cancelled,Paid,Pune,Executive,3,Silver,6806.09
BKG302049,CUST100155,HTL200279,2026-05-21,2026-06-29,2026-07-01,2368.0,241.54,355.2,2254.34,Call Center,Cancelled,Refund Pending,Chennai,Standard,4,Platinum,1014.45
BKG302050,CUST100774,HTL200664,2026-02-13,2026-02-24,2026-03-02,41643.48,4997.22,0.0,46640.7,Mobile App,Cancelled,refund pending,Udaipur,Suite,1,Blue,32648.49
BKG302051,CUST100545,HTL200674,2026-01-28,2026-02-21,2026-02-27,35814.55,4082.86,1790.73,38106.68,Mobile App,Check-in Denied,Paid,Chennai,Deluxe,2,Gold,38106.68
BKG302052,CUST100649,HTL200056,2026-01-16,2026-02-07,2026-02-08,16270.47,1757.21,1627.05,16400.63,Mobile App,Completed,Paid,Hyderabad,Deluxe,3,Silver,0.0
BKG302053,CUST101000,HTL200839,2026-02-19,2026-02-22,2026-02-23,4204.08,454.04,420.41,4237.71,Website,Confirmed,Paid,CHENNAI,Suite,5,Silver,0.0
BKG302054,CUST101080,HTL200836,2026-04-25,2026-06-01,2026-06-06,72514.67,8701.76,0.0,81216.43,Website,Confirmed,Paid,Shimla,Suite,3,Gold,0.0
BKG302055,CUST100174,HTL200213,2026-03-09,2026-03-11,2026-03-18,97990.46,10582.97,9799.05,98774.38,Mobile App,Confirmed,Paid,Chennai,Executive,2,Blue,0.0
BKG302056,CUST100026,HTL200507,2026-04-02,2026-04-14,2026-04-15,1844.55,199.21,184.45,1859.31,Website,Completed,Paid,Manali,Suite,4,Blue,0.0
BKG302057,CUST101142,HTL200027,2026-05-01,2026-05-22,2026-05-28,79782.42,8616.5,7978.24,80420.68,Website,No sHoW,Refund Pending,  Kochi  ,Suite,2,Silver,24126.2
BKG302058,CUST100146,HTL200203,2026-05-20,2026-05-25,2026-05-28,17917.3,1935.07,1791.73,18060.64,Mobile App,Cancelled,ReFuNdEd,Delhi,Standard,3,Blue,18060.64
BKG302059,CUST100867,HTL200544,2026-01-16,2026-01-23,2026-01-24,13356.4,1602.77,0.0,14959.17,Mobile App,Confirmed,PAID,Hyderabad,Executive,3,Silver,0.0
BKG302060,CUST100264,HTL200308,2026-02-22,2026-02-26,2026-03-02,8149.24,831.22,1222.39,7758.07,Mobile App,Completed,Paid,Kochi,Family Room,3,Gold,0.0
BKG302061,CUST100257,HTL200633,2026-02-18,2026-04-02,2026-04-07,67718.75,7719.94,3385.94,72052.75,Mobile App,Completed,Payment Failed,Ahmedabad,Family Room,2,Silver,0.0
BKG302062,CUST100826,HTL200527,2026-03-03,2026-04-13,2026-04-17,31136.28,2989.08,6227.26,27898.1,Mobile App,Pending,Paid,Manali,Deluxe,1,Blue,0.0
BKG302063,CUST100742,HTL200665,2026-03-25,2026-04-30,2026-05-07,105337.17,12640.46,0.0,117977.63,Mobile App,Confirmed,Paid,Udaipur,Suite,1,Gold,0.0
BKG302064,CUST100709,HTL200907,2026-02-25,2026-03-19,2026-03-23,61022.8,6956.6,3051.14,64928.26,Mobile App,Completed,Paid,Manali,Standard,4,Gold,0.0
BKG302065,CUST101093,HTL200342,2026-04-30,2026-05-29,2026-06-01,19365.35,2323.84,0.0,21689.19,Mobile App,Pending,Paid,Ahmedabad,Suite,5,Silver,0.0
BKG302066,CUST101048,HTL200217,2026-03-31,2026-04-09,2026-04-14,73019.65,7886.12,7301.96,73603.81,Mobile App,Pending,Paid,Pune,Deluxe,2,Blue,0.0
BKG302067,CUST101179,HTL200616,2026-05-30,2026-06-25,2026-07-02,61628.43,7395.41,0.0,69023.84,Call Center,Confirmed,Paid,Hyderabad,Suite,1,Silver,0.0
BKG302068,CUST100218,HTL200588,2026-04-30,2026-05-12,2026-05-14,33150.05,3580.21,3315.0,33415.26,Website,Confirmed,Paid,Chennai,Family Room,4,Blue,0.0
BKG302069,CUST100560,HTL200086,2026-03-14,2026-03-15,2026-03-21,97060.48,9900.17,14559.07,92401.58,Website,Completed,Partially Paid,Jaipur,Executive,5,Silver,0.0
BKG302070,CUST100891,HTL200030,2026-03-10,2026-03-18,2026-03-24,63631.75,7635.81,0.0,71267.56,Website,No Show,Refunded,Shimla,Suite,4,Blue,71267.56
BKG302071,CUST101063,HTL200099,2026-04-08,2026-05-11,2026-05-12,5261.86,631.42,0.0,5893.28,Mobile App,Confirmed,Paid,varanasi,Family Room,4,Silver,0.0
BKG302072,CUST100596,HTL200666,2026-01-02,2026-01-06,2026-01-12,38889.58,3966.74,5833.44,37022.88,Mobile App,Check-in Denied,Refund Pending,Manali,Family Room,5,Gold,37022.88
BKG302073,CUST100342,HTL200803,2026-02-22,2026-03-08,2026-03-11,21682.69,2471.83,1084.13,23070.39,MoBiLe aPp,Confirmed,Paid,AhMeDaBaD,Deluxe,3,Blue,0.0
BKG302074,CUST100502,HTL200314,2026-04-29,2026-05-28,2026-06-03,39849.21,4542.81,1992.46,42399.56,Mobile App,Completed,Paid,Goa,Executive,1,Platinum,0.0
BKG302075,CUST100449,HTL200494,2026-01-07,2026-01-21,2026-01-24,56298.59,6755.83,0.0,63054.42,Website,Cancelled,Refund Pending,Mumbai,Deluxe,1,Silver,0.0
BKG302076,CUST100335,HTL200617,2026-05-28,2026-06-06,2026-06-08,4418.78,503.74,220.94,4701.58,Mobile App,Confirmed,Paid,Kolkata,Standard,5,Blue,0.0
BKG302077,CUST100003,HTL200470,2026-03-16,2026-03-25,2026-03-28,11454.01,1374.48,0.0,12828.49,Website,Confirmed,Partially Paid,Mumbai,Executive,1,Gold,0.0
BKG302078,CUST100758,HTL200741,2026-04-05,2026-05-01,2026-05-03,16182.36,1747.69,1618.24,16311.81,Mobile App,Completed,Paid,Bengaluru,Standard,2,Gold,0.0
BKG302079,CUST100516,HTL200514,2026-01-03,2026-02-14,2026-02-16,7099.79,809.38,354.99,8908.17,Mobile App,Cancelled,Refund Pending,Varanasi,Executive,2,Blue,0.0
BKG302080,CUST101173,HTL200733,2026-03-20,2026-04-06,2026-04-08,36518.92,3724.93,5477.84,34766.01,Call Center,Confirmed,Paid,  Shimla  ,Family Room,2,Silver,0.0
BKG302081,CUST100237,HTL200632,2026-01-17,2026-02-27,2026-03-02,51751.58,5899.68,2587.58,55063.68,Mobile App,Completed,Paid,Manali,Standard,5,Blue,0.0
BKG302082,CUST100102,HTL200671,2026-04-22,2026-04-26,2026-05-03,109490.99,12481.97,5474.55,116498.41,Mobile App,CoMpLeTeD,Paid,Bengaluru,Executive,4,Blue,0.0
BKG302083,CUST101198,HTL200782,2026-02-21,2026-02-24,2026-02-26,25756.66,3090.8,0.0,28847.46,Mobile App,Completed,Payment Failed,Goa,Executive,4,Gold,0.0
BKG302084,CUST101009,HTL200997,2026-01-07,2026-02-05,2026-02-12,96611.55,9274.71,19322.31,86563.95,Mobile App,Check-in Denied,Refund Pending,Udaipur,Standard,3,Blue,25969.18
BKG302085,CUST101057,HTL200330,2026-04-22,2026-05-17,2026-05-20,35343.7,4029.18,1767.18,37605.7,Website,Completed,Payment Failed,Kolkata,Executive,3,Gold,0.0
BKG302086,CUST100517,HTL200193,2026-05-13,2026-06-03,2026-06-08,19939.57,2392.75,0.0,22332.32,Website,Completed,Paid,Udaipur,Deluxe,2,Silver,0.0
BKG302087,CUST100439,HTL200729,2026-02-23,2026-03-07,2026-03-09,30191.08,3622.93,0.0,33814.01,Mobile App,Completed,Paid,Delhi,Deluxe,2,Gold,0.0
BKG302088,CUST100224,HTL200190,2026-03-02,2026-03-03,2026-03-06,40485.0,4858.2,0.0,45343.2,Website,cancelled,REFUND PENDING,Jaipur,Standard,5,Blue,45343.2
BKG302089,CUST100564,HTL200251,2026-04-19,2026-04-20,2026-04-23,46569.27,5588.31,0.0,52157.58,WEBSITE,Confirmed,Partially Paid,Kolkata,Family Room,2,Silver,0.0
BKG302090,CUST101082,HTL200737,2026-01-16,2026-01-23,2026-01-30,45445.72,5180.81,2272.29,48354.24,Mobile App,No Show,Refunded,Shimla,Suite,2,Blue,14506.27
BKG302091,CUST100245,HTL200000,2026-02-16,2026-02-26,2026-03-01,23376.66,2664.94,1168.83,24872.77,Mobile App,Confirmed,Paid,Chennai,Standard,2,Gold,0.0
BKG302092,CUST100927,HTL200458,2026-02-17,2026-03-04,2026-03-05,3500.35,336.03,700.07,3136.31,Website,Completed,Paid,Kolkata,Standard,1,Blue,0.0
BKG302093,CUST100952,HTL200644,2026-05-01,2026-06-10,2026-06-17,41661.81,4999.42,0.0,46661.23,  Website  ,Completed,Paid,MaNaLi,Standard,4,Silver,0.0
BKG302094,CUST100818,HTL200089,2026-03-05,2026-03-16,2026-03-23,108021.72,11018.21,16203.26,102836.67,MOBILE APP,Confirmed,Paid,Chennai,Standard,1,Gold,0.0
BKG302095,CUST100215,HTL200517,2026-02-19,2026-03-14,2026-03-15,1234.06,140.68,61.7,1313.04,Mobile App,Confirmed,Paid,Manali,Deluxe,2,Blue,0.0
BKG302096,CUST100282,HTL200482,2026-02-10,2026-02-23,2026-02-25,11193.13,1343.18,0.0,12536.31,Mobile App,Confirmed,Payment Failed,Goa,Standard,2,Blue,0.0
BKG302097,CUST100572,HTL200755,2026-01-22,2026-02-18,2026-02-24,77953.03,7483.49,15590.61,69845.91,Mobile App,Confirmed,Paid,Jaipur,Family Room,1,Silver,0.0
BKG302098,CUST100381,HTL200644,2026-04-25,2026-06-05,2026-06-10,26410.45,2693.87,3961.57,25142.75,Mobile App,No Show,Refunded,Manali,Suite,1,Silver,12571.38
BKG302099,CUST101068,HTL200115,2026-01-05,2026-01-22,2026-01-28,69437.01,7499.2,6943.7,69992.51,Call Center,Cancelled,Refunded,Manali,Suite,5,Silver,69992.51
BKG302100,CUST100171,HTL200072,2026-05-25,2026-06-07,2026-06-09,16835.06,1818.19,1683.51,16969.74,Website,  Confirmed  ,Paid,Kolkata,Family Room,5,Blue,0.0
BKG302101,CUST101118,HTL200155,2026-04-11,2026-04-23,2026-04-27,24734.83,2374.54,4946.97,22162.4,WeBsItE,Confirmed,Partially Paid,Shimla,Standard,2,Blue,0.0
BKG302102,CUST100043,HTL200722,2026-03-19,2026-04-17,2026-04-21,16912.51,1826.55,1691.25,17047.81,Mobile App,No Show,Refund Pending,Ahmedabad,Suite,1,Blue,8523.91
BKG302103,CUST100227,HTL200068,2026-02-10,2026-03-03,2026-03-08,64961.05,7795.33,0.0,72756.38,Mobile App,Confirmed,Paid,Varanasi,Deluxe,5,Blue,0.0
BKG302104,CUST100573,HTL200470,2026-04-02,2026-04-22,2026-04-29,30003.45,3600.41,0.0,33603.86,Mobile App,Pending,Paid,Mumbai,Suite,3,Blue,0.0
BKG302105,CUST100316,HTL200491,2026-01-22,2026-02-11,2026-02-16,16101.3,1738.94,1610.13,16230.11,Mobile App,Confirmed,Paid,Udaipur,Family Room,1,Blue,0.0
BKG302106,CUST100730,HTL200299,2026-02-22,2026-03-25,2026-03-30,85124.52,9193.45,8512.45,85805.52,Mobile App,Cancelled,Refunded,Kolkata,Suite,4,Gold,85805.52
BKG302107,CUST100600,HTL200143,2026-04-03,2026-04-11,2026-04-12,1934.97,208.98,193.5,1950.45,Mobile App,Completed,Paid,Ahmedabad,Family Room,3,Gold,0.0
BKG302108,CUST100623,HTL200710,2026-01-10,2026-02-03,2026-02-04,3096.9,371.63,0.0,3468.53,Mobile App,Confirmed,Paid,Varanasi,Standard,3,Silver,0.0
BKG302109,CUST100466,HTL200205,2026-05-26,2026-06-06,2026-06-10,48347.84,4641.39,9669.57,43319.66,Website,Confirmed,Paid,Agra,Suite,1,Gold,0.0
BKG302110,CUST100296,HTL200917,2026-02-18,2026-03-29,2026-04-03,38712.77,4180.98,3871.28,39022.47,Mobile App,Completed,Paid,Hyderabad,Family Room,2,Silver,0.0
BKG302111,CUST100544,HTL200712,2026-03-12,2026-04-14,2026-04-17,51563.34,5568.84,5156.33,51975.85,Mobile App,Confirmed,Paid,Kochi,Deluxe,4,Blue,0.0
BKG302112,CUST100488,HTL200750,2026-01-19,2026-03-02,2026-03-08,82928.49,9951.42,0.0,92879.91,Website,Completed,Paid,Hyderabad,Deluxe,5,Silver,0.0
BKG302113,CUST101019,HTL200406,2026-02-24,2026-03-11,2026-03-15,51492.31,4943.26,10298.46,46137.11,Website,Confirmed,Paid,Pune,Executive,5,Platinum,0.0
BKG302114,CUST100214,HTL200938,2026-01-21,2026-01-25,2026-01-30,22788.28,2461.13,2278.83,22970.58,Mobile App,Completed,Paid,Kolkata,Suite,2,Blue,0.0
BKG302115,CUST101025,HTL200579,2026-01-26,2026-99-99,2026-01-30,32179.53,3475.39,3217.95,32436.97,Mobile App,Completed,Paid,Chennai,Standard,4,Platinum,0.0
BKG302116,CUST100660,HTL200682,2026-01-28,2026-03-01,2026-03-06,35794.07,3436.23,7158.81,32071.49,Website,Completed,Paid,Shimla,Executive,4,Gold,0.0
BKG302117,CUST100653,HTL200921,2026-02-09,2026-02-20,2026-02-27,120027.81,11522.67,24005.56,107544.92,Mobile App,Confirmed,Paid,delhi,Suite,3,Silver,0.0
BKG302118,CUST100801,HTL200296,2026-01-29,2026-02-28,2026-03-02,17048.48,2045.82,0.0,19094.3,  Website  ,Completed,Paid,Hyderabad,Deluxe,3,Silver,0.0
BKG302119,CUST100340,HTL200581,2026-01-20,2026-02-26,2026-03-01,18431.3,1769.4,3686.26,16514.44,Mobile App,CANCELLED,paid,Goa,Standard,4,Blue,16514.44
BKG302120,CUST100703,HTL200798,2026-01-20,2026-02-08,2026-02-15,47908.12,5174.08,4790.81,48291.39,Mobile App,Pending,Paid,Goa,Deluxe,1,Gold,0.0
BKG302121,CUST100406,HTL200528,2026-03-15,2026-04-20,2026-04-26,114529.24,13743.51,0.0,128272.75,Mobile App,Cancelled,Refund Pending,Jaipur,Suite,1,Platinum,128272.75
BKG302122,CUST100852,HTL200136,2026-05-20,2026-06-23,2026-06-25,11795.02,1415.4,0.0,13210.42,Website,Confirmed,  Paid  ,Kolkata,Standard,1,Platinum,0.0
BKG302123,CUST100305,HTL200218,2026-04-30,2026-05-07,2026-05-14,74861.06,8534.16,3743.05,79652.17,Call Center,  Confirmed  ,Paid,Shimla,Standard,4,Blue,0.0
BKG302124,CUST100873,HTL200822,2026-04-07,2026-04-27,2026-04-28,3579.66,386.6,357.97,3608.29,Mobile App,Confirmed,Paid,Goa,Executive,5,Silver,0.0
BKG302125,CUST100494,HTL200517,2026-04-30,2026-05-12,2026-05-16,5274.41,569.64,527.44,5316.61,Mobile App,Confirmed,Paid,Manali,Standard,1,Silver,0.0
BKG302126,CUST100577,HTL200709,2026-01-25,2026-02-26,2026-03-03,60511.57,7261.39,0.0,68771.96,Mobile App,Confirmed,Paid,Bengaluru,Suite,5,Gold,0.0
BKG302127,CUST100540,HTL200447,2026-01-04,2026-01-06,2026-01-10,22163.98,2260.73,3324.6,21100.11,Partner Desk,Confirmed,Paid,Ahmedabad,Family Room,1,Blue,0.0
BKG302128,CUST100767,HTL200131,2026-01-04,2026-01-26,2026-02-01,74081.53,7556.32,11112.23,70525.62,Website,Confirmed,Paid,Kolkata,Family Room,4,Platinum,0.0
BKG302129,CUST100895,HTL200362,2026-05-17,2026-06-27,2026-07-02,9582.51,1034.91,958.25,9659.17,Mobile App,Confirmed,Paid,  Agra  ,Standard,1,Blue,0.0
BKG302130,CUST100454,HTL200962,2026-05-23,2026-07-02,2026-07-04,10109.25,970.49,2021.85,9057.89,Call Center,Confirmed,Paid,Chennai,Family Room,5,Silver,0.0
BKG302131,CUST101167,HTL200343,2026-01-26,2026-02-19,2026-02-22,36540.23,3727.1,5481.03,34786.3,Website,Confirmed,Paid,Hyderabad,Suite,2,Silver,0.0
BKG302132,CUST100298,HTL200695,2026-03-20,2026-04-20,2026-04-23,4089.91,490.79,0.0,4580.7,Mobile App,Confirmed,Paid,Kochi,Executive,5,Silver,0.0
BKG302133,CUST100426,HTL200017,2026-03-31,2026-04-04,2026-04-09,70914.11,7233.24,10637.12,67510.23,Mobile App,Cancelled,Refunded,Goa,Deluxe,2,Blue,30379.6
BKG302134,CUST100715,HTL200415,2026-03-12,2026-04-05,2026-04-07,33388.88,3205.33,6677.78,29916.43,Mobile App,Confirmed,Paid,Goa,Deluxe,5,Silver,0.0
BKG302135,CUST100756,HTL200724,2026-03-17,2026-04-29,2026-05-04,71342.01,8561.04,0.0,79903.05,Website,Confirmed,Payment Failed,Pune,Suite,1,Silver,0.0
BKG302136,CUST100030,HTL200559,2026-04-09,2026-04-26,2026-05-01,23609.48,2266.51,4721.9,21154.09,Mobile App,Confirmed,Paid,JAIPUR,Executive,1,Silver,0.0
BKG302137,CUST100331,HTL200540,2026-05-07,2026-06-16,2026-06-23,123608.66,14833.04,0.0,138441.7,Website,Completed,Paid,Bengaluru,Suite,5,Blue,0.0
BKG302138,CUST100051,HTL200927,2026-02-01,2026-02-20,2026-02-25,7977.03,909.38,398.85,8487.56,Website,Cancelled,Refunded,Ahmedabad,Standard,1,Gold,0.0
BKG302139,CUST100242,HTL200152,2026-01-09,2026-02-18,2026-02-21,8393.13,856.1,1258.97,7990.26,Website,Confirmed,Paid,Ahmedabad,Executive,1,Platinum,0.0
BKG302140,CUST100774,HTL200331,2026-03-19,2026-04-26,2026-05-02,88332.59,9009.92,13249.89,84092.62,Mobile App,Completed,Paid,Delhi,Family Room,4,Gold,0.0
BKG302141,CUST100685,HTL200749,2026-01-13,2026-02-16,2026-02-21,31929.41,3448.38,3192.94,32184.85,Call Center,Completed,Paid,Delhi,Standard,3,Blue,0.0
BKG302142,CUST100572,HTL200318,2026-05-04,2026-06-06,2026-06-09,43102.33,4913.67,2155.12,45860.88,Mobile App,Completed,Paid,Agra,Family Room,3,Gold,0.0
BKG302143,CUST100871,HTL200776,2026-04-06,2026-04-12,2026-04-13,9890.77,1068.2,989.08,9969.89,Partner Desk,No Show,Paid,Udaipur,Standard,5,Blue,0.0
BKG302144,CUST100699,HTL200198,2026-03-24,2026-04-29,2026-05-01,13209.8,1426.66,1320.98,13315.48,Mobile App,No Show,Paid,Shimla,Standard,3,Gold,0.0
BKG302145,CUST100518,HTL200525,2026-05-24,2026-06-06,2026-06-07,13670.4,1558.43,683.52,14545.31,Call Center,Confirmed,Paid,Jaipur,Standard,2,Blue,0.0
BKG302146,CUST100594,HTL200787,2026-05-20,2026-05-29,2026-06-03,40248.27,4346.81,4024.83,40570.25,Website,Completed,Paid,Ahmedabad,Standard,5,Blue,0.0
BKG302147,CUST100282,HTL200979,2026-01-18,2026-02-22,2026-02-25,7338.71,748.55,1100.81,6986.45,Call Center,Completed,Paid,Chennai,Executive,5,Silver,0.0
BKG302148,CUST101180,HTL200009,2026-05-21,2026-06-24,2026-06-26,10753.54,1225.9,537.68,11441.76,Mobile App,Check-in Denied,Refunded,Goa,Executive,2,Blue,11441.76
BKG302149,CUST100598,HTL200138,2026-04-03,2026-04-19,2026-04-23,49636.11,5658.52,2481.81,52812.82,Mobile App,Cancelled,Refunded,Pune,Standard,3,Silver,36968.97
BKG302150,CUST100147,HTL200166,2026-01-24,2026-02-11,2026-02-13,23196.24,2783.55,0.0,25979.79,Mobile App,Confirmed,Paid,Mumbai,Suite,2,Silver,0.0
BKG302151,CUST100069,HTL200146,2026-04-12,2026-04-30,2026-05-02,35634.5,3848.53,3563.45,35919.58,Mobile App,Confirmed,Paid,Mumbai,Standard,1,Silver,0.0
BKG302152,CUST100233,HTL200402,2026-05-20,2026-06-27,2026-07-02,78782.16,9453.86,0.0,88236.02,Mobile App,Cancelled,Paid,Ahmedabad,Standard,5,Silver,88236.02
BKG302153,CUST100678,HTL200756,2026-03-01,2026-04-13,2026-04-20,62688.36,7146.47,3134.42,66700.41,Call Center,Completed,Paid,Jaipur,Suite,4,Platinum,0.0
BKG302154,CUST100635,HTL200938,2026-03-01,2026-04-02,2026-04-03,4829.17,579.5,0.0,5408.67,Website,Completed,Paid,Kolkata,Suite,2,Blue,0.0
BKG302155,CUST100466,HTL200444,2026-04-10,2026-04-17,2026-04-18,10488.94,1258.67,0.0,11747.61,Mobile App,Completed,  Paid  ,GOA,Standard,5,Blue,0.0
BKG302156,CUST100556,HTL200069,2026-01-01,2026-01-24,2026-01-28,11565.81,1318.5,578.29,12306.02,Call Center,Confirmed,Payment Failed,Varanasi,Deluxe,5,Blue,0.0
BKG302157,CUST100893,HTL200327,2026-02-12,2026-03-07,2026-03-12,60035.96,6844.1,3001.8,63878.26,Website,Cancelled,Refunded,Varanasi,Deluxe,2,Blue,28745.22
BKG302158,CUST100835,HTL200832,2026-02-24,2026-03-14,2026-03-16,4599.25,524.31,229.96,4893.6,Partner Desk,No Show,Refunded,Chennai,Suite,4,Blue,2446.8
BKG302159,CUST100617,HTL200918,2026-02-03,2026-02-10,2026-02-17,85144.28,10217.31,0.0,95361.59,Partner Desk,Completed,Paid,  Ahmedabad  ,Standard,5,Blue,0.0
BKG302160,CUST100133,HTL200615,2026-02-03,2026-03-17,2026-03-23,100384.58,9636.92,20076.92,89944.58,Website,Completed,Paid,Delhi,Family Room,1,Blue,0.0
BKG302161,CUST100007,HTL200228,2026-04-20,2026-05-30,2026-05-31,3551.29,426.15,0.0,3977.44,Mobile App,Completed,Paid,Kolkata,Family Room,1,Blue,0.0
BKG302162,CUST100027,HTL200827,2026-03-25,2026-04-18,2026-04-19,2075.14,211.66,311.27,1975.53,Call Center,Confirmed,Payment Failed,Ahmedabad,Standard,1,Silver,0.0
BKG302163,CUST100782,HTL200649,2026-03-31,2026-04-14,2026-04-17,40094.53,4330.21,4009.45,40415.29,Mobile App,Confirmed,Paid,Agra,Standard,4,Blue,0.0
BKG302164,CUST100540,HTL200318,2026-03-20,2026-03-25,2026-03-27,29998.65,3599.84,0.0,33598.49,Website,Confirmed,Paid,Agra,Standard,3,Blue,0.0
BKG302165,CUST100626,HTL200897,2026-03-12,2026-04-03,2026-04-08,55197.07,6292.47,2759.85,58729.69,Website,No Show,Paid,Delhi,Family Room,1,Blue,58729.69
BKG302166,CUST101057,HTL200035,2026-03-12,2026-04-03,2026-04-04,14901.38,1430.53,2980.28,13351.63,Mobile App,Confirmed,Paid,Varanasi,Family Room,2,Blue,0.0
BKG302167,CUST100006,HTL200629,2026-04-24,2026-05-04,2026-05-11,109084.41,11781.12,10908.44,109957.09,Mobile App,Confirmed,Paid,Agra,Suite,3,Silver,0.0
BKG302168,CUST100039,HTL200254,2026-01-29,2026-02-24,2026-03-01,43800.09,5256.01,0.0,49056.1,Mobile App,Completed,Paid,Varanasi,Executive,2,Silver,0.0
BKG302169,CUST100908,HTL200312,2026-05-23,2026-06-07,2026-06-09,32501.42,3705.16,1625.07,34581.51,Mobile App,Confirmed,Paid,Pune,Suite,4,Blue,0.0
BKG302170,CUST100061,HTL200961,2026-04-07,2026-05-15,2026-05-17,36405.9,4150.27,1820.29,38735.88,Mobile App,Confirmed,Paid,Pune,Suite,1,Blue,0.0
BKG302171,CUST101109,HTL200334,2026-02-22,2026-04-04,2026-04-05,13716.43,1399.08,2057.46,13058.05,Website,Completed,Paid,Manali,Deluxe,5,Blue,0.0
BKG302172,CUST101139,HTL200019,2026-05-25,2026-07-06,2026-07-10,17708.55,1806.27,2656.28,16858.54,Mobile App,Completed,Paid,Hyderabad,Suite,1,Gold,0.0
BKG302173,CUST100378,HTL200297,2026-03-05,2026-03-06,2026-03-11,75054.87,9006.58,0.0,84061.45,Website,Completed,Paid,Agra,Suite,4,Blue,0.0
BKG302174,CUST100321,HTL200020,2026-03-02,2026-03-16,2026-03-21,74689.16,8514.56,3734.46,79469.26,Mobile App,Completed,Paid,Ahmedabad,Suite,1,Blue,0.0
BKG302175,CUST100732,HTL200477,2026-04-18,2026-05-24,2026-05-27,28965.58,3302.08,1448.28,30819.38,Website,Completed,Paid,Mumbai,Suite,1,Silver,0.0
BKG302176,CUST100838,HTL200767,2026-02-06,2026-03-09,2026-03-16,14200.62,1363.26,2840.12,12723.76,Website,Completed,Paid,Kolkata,Executive,1,Blue,0.0
BKG302177,CUST100418,HTL200759,2026-05-15,2026-06-12,2026-06-14,12107.31,1307.59,1210.73,12204.17,Mobile App,Completed,Paid,Jaipur,Deluxe,4,Blue,0.0
BKG302178,CUST100019,HTL200471,2026-01-08,2026-02-11,2026-02-13,26030.0,2655.06,3904.5,24780.56,Mobile App,Confirmed,Paid,Delhi,Family Room,1,Gold,0.0
BKG302179,CUST100411,HTL200961,2026-03-19,2026-04-23,2026-04-24,18994.8,2165.41,949.74,20210.47,Mobile App,Completed,Paid,Pune,Standard,5,Gold,0.0
BKG302180,CUST100548,HTL200677,2026-03-09,2026-04-17,2026-04-18,4480.55,483.9,448.05,4516.4,MOBILE APP,Completed,Paid,GOA,Family Room,5,Silver,0.0
BKG302181,CUST100604,HTL200469,2026-01-21,2026-02-13,2026-02-14,6609.13,753.44,330.46,7032.11,Mobile App,Confirmed,Paid,Bengaluru,Deluxe,3,Silver,0.0
BKG302182,CUST100356,HTL200348,2026-04-04,2026-05-18,2026-05-21,42061.97,4290.32,6309.3,40042.99,Mobile App,Confirmed,Paid,Jaipur,Suite,3,Blue,0.0
BKG302183,CUST100200,HTL200766,2026-03-16,2026-04-04,2026-04-11,94041.15,10720.69,4702.06,100059.78,Mobile App,Confirmed,Paid,Agra,Family Room,3,Silver,0.0
BKG302184,CUST101071,HTL200589,2026-05-22,2026-06-09,2026-06-13,31584.93,3221.66,4737.74,30068.85,Mobile App,Completed,Partially Paid,Udaipur,Suite,3,Blue,0.0
BKG302185,CUST100764,HTL200964,2026-03-19,2026-04-03,2026-04-04,1485.56,178.27,0.0,1663.83,Website,Completed,Paid,Ahmedabad,Executive,5,Silver,0.0
BKG302186,CUST100230,HTL200791,2026-03-07,2026-03-08,2026-03-09,18588.93,2007.61,1858.89,18737.65,Mobile App,Confirmed,Paid,Goa,Executive,3,Silver,0.0
BKG302187,CUST101118,HTL200793,2026-05-26,2026-06-20,2026-06-26,46669.79,5320.36,2333.49,49656.66,CALL CENTER,Pending,PAID,Hyderabad,Deluxe,2,Blue,0.0
BKG302188,CUST100302,HTL200385,2026-02-23,2026-03-21,2026-03-28,30611.44,3673.37,0.0,34284.81,Mobile App,Completed,Paid,Shimla,Family Room,4,Silver,0.0
BKG302189,CUST100386,HTL200941,2026-04-10,2026-05-15,2026-05-16,15211.61,1734.12,760.58,16185.15,Website,No Show,Refund Pending,Mumbai,Executive,4,Blue,4855.54
BKG302190,CUST100714,HTL200876,2026-01-21,2026-02-05,2026-02-08,19971.93,2156.97,1997.19,20131.71,Mobile App,Completed,Paid,Goa,Deluxe,5,Blue,0.0
BKG302191,CUST100924,HTL200545,2026-02-22,2026-02-26,2026-03-03,69426.47,8331.18,0.0,77757.65,Mobile App,Confirmed,Paid,Varanasi,Deluxe,4,Gold,0.0
BKG302192,CUST101114,HTL200445,2026-03-24,2026-04-08,2026-04-12,41601.38,4992.17,0.0,46593.55,Mobile App,Pending,Paid,Kolkata,Deluxe,4,Gold,0.0
BKG302193,CUST100057,HTL200982,2026-05-24,2026-07-05,2026-07-10,53757.09,6128.31,2687.85,57197.55,Mobile App,No Show,Paid,Jaipur,Family Room,1,Platinum,57197.55
BKG302194,CUST100433,HTL200936,2026-01-04,2026-02-11,2026-02-17,70023.31,7982.66,3501.17,74504.8,Call Center,Completed,Paid,Jaipur,Family Room,3,Gold,0.0
BKG302195,CUST100521,HTL200098,2026-02-24,2026-04-04,2026-04-06,23699.29,2701.72,1184.96,25216.05,Mobile App,Confirmed,Paid,Hyderabad,Deluxe,3,Gold,0.0
BKG302196,CUST100767,HTL200654,2026-01-15,2026-01-16,2026-01-18,36442.69,4154.47,1822.13,38775.03,Mobile App,Confirmed,Paid,Pune,Standard,1,Blue,0.0
BKG302197,CUST100828,HTL200054,2026-03-05,2026-03-27,2026-03-28,11890.93,1426.91,0.0,13317.84,Website,Cancelled,Paid,Varanasi,Family Room,5,Gold,0.0
BKG302198,CUST100482,HTL200002,2026-04-22,2026-05-03,2026-05-09,47197.87,5663.74,0.0,52861.61,Mobile App,Confirmed,Paid,Hyderabad,Family Room,2,Blue,0.0
BKG302199,CUST100366,HTL200331,2026-05-24,2026-07-01,2026-07-06,66612.16,6794.44,9991.82,63414.78,Mobile App,Completed,Paid,Delhi,Standard,5,Blue,0.0
BKG302200,CUST100888,HTL200933,2026-04-28,2026-06-04,2026-06-07,4418.03,530.16,0.0,4948.19,Mobile App,Completed,Partially Paid,Bengaluru,Family Room,2,Silver,0.0
BKG302201,CUST100882,HTL200434,2026-01-20,2026-02-15,2026-02-19,68229.09,7368.74,6822.91,68774.92,Mobile App,Confirmed,Paid,Goa,Family Room,2,Silver,0.0
BKG302202,CUST100410,HTL200912,2026-03-05,2026-04-01,2026-04-08,47021.07,5360.4,2351.05,50030.42,Mobile App,Cancelled,Refund Pending,Mumbai,Executive,1,Silver,22513.69
BKG302203,CUST100182,HTL200485,2026-02-02,2026-02-15,2026-02-20,20393.4,1957.77,4078.68,18272.49,Website,Cancelled,Refunded,Hyderabad,Standard,5,Silver,12790.74
BKG302204,CUST101146,HTL200218,2026-03-22,2026-03-29,2026-04-04,82814.45,9937.73,0.0,92752.18,Mobile App,CONFIRMED,Paid,Shimla,Executive,3,Silver,0.0
BKG302205,CUST100157,HTL200210,2026-05-06,2026-05-14,2026-05-20,78695.99,8026.99,11804.4,74918.58,Website,Completed,Paid,Shimla,Standard,5,Blue,0.0
BKG302206,CUST100012,HTL200816,2026-03-10,2026-04-02,2026-04-09,129280.46,14737.97,6464.02,137554.41,Website,Cancelled,Refund Pending,shimla,Standard,5,Silver,0.0
BKG302207,CUST100565,HTL200495,2026-04-04,2026-04-30,2026-05-05,7699.29,923.91,0.0,8623.2,Website,Completed,Paid,Goa,Standard,2,Blue,0.0
BKG302208,CUST100871,HTL200660,2026-03-09,2026-04-22,2026-04-26,13060.62,1567.27,0.0,14627.89,Mobile App,Completed,Partially Paid,Goa,Family Room,2,Silver,0.0
BKG302209,CUST100554,HTL200231,2026-03-28,2026-04-24,2026-04-29,28729.96,3275.22,1436.5,30568.68,Mobile App,Completed,Paid,Varanasi,Deluxe,3,Blue,0.0
BKG302210,CUST100677,HTL200599,2026-01-21,2026-01-30,2026-02-04,42336.82,4826.4,2116.84,45046.38,mobile app,Confirmed,Paid,Mumbai,Suite,3,Silver,0.0
BKG302211,CUST100862,HTL200919,2026-03-04,2026-04-11,2026-04-15,44439.82,5066.14,2221.99,47283.97,Website,Pending,Paid,VaRaNaSi,Deluxe,2,Blue,0.0
BKG302212,CUST100617,HTL200722,2026-03-26,2026-04-08,2026-04-11,12959.95,1321.92,1943.99,12337.88,Website,Completed,Paid,Ahmedabad,Family Room,5,Silver,0.0
BKG302213,CUST100203,HTL200734,2026-05-14,2026-05-21,2026-05-28,14633.81,1668.25,731.69,15570.37,Mobile App,Confirmed,Paid,Kolkata,Family Room,2,Gold,0.0
BKG302214,CUST100956,HTL200807,2026-01-24,2026-02-04,2026-02-10,10197.86,1162.56,509.89,10850.53,Call Center,Cancelled,Paid,Manali,Suite,4,Blue,7595.37
BKG302215,CUST100301,HTL200147,2026-04-21,2026-05-01,2026-05-05,16792.03,1813.54,1679.2,16926.37,Mobile App,Completed,Paid,Ahmedabad,Family Room,4,Silver,0.0
BKG302216,CUST101066,HTL200206,2026-04-05,2026-05-08,2026-05-09,10106.08,1030.82,1515.91,9620.99,Website,Confirmed,Paid,Pune,Standard,2,Blue,0.0
BKG302217,CUST100794,HTL200359,2026-03-24,2026-05-02,2026-05-03,16862.57,2023.51,0.0,18886.08,Website,No Show,Refund Pending,Shimla,Executive,3,Blue,0.0
BKG302218,CUST100596,HTL200418,2026-04-12,2026-04-15,2026-04-16,4635.54,500.64,463.55,4672.63,PaRtNeR DeSk,confirmed,Paid,Goa,Executive,2,Silver,0.0
BKG302219,CUST100728,HTL200943,2026-03-19,2026-04-29,2026-04-30,5214.56,594.46,260.73,5548.29,Call Center,Completed,PaId,Manali,Standard,5,Silver,0.0
BKG302220,CUST100505,HTL200738,2026-05-04,2026-06-02,2026-06-09,41065.5,4927.86,0.0,45993.36,Mobile App,Completed,Paid,Shimla,Deluxe,4,Blue,0.0
BKG302221,CUST100638,HTL200416,2026-05-20,2026-06-26,2026-06-28,26341.59,3160.99,0.0,29502.58,Mobile App,Confirmed,Paid,Goa,Executive,1,Blue,0.0
BKG302222,CUST100190,HTL200871,2026-04-30,2026-05-16,2026-05-19,30543.03,3665.16,0.0,34208.19,Mobile App,Cancelled,  Refund Pending  ,Bengaluru,Standard,3,Silver,34208.19
BKG302223,CUST100898,HTL200695,2026-01-15,2026-01-31,2026-02-02,2830.31,322.65,141.52,3011.44,Website,CoMpLeTeD,Partially Paid,Kochi,Deluxe,1,Blue,0.0
BKG302224,CUST100059,HTL200552,2026-03-24,2026-05-07,2026-05-12,69054.84,8286.58,0.0,77341.42,Website,Cancelled,Refund Pending,Udaipur,Executive,3,Silver,77341.42
BKG302225,CUST100061,HTL200181,2026-01-06,2026-02-18,2026-02-23,52314.16,5963.81,2615.71,55662.26,Mobile App,completed,Paid,Pune,Standard,1,Gold,0.0
BKG302226,CUST100301,HTL200555,2026-03-08,2026-03-15,2026-03-19,35265.36,3808.66,3526.54,35547.48,Mobile App,Check-in Denied,Paid,Agra,Executive,1,Silver,17773.74
BKG302227,,HTL200209,2026-05-02,2026-05-17,2026-05-18,8435.53,911.04,843.55,8503.02,Mobile App,Confirmed,Paid,Pune,Executive,2,Silver,0.0
BKG302228,CUST100998,HTL200848,2026-05-29,2026-07-06,2026-07-10,24269.83,2621.14,2426.98,24463.99,Mobile App,Completed,Partially Paid,Ahmedabad,Executive,3,Blue,0.0
BKG302229,CUST100171,HTL200967,2026-03-25,2026-03-31,2026-04-05,13213.67,1427.08,1321.37,13319.38,Mobile App,Check-in Denied,Refund Pending,Varanasi,Suite,4,Blue,3995.81
BKG302230,CUST100062,HTL200249,2026-04-21,2026-05-09,2026-05-10,8742.97,891.78,1311.45,8323.3,Website,Confirmed,Paid,Hyderabad,Deluxe,1,Silver,0.0
BKG302231,CUST100771,HTL200511,2026-05-25,2026-06-13,2026-06-20,124046.55,12652.75,18606.98,118092.32,Mobile App,Confirmed,Paid,Pune,Executive,2,Platinum,0.0
BKG302232,CUST100015,HTL200595,2026-05-16,2026-05-18,2026-05-24,92353.18,9420.02,13852.98,87920.22,Website,Pending,Paid,Shimla,Standard,5,Blue,0.0
BKG302233,CUST100690,HTL200138,2026-03-05,2026-03-08,2026-03-11,41192.58,4943.11,0.0,46135.69,Mobile App,Pending,Partially Paid,Pune,Suite,3,Blue,0.0
BKG302234,CUST100841,HTL200989,2026-05-06,2026-05-31,2026-06-05,10997.28,1319.67,0.0,12316.95,Website,Cancelled,Refund Pending,Kochi,Family Room,3,Silver,0.0
BKG302235,CUST101124,HTL200986,2026-01-28,2026-03-05,2026-03-11,112707.77,12848.69,5635.39,119921.07,Website,Completed,Paid,Varanasi,Family Room,4,Gold,0.0
BKG302236,CUST101199,HTL200230,2026-04-08,2026-05-06,2026-05-10,45043.49,5134.96,2252.17,47926.28,Mobile App,Completed,Paid,Delhi,Deluxe,1,Silver,0.0
BKG302237,CUST100898,HTL200909,2026-05-21,2026-06-28,2026-07-04,53541.64,6425.0,0.0,59966.64,Website,Confirmed,Paid,Delhi,Standard,2,Blue,0.0
BKG302238,CUST100932,HTL200937,2026-01-13,2026-02-10,2026-02-14,28080.98,3201.23,1404.05,29878.16,Mobile App,Completed,paid,Kolkata,Suite,1,Blue,0.0
BKG302239,CUST100174,HTL200974,2026-03-27,2026-04-28,2026-05-03,14807.11,1421.48,2961.42,13267.17,Call Center,Completed,Paid,Bengaluru,Standard,2,Gold,0.0
BKG302240,CUST100416,HTL200011,2026-01-21,2026-03-03,2026-03-05,8763.99,999.1,438.2,9324.89,Website,Confirmed,Partially Paid,  Ahmedabad  ,Suite,4,Silver,0.0
BKG302241,CUST100450,HTL200979,2026-03-04,2026-04-09,2026-04-16,13255.2,1511.09,662.76,14103.53,Website,Completed,Payment Failed,Chennai,Suite,1,Blue,0.0
BKG302242,CUST100835,HTL200272,2026-04-21,2026-05-30,2026-06-06,110554.25,13266.51,0.0,123820.76,Mobile App,Completed,Paid,Varanasi,Family Room,5,Silver,0.0
BKG302243,CUST100279,HTL200487,2026-03-17,2026-04-22,2026-04-25,48046.75,5189.05,4804.68,48431.12,Mobile App,Completed,Paid,Udaipur,Deluxe,4,Silver,0.0
BKG302244,CUST100243,HTL200089,2026-03-14,2026-04-26,2026-05-03,120303.32,13714.58,6015.17,128002.73,Mobile App,Completed,Paid,Chennai,Deluxe,4,Gold,0.0
BKG302245,CUST100674,HTL200973,2026-01-07,2026-01-30,2026-02-05,17284.33,2074.12,0.0,19358.45,Mobile App,No Show,Refunded,Shimla,Standard,3,Gold,9679.22
BKG302246,CUST100145,HTL200024,2026-03-13,2026-03-15,2026-03-22,64682.57,6209.53,12936.51,57955.59,Website,Completed,Paid,Shimla,Suite,2,Blue,0.0
BKG302247,CUST101090,HTL200537,2026-05-09,2026-05-19,2026-05-25,41374.89,4220.24,6206.23,39388.9,Mobile App,Completed,Payment Failed,Varanasi,Suite,1,Platinum,0.0
BKG302248,CUST100102,HTL200942,2026-05-11,2026-05-17,2026-05-22,15974.05,1725.2,1597.4,16101.85,Mobile App,Completed,Paid,Delhi,Executive,2,Platinum,0.0
BKG302249,CUST100309,HTL200664,2026-04-14,2026-04-22,2026-04-29,56632.06,5436.68,11326.41,50742.33,Mobile App,Confirmed,Paid,Udaipur,Deluxe,4,Blue,0.0
BKG302250,CUST100116,HTL200984,2026-01-28,2026-02-12,2026-02-17,80827.27,9214.31,4041.36,86000.22,Call Center,Completed,Paid,  Hyderabad  ,Suite,1,Blue,0.0
BKG302251,CUST100762,HTL200571,2026-02-12,2026-03-13,2026-03-20,97142.37,10491.38,9714.24,97919.51,Call Center,Cancelled,Refund Pending,PuNe,Standard,5,Blue,44063.78
BKG302252,CUST100737,HTL200059,2026-04-07,2026-05-05,2026-05-09,20628.4,2475.41,0.0,23103.81,Mobile App,Completed,Paid,Chennai,Family Room,2,Blue,0.0
BKG302253,CUST100186,HTL200794,2026-02-15,2026-03-09,2026-03-10,15722.32,1698.01,1572.23,15848.1,Mobile App,No Show,PaId,Delhi,Family Room,2,Silver,4754.43
BKG302254,CUST100784,HTL200170,2026-01-01,2026-02-04,2026-02-05,4405.2,528.62,0.0,4933.82,Mobile App,COMPLETED,Paid,delhi,Deluxe,5,Silver,0.0
BKG302255,CUST100706,HTL200587,2026-04-12,2026-05-02,2026-05-03,13535.42,1624.25,0.0,15159.67,Mobile App,Confirmed,Paid,Goa,Deluxe,4,Gold,0.0
BKG302256,CUST100875,HTL200787,2026-02-04,2026-03-09,2026-03-13,35013.69,3991.56,1750.68,37254.57,Call Center,Completed,Paid,Ahmedabad,Executive,2,Platinum,0.0
BKG302257,CUST100795,HTL200446,2026-02-23,2026-03-10,2026-03-11,8162.68,979.52,0.0,9142.2,Website,CANCELLED,Refunded,Goa,Deluxe,3,Platinum,9142.2
BKG302258,CUST100472,HTL200719,2026-01-24,2026-01-31,2026-02-05,14987.19,1708.54,749.36,15946.37,CALL CENTER,Completed,Paid,mumbai,Suite,3,Blue,0.0
BKG302259,CUST100555,HTL200920,2026-01-22,2026-02-15,2026-02-17,17096.86,1949.04,854.84,18191.06,Website,No Show,Refunded,Jaipur,Suite,1,Blue,5457.32
BKG302260,CUST100681,HTL200666,2026-01-16,2026-02-11,2026-02-13,11579.53,1250.59,1157.95,11672.17,Website,Cancelled,Refund Pending,Manali,Suite,5,Gold,11672.17
BKG302261,CUST100093,HTL200691,2026-01-13,2026-01-23,2026-01-30,75185.36,9022.24,0.0,84207.6,Website,Confirmed,Paid,Bengaluru,Suite,4,Blue,0.0
BKG302262,CUST100735,HTL200593,2026-04-10,2026-04-25,2026-04-27,7345.89,881.51,0.0,8227.4,Website,Confirmed,Paid,Shimla,Executive,3,Silver,0.0
BKG302263,CUST100789,HTL200009,2026-04-10,2026-05-17,2026-05-18,6265.8,676.71,626.58,6315.93,Website,Completed,Paid,Goa,Deluxe,1,Gold,0.0
BKG302264,CUST100037,HTL200242,2026-03-03,2026-03-27,2026-03-29,24337.52,2628.45,2433.75,24532.22,Mobile App,Confirmed,Partially Paid,Mumbai,Deluxe,1,Blue,0.0
BKG302265,CUST100781,HTL200177,2026-03-28,2026-04-08,2026-04-14,81712.06,9805.45,0.0,91517.51,Website,Completed,Paid,Jaipur,Deluxe,2,Silver,0.0
BKG302266,CUST100481,HTL200797,2026-03-19,2026-04-28,2026-04-29,11472.67,1239.05,1147.27,11564.45,Mobile App,Cancelled,Refunded,Goa,Executive,4,Gold,11564.45
BKG302267,CUST100110,HTL200256,2026-03-08,2026-03-29,2026-04-04,35678.42,3639.2,5351.76,33965.86,Call Center,Completed,Paid,Udaipur,Executive,3,Silver,0.0
BKG302268,CUST100409,HTL200309,2026-04-01,2026-05-11,2026-05-16,43277.02,5193.24,0.0,48470.26,Mobile App,Completed,Paid,Chennai,Suite,5,Blue,0.0
BKG302269,CUST101191,HTL200515,2026-02-02,2026-03-12,2026-03-18,76451.22,8715.44,3822.56,81344.1,Mobile App,Completed,Paid,Agra,Executive,2,Blue,0.0
BKG302270,CUST100396,HTL200214,2026-04-25,2026-05-10,2026-05-15,90113.81,10272.97,4505.69,95881.09,Mobile App,CONFIRMED,Paid,Mumbai,Executive,3,Blue,0.0
BKG302271,CUST101150,HTL200902,2026-01-19,2026-02-03,2026-02-07,8337.71,850.45,1250.66,7937.5,Partner Desk,Cancelled,Refunded,PuNe,Standard,1,Blue,7937.5
BKG302272,CUST100041,HTL200029,2026-05-04,2026-06-10,2026-06-14,28448.81,3413.86,0.0,31862.67,Call Center,Cancelled,Refund Pending,Chennai,Suite,5,Silver,0.0
BKG302273,CUST100040,HTL200345,2026-05-23,2026-06-06,2026-06-13,17860.09,2036.05,893.0,19003.14,Website,Completed,PAID,Mumbai,Suite,1,Blue,0.0
BKG302274,CUST100398,HTL200064,2026-04-30,2026-06-12,2026-06-18,108148.23,11031.12,16222.24,102957.11,Mobile App,Confirmed,Paid,Hyderabad,Standard,2,Blue,0.0
BKG302275,CUST100181,HTL200635,2026-04-07,2026-04-28,2026-05-01,41389.17,4718.36,2069.46,44038.07,Mobile App,Cancelled,Refunded,Goa,Deluxe,5,Blue,44038.07
BKG302276,CUST100743,HTL200796,2026-01-24,2026-03-09,2026-03-14,72313.31,7809.84,7231.33,72891.82,Mobile App,Completed,Paid,Hyderabad,Standard,5,Blue,0.0
BKG302277,CUST100717,HTL200152,2026-01-27,2026-02-16,2026-02-17,2291.14,274.94,0.0,2566.08,Call Center,Confirmed,Paid,Ahmedabad,Standard,2,Blue,0.0
BKG302278,CUST100463,HTL200039,2026-03-16,2026-04-18,2026-04-21,4173.27,400.63,834.65,3739.25,Website,No Show,Refund Pending,Kochi,Standard,1,Gold,1869.62
BKG302279,CUST101073,HTL200025,2026-01-23,2026-01-26,2026-01-31,58412.75,5958.1,8761.91,55608.94,Call Center,CaNcElLeD,Refund Pending,Kochi,Executive,5,Platinum,55608.94
BKG302280,CUST101169,HTL200272,2026-02-10,2026-03-22,2026-03-23,18098.2,1954.61,1809.82,18242.99,Website,Completed,paid,  Varanasi  ,Standard,4,Blue,0.0
BKG302281,CUST100297,HTL200158,2026-02-25,2026-03-20,2026-03-25,49699.69,5963.96,0.0,55663.65,Website,Completed,Paid,Ahmedabad,Family Room,4,Blue,0.0
BKG302282,CUST100144,HTL200700,2026-04-08,2026-05-22,2026-05-27,25982.31,3117.88,0.0,29100.19,Mobile App,Check-in Denied,Refund Pending,Varanasi,Standard,1,Blue,29100.19
BKG302283,CUST100015,HTL200775,2026-05-26,2026-06-18,2026-06-19,6508.1,702.87,650.81,6560.16,MOBILE APP,Cancelled,Refund Pending,Shimla,Deluxe,5,Blue,0.0
BKG302284,CUST101108,HTL200580,2026-01-06,2026-02-02,2026-02-07,89854.11,10243.37,4492.71,95604.77,Partner Desk,Completed,Paid,Kochi,Deluxe,1,Blue,0.0
BKG302285,CUST101075,HTL200000,2026-02-09,2026-03-16,2026-03-21,42961.53,4639.85,4296.15,43305.23,Mobile App,Completed,Paid,Chennai,Deluxe,4,Blue,0.0
BKG302286,CUST100106,HTL200078,2026-02-11,2026-03-08,2026-03-13,13002.21,1404.24,1300.22,13106.23,Website,Confirmed,Paid,Kochi,Standard,5,Blue,0.0
BKG302287,CUST100218,HTL200227,2026-02-01,2026-03-05,2026-03-12,113801.47,11607.75,17070.22,108339.0,Website,Confirmed,Paid,Pune,Suite,5,Silver,0.0
BKG302288,CUST100934,HTL200326,2026-01-10,2026-02-01,2026-02-05,49144.01,5602.42,2457.2,52289.23,Mobile App,Confirmed,Partially Paid,Agra,Deluxe,1,Silver,0.0
BKG302289,CUST100336,HTL200557,2026-03-10,2026-03-18,2026-03-20,6765.16,730.64,676.52,6819.28,Mobile App,Confirmed,Paid,Delhi,Standard,5,Gold,0.0
BKG302290,CUST100920,,2026-01-09,2026-02-16,2026-02-21,99203.21,10118.73,14880.48,94441.46,Mobile App,Cancelled,ReFuNdEd,Shimla,Deluxe,1,Silver,94441.46
BKG302291,CUST100370,HTL200500,2026-03-10,2026-03-28,2026-04-04,132075.62,15056.62,6603.78,140528.46,Website,  Confirmed  ,Paid,Kochi,Executive,3,Gold,0.0
BKG302292,CUST100997,HTL200474,2026-05-19,2026-06-16,2026-06-17,16857.77,1719.49,2528.67,16048.59,Mobile App,Cancelled,Refunded,Mumbai,Executive,3,Silver,16048.59
BKG302293,CUST100809,HTL200354,2026-04-09,2026-05-07,2026-05-13,71761.56,8611.39,0.0,80372.95,MoBiLe aPp,Completed,Paid,Varanasi,Standard,4,Silver,0.0
BKG302294,CUST100253,HTL200123,2026-03-15,2026-03-26,2026-03-31,74529.37,8049.17,7452.94,75125.6,WeBsItE,Completed,Paid,Udaipur,Deluxe,4,Silver,0.0
BKG302295,CUST100579,HTL200986,2026-04-13,2026-04-25,2026-05-02,110991.77,10655.21,22198.35,99448.63,  Mobile App  ,Confirmed,Paid,Varanasi,Deluxe,2,Silver,0.0
BKG302296,CUST100635,HTL200659,2026-05-03,2026-05-05,2026-05-09,46416.78,5291.51,2320.84,49387.45,Mobile App,COMPLETED,Paid,Mumbai,Family Room,3,Silver,0.0
BKG302297,CUST101053,HTL200977,2026-04-12,2026-05-19,2026-05-26,122497.2,13964.68,6124.86,130337.02,Mobile App,Confirmed,paid,Pune,Deluxe,3,Silver,0.0
BKG302298,CUST100184,HTL200423,2026-01-08,2026-01-12,2026-01-16,66643.76,7997.25,0.0,74641.01,Mobile App,COMPLETED,Paid,Agra,Suite,2,Silver,0.0
BKG302299,CUST100473,HTL200251,2026-01-19,2026-03-01,2026-03-07,93931.9,10144.65,9393.19,94683.36,Website,Cancelled,  Refund Pending  ,Kolkata,Executive,1,Gold,66278.35
BKG302300,CUST100984,HTL200513,2026-01-02,2026-02-05,2026-02-10,33516.54,3619.79,3351.65,33784.68,Call Center,Completed,Partially Paid,Pune,Deluxe,3,Blue,0.0
BKG302301,CUST100983,HTL200733,2026-02-24,2026-03-19,2026-03-22,50802.06,6096.25,0.0,56898.31,Mobile App,Cancelled,Paid,Shimla,Suite,3,Blue,56898.31
BKG302302,CUST101156,HTL200700,2026-05-19,2026-06-01,2026-06-07,29945.19,3234.08,2994.52,30184.75,Partner Desk,CANCELLED,REFUND PENDING,Varanasi,Standard,4,Blue,21129.32
BKG302303,CUST100501,HTL200506,2026-01-17,2026-01-24,2026-01-26,13591.13,1386.29,2038.67,12938.75,Mobile App,Cancelled,Refunded,Varanasi,Executive,2,Gold,12938.75
BKG302304,CUST100873,HTL200485,2026-03-02,2026-04-03,2026-04-04,3980.33,405.99,597.05,3789.27,Website,Confirmed,Payment Failed,Hyderabad,Standard,2,Gold,0.0
BKG302305,CUST101100,HTL200477,2026-05-11,2026-06-03,2026-06-10,53352.62,5762.08,5335.26,53779.44,Website,Pending,Paid,Mumbai,Deluxe,4,Blue,0.0
BKG302306,CUST100349,HTL200582,2026-03-27,2026-04-04,2026-04-05,5110.0,582.54,255.5,5437.04,Mobile App,Completed,Paid,Kochi,Standard,3,Blue,0.0
BKG302307,CUST100059,HTL200870,2026-02-04,2026-03-13,2026-03-14,1457.73,148.69,218.66,1387.76,Mobile App,Cancelled,Refunded,Goa,Executive,5,Platinum,1387.76
BKG302308,CUST100878,HTL200332,2026-04-13,2026-05-17,2026-05-18,15418.02,1757.65,770.9,16404.77,Mobile App,Completed,Paid,Udaipur,Standard,2,Silver,0.0
BKG302309,CUST100464,HTL200608,2026-03-07,2026-04-05,2026-04-09,15029.56,1623.19,1502.96,15149.79,Website,Completed,Paid,Goa,Standard,3,Blue,0.0
BKG302310,CUST100310,HTL200231,2026-01-01,2026-02-07,2026-02-14,48382.18,5225.28,4838.22,48769.24,Mobile App,Pending,Paid,Varanasi,Standard,1,Blue,0.0
BKG302311,CUST101114,HTL200541,2026-05-15,2026-06-07,2026-06-09,13443.49,1532.56,672.17,14303.88,Mobile App,Confirmed,Paid,Bengaluru,Suite,2,Silver,0.0
BKG302312,CUST100930,HTL200029,2026-05-28,2026-07-05,2026-07-10,36708.15,4404.98,0.0,41113.13,Mobile App,Completed,Paid,Chennai,Suite,4,Blue,0.0
BKG302313,CUST100964,HTL200726,2026-04-29,2026-05-28,2026-06-02,39952.38,4794.29,0.0,44746.67,Mobile App,Confirmed,Paid,Agra,Deluxe,2,Blue,0.0
BKG302314,CUST100279,HTL200172,2026-05-14,2026-06-27,2026-06-30,36641.41,4177.12,1832.07,38986.46,Website,Confirmed,  Paid  ,Manali,Standard,4,Blue,0.0
BKG302315,CUST100710,HTL200791,2026-02-24,2026-03-01,2026-03-06,78661.19,8967.38,3933.06,83695.51,Website,Cancelled,Refund Pending,Goa,Suite,1,Silver,83695.51
BKG302316,CUST100966,HTL200467,2026-04-10,2026-05-20,2026-05-22,6281.52,640.72,942.23,5980.01,Website,Confirmed,Paid,Kochi,Executive,3,Blue,0.0
BKG302317,CUST101141,HTL200475,2026-01-21,2026-02-01,2026-02-06,28280.85,3224.02,1414.04,30090.83,Mobile App,No Show,Paid,Bengaluru,Executive,4,Platinum,30090.83
BKG302318,CUST100694,HTL200951,2026-02-20,2026-03-06,2026-03-10,60315.07,6875.92,3015.75,64175.24,Mobile App,Completed,Paid,Kochi,Standard,4,Blue,0.0
BKG302319,CUST100909,HTL200722,2026-04-10,2026-05-22,2026-05-28,25416.64,2897.5,1270.83,27043.31,MOBILE APP,Completed,Paid,Ahmedabad,Deluxe,1,Silver,0.0
BKG302320,CUST100566,HTL200316,2026-01-08,2026-01-10,2026-01-15,82003.64,9840.44,0.0,91844.08,Website,Confirmed,Paid,Chennai,Suite,5,Blue,0.0
BKG302321,CUST100270,HTL200396,2026-03-09,2026-04-13,2026-04-14,8948.99,1073.88,0.0,10022.87,Mobile App,Confirmed,Paid,Ahmedabad,Suite,2,Blue,0.0
BKG302322,CUST101124,HTL200124,2026-04-17,2026-05-22,2026-05-23,4932.07,591.85,0.0,5523.92,Call Center,Check-in Denied,Refunded,Manali,Suite,5,Silver,2761.96
BKG302323,CUST100979,HTL200079,2026-05-24,2026-07-05,2026-07-11,71964.98,8204.01,3598.25,76570.74,MoBiLe aPp,Cancelled,Refunded,Manali,Deluxe,2,Blue,34456.83
BKG302324,CUST101076,HTL200695,2026-03-08,2026-04-05,2026-04-06,1248.11,149.77,0.0,1397.88,Call Center,Confirmed,  Paid  ,Kochi,Family Room,1,Silver,0.0
BKG302325,CUST100840,HTL200526,2026-01-02,2026-01-10,2026-01-11,2428.45,291.41,0.0,2719.86,Website,Confirmed,Partially Paid,Shimla,Suite,1,Blue,0.0
BKG302326,CUST101003,HTL200522,2026-01-01,2026-02-02,2026-02-06,11713.87,1194.82,1757.08,11151.61,Website,Confirmed,Paid,Agra,Standard,5,Silver,0.0
BKG302327,CUST100239,HTL200395,2026-01-01,2026-01-05,2026-01-09,60264.62,7231.75,0.0,67496.37,mobile app,confirmed,Paid,Manali,Suite,1,Blue,0.0
BKG302328,CUST100360,HTL200853,2026-04-12,2026-04-19,2026-04-23,40696.88,4883.63,0.0,45580.51,Mobile App,Cancelled,Refunded,JAIPUR,Suite,3,Platinum,20511.23
BKG302329,CUST100733,HTL200088,2026-04-25,2026-06-03,2026-06-08,90752.26,8712.22,18150.45,81314.03,Website,Cancelled,Refund Pending,Jaipur,Family Room,5,Silver,36591.31
BKG302330,CUST100851,HTL200002,2026-05-15,2026-06-11,2026-06-17,49020.49,5294.21,4902.05,49412.65,Website,Completed,Paid,Hyderabad,Standard,4,Gold,0.0
BKG302331,CUST100859,HTL200535,2026-03-29,2026-05-05,2026-05-06,13731.53,1647.78,0.0,15379.31,MoBiLe aPp,No Show,Refunded,Hyderabad,Standard,4,Silver,7689.66
BKG302332,CUST100700,HTL200600,2026-04-02,2026-04-19,2026-04-22,52896.47,6347.58,0.0,59244.05,Mobile App,  Confirmed  ,Paid,Pune,Standard,1,Silver,0.0
BKG302333,CUST100835,HTL200520,2026-01-18,2026-01-28,2026-02-03,28953.98,3127.03,2895.4,29185.61,Website,Completed,Paid,Ahmedabad,Suite,1,Blue,0.0
BKG302334,CUST100822,HTL200987,2026-03-29,2026-04-02,2026-04-05,34075.06,3680.11,3407.51,34347.66,Call Center,Cancelled,Refunded,Hyderabad,Suite,2,Platinum,15456.45
BKG302335,CUST100096,HTL200557,2026-02-02,2026-02-25,2026-02-26,4068.25,488.19,0.0,4556.44,Mobile App,Confirmed,Paid,Delhi,Executive,5,Silver,0.0
BKG302336,CUST100326,HTL200605,2026-03-14,2026-03-28,2026-03-30,10355.28,1242.63,0.0,11597.91,Mobile App,Completed,Partially Paid,PUNE,Family Room,5,Gold,0.0
BKG302337,CUST100072,HTL200070,2026-01-28,2026-02-02,2026-02-08,58754.29,5640.41,11750.86,52643.84,Partner Desk,Completed,Paid,Hyderabad,Standard,3,Silver,0.0
BKG302338,CUST100993,HTL200699,2026-03-28,2026-03-30,2026-04-04,89908.81,9710.15,8990.88,90628.08,Website,Completed,Paid,Chennai,Standard,4,Blue,0.0
BKG302339,CUST101193,HTL200138,2026-02-22,2026-03-18,2026-03-21,39944.48,4553.67,1997.22,42500.93,Mobile App,Completed,Paid,Pune,Executive,4,Blue,0.0
BKG302340,CUST100993,HTL200009,2026-02-13,2026-03-03,2026-03-09,33235.99,3988.32,0.0,37224.31,Mobile App,Completed,Payment Failed,Goa,Suite,3,Blue,0.0
BKG302341,CUST100332,HTL200514,2026-03-21,2026-04-17,2026-04-23,21482.34,2577.88,0.0,24060.22,Website,Completed,Paid,Varanasi,Executive,2,Blue,0.0
BKG302342,CUST101180,HTL200530,2026-05-18,2026-06-11,2026-06-15,33547.22,3824.38,1677.36,35694.24,Mobile App,CONFIRMED,Payment Failed,Ahmedabad,Executive,3,Silver,0.0
BKG302343,CUST100457,HTL200129,2026-01-14,2026-02-12,2026-02-14,19984.98,1918.56,3997.0,17906.54,Mobile App,Confirmed,Paid,Pune,Suite,2,Silver,0.0
BKG302344,CUST100733,HTL200400,2026-04-13,2026-04-24,2026-04-28,57273.16,6872.78,0.0,64145.94,Mobile App,Completed,Payment Failed,Pune,Deluxe,2,Blue,0.0
BKG302345,CUST100875,HTL200220,2026-02-05,2026-02-23,2026-02-25,12718.64,1220.99,2543.73,11395.9,MOBILE APP,Confirmed,Paid,Bengaluru,Family Room,2,Blue,0.0
BKG302346,CUST100857,HTL200641,2026-02-03,2026-02-07,2026-02-09,26405.54,3168.67,0.0,29574.21,Mobile App,No Show,Refund Pending,Shimla,Deluxe,1,Silver,0.0
BKG302347,CUST100098,HTL200436,2026-03-29,2026-05-01,2026-05-06,64605.35,7365.01,3230.27,68740.09,Mobile App,Cancelled,Paid,Chennai,Deluxe,1,Blue,0.0
BKG302348,CUST100731,HTL200399,2026-05-26,2026-06-09,2026-06-15,22990.4,2758.85,0.0,25749.25,Website,Confirmed,Paid,Jaipur,Family Room,2,Platinum,0.0
BKG302349,CUST100924,HTL200112,2026-01-16,2026-03-01,2026-03-05,37586.63,4059.36,3758.66,37887.33,Mobile App,Cancelled,refund pending,Udaipur,Deluxe,3,Blue,0.0
BKG302350,CUST100243,HTL200649,2026-02-10,2026-03-24,2026-03-28,45972.82,5240.9,2298.64,48915.08,Mobile App,Completed,Partially Paid,Agra,Suite,3,Platinum,0.0
BKG302351,CUST100661,HTL200451,2026-01-25,2026-02-26,2026-03-01,24593.32,2656.08,2459.33,24790.07,Mobile App,Confirmed,Partially Paid,Goa,Deluxe,3,Gold,0.0
BKG302352,CUST101005,HTL200554,2026-05-06,2026-05-10,2026-05-16,76956.06,8311.25,7695.61,77571.7,Mobile App,Completed,Paid,Jaipur,Deluxe,1,Platinum,0.0
BKG302353,CUST100366,HTL200217,2026-01-08,2026-01-28,2026-01-29,12845.1,1464.34,642.25,13667.19,Website,Completed,Paid,Pune,Deluxe,2,Blue,0.0
BKG302354,CUST101178,HTL200057,2026-04-22,2026-05-13,2026-05-14,8848.67,955.66,884.87,8919.46,Call Center,Confirmed,Paid,Goa,Suite,4,Blue,0.0
BKG302355,CUST100498,HTL200112,2026-04-04,2026-04-07,2026-04-10,27389.23,3286.71,0.0,30675.94,Website,CoNfIrMeD,Paid,Udaipur,Executive,3,Blue,0.0
BKG302356,CUST100112,HTL200699,2026-03-25,2026-04-19,2026-04-21,30663.51,3311.66,3066.35,30908.82,Mobile App,Confirmed,Paid,Chennai,Standard,1,Gold,0.0
BKG302357,CUST100944,HTL200121,2026-05-26,2026-05-30,2026-06-02,33497.76,4019.73,0.0,37517.49,Mobile App,Confirmed,Paid,Pune,Family Room,5,Gold,0.0
BKG302358,CUST101047,HTL200407,2026-03-09,2026-03-20,2026-03-23,34602.94,3944.73,1730.15,36817.52,Mobile App,Confirmed,Paid,Ahmedabad,Family Room,2,Blue,0.0
BKG302359,CUST100282,HTL200459,2026-03-08,2026-03-24,2026-03-28,46314.53,4724.08,6947.18,44091.43,Mobile App,  Completed  ,Paid,Chennai,Suite,3,Blue,0.0
BKG302360,CUST100400,HTL200084,2026-05-26,2026-07-01,2026-07-04,16719.28,2006.31,0.0,18725.59,Mobile App,Confirmed,Paid,Agra,Standard,1,Silver,0.0
BKG302361,CUST100567,HTL200617,2026-04-21,2026-04-27,2026-05-04,12374.35,1187.94,2474.87,11087.42,MOBILE APP,Confirmed,Paid,Kolkata,Deluxe,5,Blue,0.0
BKG302362,,HTL200399,2026-01-18,2026-02-18,2026-02-20,7129.84,727.24,1069.48,6787.6,Partner Desk,Confirmed,Paid,Jaipur,Family Room,2,Silver,0.0
BKG302363,CUST100713,HTL200355,2026-02-25,2026-04-06,2026-04-07,17074.97,1946.55,853.75,18167.77,Website,Cancelled,Refunded,Pune,Deluxe,4,Gold,0.0
BKG302364,CUST100421,HTL200098,2026-02-04,2026-02-17,2026-02-22,48353.7,5802.44,0.0,54156.14,Mobile App,Completed,Paid,Hyderabad,Suite,2,Silver,0.0
BKG302365,CUST100848,HTL200520,2026-05-14,2026-06-06,2026-06-12,31254.79,3187.99,4688.22,29754.56,Mobile App,  Completed  ,Paid,Ahmedabad,Suite,2,Silver,0.0
BKG302366,CUST100474,HTL200517,2026-04-28,2026-05-02,2026-05-05,4645.1,473.8,696.77,4422.13,Website,Completed,Paid,MaNaLi,Suite,3,Blue,0.0
BKG302367,CUST100404,HTL200107,2026-01-26,2026-03-04,2026-03-10,49043.7,5885.24,0.0,54928.94,Mobile App,Cancelled,Refunded,Pune,Executive,2,Blue,0.0
BKG302368,CUST100035,HTL200960,2026-03-02,2026-04-13,2026-04-16,16114.45,1643.67,2417.17,15340.95,Mobile App,Completed,Paid,Mumbai,Suite,5,Silver,0.0
BKG302369,CUST100357,HTL200973,2026-03-29,2026-05-05,2026-05-12,23734.76,2420.95,3560.21,22595.5,Mobile App,Confirmed,Paid,Shimla,Deluxe,5,Gold,0.0
BKG302370,CUST100557,HTL200151,2026-01-15,2026-02-28,2026-03-06,73960.77,8431.53,3698.04,78694.26,Mobile App,Confirmed,Paid,Chennai,Executive,2,Silver,0.0
BKG302371,CUST101067,HTL200905,2026-04-01,2026-05-04,2026-05-08,13632.4,1390.5,2044.86,12978.04,Mobile App,Confirmed,Paid,chennai,Deluxe,2,Blue,0.0
BKG302372,CUST100319,HTL200849,2026-02-01,2026-03-15,2026-03-19,40793.87,4650.5,2039.69,43404.68,Mobile App,Completed,Paid,Chennai,Suite,5,Blue,0.0
BKG302373,CUST100737,HTL200748,2026-05-20,2026-06-18,2026-06-24,80589.24,8703.64,8058.92,81233.96,Mobile App,Confirmed,Paid,Ahmedabad,Executive,5,Silver,0.0
BKG302374,CUST100657,HTL200968,2026-05-13,2026-06-19,2026-06-22,31707.5,3614.65,1585.38,33736.77,Website,Confirmed,Paid,Jaipur,Standard,3,Blue,0.0
BKG302375,CUST100471,HTL200026,2026-03-05,2026-03-24,2026-03-31,75994.74,9119.37,0.0,85114.11,Mobile App,Completed,Paid,Mumbai,Suite,4,Blue,0.0
BKG302376,CUST100524,HTL200118,2026-03-27,2026-04-16,2026-04-23,33234.39,3589.31,3323.44,33500.26,Mobile App,Confirmed,Paid,Mumbai,Executive,5,Blue,0.0
BKG302377,CUST100024,HTL200722,2026-02-14,2026-03-18,2026-03-21,12442.99,1493.16,0.0,13936.15,Mobile App,Cancelled,Refunded,Ahmedabad,Executive,4,Blue,13936.15
BKG302378,CUST100639,HTL200099,2026-02-04,2026-03-20,2026-03-22,12687.41,1370.24,1268.74,12788.91,Mobile App,Completed,Partially Paid,Varanasi,Executive,4,Blue,0.0
BKG302379,CUST101180,HTL200002,2026-01-26,2026-02-11,2026-02-12,8259.02,842.42,1238.85,7862.59,Mobile App,Pending,Payment Failed,Hyderabad,Family Room,5,Blue,0.0
BKG302380,,HTL200805,2026-01-23,2026-01-28,2026-01-29,18575.83,2229.1,0.0,20804.93,Mobile App,Pending,Paid,Kolkata,Executive,3,Blue,0.0
BKG302381,CUST100173,HTL200968,2026-05-21,2026-06-02,2026-06-09,57771.07,6585.9,2888.55,61468.42,Mobile App,Cancelled,Refunded,Jaipur,Standard,2,Blue,0.0
BKG302382,CUST100185,HTL200841,2026-05-11,2026-06-01,2026-06-06,39082.04,4220.86,3908.2,39394.7,Mobile App,Check-In Denied,Paid,Udaipur,Suite,1,Blue,0.0
BKG302383,CUST101000,HTL200328,2026-01-29,2026-02-12,2026-02-13,11322.4,1358.69,0.0,12681.09,Website,Confirmed,Paid,Kochi,Suite,2,Blue,0.0
BKG302384,CUST100527,HTL200528,2026-03-05,2026-04-11,2026-04-16,93895.61,9577.35,14084.34,89388.62,  Mobile App  ,Cancelled,Refunded,JaIpUr,Suite,1,Blue,0.0
BKG302385,CUST100971,HTL200105,2026-04-23,2026-05-15,2026-05-19,40636.18,4632.52,2031.81,43236.89,Mobile App,Confirmed,PaId,Chennai,Executive,5,Gold,0.0
BKG302386,CUST100683,HTL200229,2026-05-14,2026-06-13,2026-06-18,67687.1,7310.21,6768.71,68228.6,Call Center,Cancelled,Refund Pending,varanasi,Suite,2,Blue,30702.87
BKG302387,CUST100185,HTL200303,2026-05-19,2026-06-11,2026-06-16,56912.86,6829.54,0.0,63742.4,Website,Completed,Paid,Agra,Standard,2,Silver,0.0
BKG302388,CUST100574,HTL200176,2026-04-28,2026-05-03,2026-05-04,11718.07,1406.17,0.0,13124.24,Call Center,Confirmed,Paid,Kolkata,Family Room,1,Gold,0.0
BKG302389,CUST100308,HTL200938,2026-03-08,2026-04-06,2026-04-13,36780.17,4413.62,0.0,41193.79,  Partner Desk  ,Check-in Denied,Paid,Kolkata,Standard,3,Gold,12358.14
BKG302390,CUST100537,HTL200083,2026-04-18,2026-05-18,2026-05-21,31234.14,3748.1,0.0,34982.24,mobile app,Confirmed,Partially Paid,Mumbai,Family Room,5,Gold,0.0
BKG302391,CUST100857,HTL200262,2026-03-27,2026-04-14,2026-04-21,47061.15,5364.97,2353.06,50073.06,Mobile App,Cancelled,Refund Pending,Hyderabad,Suite,5,Silver,35051.14
BKG302392,CUST100192,HTL200195,2026-01-29,2026-01-30,2026-02-03,64264.42,6940.56,6426.44,64778.54,Website,Completed,Paid,Kochi,Deluxe,5,Silver,0.0
BKG302393,CUST101186,HTL200248,2026-03-01,2026-04-09,2026-04-11,17695.63,2123.48,0.0,19819.11,Website,Confirmed,Partially Paid,Delhi,Family Room,2,Blue,0.0
BKG302394,CUST100052,HTL200381,2026-02-23,2026-03-12,2026-03-17,92630.06,11115.61,0.0,103745.67,Mobile App,CoMpLeTeD,Paid,UDAIPUR,Standard,4,Gold,0.0
BKG302395,CUST100474,HTL200457,2026-04-03,2026-04-06,2026-04-11,13548.54,1544.53,677.43,14415.64,Website,Confirmed,Partially Paid,Mumbai,Standard,1,Blue,0.0
BKG302396,CUST100173,HTL200660,2026-03-10,2026-04-21,2026-04-27,19977.34,2037.69,2996.6,19018.43,Mobile App,Check-in Denied,Refund Pending,Goa,Deluxe,2,Gold,9509.22
BKG302397,CUST100699,HTL200717,2026-04-27,2026-05-04,2026-05-09,35055.92,3786.04,3505.59,35336.37,Mobile App,Pending,Partially Paid,Chennai,Family Room,3,Silver,0.0
BKG302398,CUST100389,HTL200408,2026-01-09,2026-02-05,2026-02-12,38504.93,4620.59,0.0,43125.52,Mobile App,Cancelled,Refund Pending,Pune,Family Room,3,Blue,30187.86
BKG302399,CUST100456,HTL200080,2026-05-06,2026-06-03,2026-06-06,15820.39,1613.68,2373.06,15061.01,Mobile App,Cancelled,Paid,Jaipur,Standard,2,Blue,6777.45
BKG302400,CUST101052,HTL200700,2026-03-18,2026-05-01,2026-05-03,10117.86,1032.02,1517.68,9632.2,Website,Confirmed,Paid,Varanasi,Family Room,1,Silver,0.0
BKG302401,CUST100121,HTL200411,2026-01-10,2026-02-10,2026-02-17,63234.17,7208.69,3161.71,67281.15,Website,Completed,Paid,  Manali  ,Deluxe,5,Platinum,0.0
BKG302402,CUST100417,HTL200205,2026-04-12,2026-04-27,2026-05-03,76486.64,8260.56,7648.66,77098.54,Mobile App,Confirmed,Paid,Agra,Family Room,5,Blue,0.0
BKG302403,CUST100158,HTL200819,2026-02-27,2026-03-07,2026-03-14,23473.29,2675.96,1173.66,24975.59,Mobile App,Completed,Paid,Mumbai,Family Room,4,Gold,0.0
BKG302404,CUST100597,HTL200780,2026-04-23,2026-04-29,2026-04-30,7322.94,703.0,1464.59,6561.35,Mobile App,Confirmed,PaId,Udaipur,Deluxe,2,Gold,0.0
BKG302405,CUST100515,HTL200801,2026-04-16,2026-05-14,2026-05-18,74230.49,8462.28,3711.52,78981.25,Mobile App,Completed,Paid,Udaipur,Suite,4,Silver,0.0
BKG302406,CUST101025,HTL200894,2026-02-04,2026-02-08,2026-02-11,27502.62,2640.25,5500.52,24642.35,Mobile App,Completed,Paid,GOA,Family Room,3,Blue,0.0
BKG302407,CUST101102,HTL200872,2026-04-13,2026-05-13,2026-05-15,7402.8,888.34,0.0,8291.14,Mobile App,Confirmed,Partially Paid,Hyderabad,Standard,5,Gold,0.0
BKG302408,CUST100658,HTL200962,2026-04-13,2026-05-26,2026-05-30,18799.61,2143.16,939.98,20002.79,Mobile App,Confirmed,Paid,Chennai,Executive,5,Silver,0.0
BKG302409,CUST100677,HTL200387,2026-04-07,2026-04-24,2026-04-25,4872.07,496.95,730.81,4638.21,Mobile App,Confirmed,Paid,Chennai,Standard,4,Silver,0.0
BKG302410,CUST100314,HTL200811,2026-05-16,2026-06-19,2026-06-23,62092.58,6333.44,9313.89,59112.13,Website,cancelled,Refund Pending,Pune,Standard,2,Gold,41378.49
BKG302411,CUST100327,HTL200893,2026-05-22,2026-05-28,2026-06-03,90863.66,9813.28,9086.37,91590.57,Call Center,Confirmed,Paid,Kochi,Suite,4,Silver,0.0
BKG302412,CUST100275,HTL200766,2026-05-16,2026-06-21,2026-06-26,74442.47,7593.13,11166.37,70869.23,Mobile App,Confirmed,Paid,Agra,Suite,3,Blue,0.0
BKG302413,CUST100715,HTL200398,2026-04-16,2026-05-21,2026-05-26,80369.07,8679.86,8036.91,81012.02,Mobile App,Cancelled,Refunded,Pune,Standard,2,Blue,36455.41
BKG302414,CUST100451,HTL200979,2026-03-12,2026-04-20,2026-04-23,7328.58,791.49,732.86,7387.21,Call Center,Confirmed,Paid,Chennai,Family Room,3,Gold,0.0
BKG302415,CUST100485,HTL200007,2026-03-18,2026-04-26,2026-04-30,15509.99,1768.14,775.5,16502.63,Call Center,Completed,Paid,PuNe,Standard,2,Blue,0.0
BKG302416,CUST101130,HTL200625,2026-02-23,2026-03-11,2026-03-18,22479.34,2562.64,1123.97,23918.01,Mobile App,Cancelled,Refund Pending,Hyderabad,Family Room,4,Blue,16742.61
BKG302417,CUST100566,HTL200516,2026-01-21,2026-01-23,2026-01-28,18476.23,2106.29,923.81,19658.71,Mobile App,Completed,Paid,Kochi,Deluxe,1,Silver,0.0
BKG302418,CUST100245,HTL200449,2026-04-21,2026-04-29,2026-05-02,15579.76,1682.61,1557.98,15704.39,Mobile App,Completed,Paid,Pune,Deluxe,4,Gold,0.0
BKG302419,CUST100934,HTL200475,2026-03-16,2026-03-31,2026-04-03,21051.49,2399.87,1052.57,22398.79,Mobile App,Confirmed,Paid,Bengaluru,Suite,2,Platinum,0.0
BKG302420,CUST100888,HTL200341,2026-01-14,2026-02-10,2026-02-16,101350.45,12162.05,0.0,113512.5,Mobile App,Confirmed,Paid,Ahmedabad,Executive,3,Blue,0.0
BKG302421,CUST100163,HTL200072,2026-01-02,2026-01-18,2026-01-21,27315.57,3277.87,0.0,30593.44,Mobile App,Completed,Paid,Kolkata,Executive,4,Gold,0.0
BKG302422,CUST100526,HTL200859,2026-04-18,2026-04-19,2026-04-20,9497.55,911.76,1899.51,8509.8,Website,Confirmed,Paid,Bengaluru,Suite,2,Silver,0.0
BKG302423,CUST100000,HTL200120,2026-05-25,2026-06-04,2026-06-11,75994.55,9119.35,0.0,85113.9,Mobile App,No Show,Paid,Mumbai,Deluxe,3,Gold,42556.95
BKG302424,CUST100862,HTL200301,2026-03-19,2026-03-26,2026-03-31,27974.13,3356.9,0.0,31331.03,Website,  Confirmed  ,Paid,Manali,Suite,3,Gold,0.0
BKG302425,CUST100136,HTL200960,2026-02-17,2026-02-27,2026-03-04,24736.21,2819.93,1236.81,26319.33,Mobile App,Completed,Payment Failed,Mumbai,Deluxe,3,Blue,0.0
BKG302426,CUST100150,HTL200883,2026-04-01,2026-04-13,2026-04-15,20755.65,2490.68,0.0,23246.33,Mobile App,CONFIRMED,Paid,Hyderabad,Family Room,2,Silver,0.0
BKG302427,CUST101003,HTL200995,2026-05-16,2026-06-02,2026-06-03,15981.13,1821.85,799.06,17003.92,Website,No Show,Paid,Udaipur,Deluxe,3,Platinum,8501.96
BKG302428,CUST101041,HTL200880,2026-01-17,2026-01-29,2026-02-03,49107.18,5892.86,0.0,55000.04,Website,Completed,Paid,Ahmedabad,Deluxe,3,Silver,0.0
BKG302429,CUST101128,HTL200233,2026-01-12,2026-01-27,2026-02-02,34636.58,4156.39,0.0,38792.97,Mobile App,Completed,Paid,Kolkata,Deluxe,4,Silver,0.0
BKG302430,CUST100998,HTL200065,2026-05-26,2026-06-27,2026-07-02,70944.22,7236.31,10641.63,67538.9,Mobile App,Completed,Paid,Pune,Executive,3,Blue,0.0
BKG302431,CUST100697,HTL200229,2026-01-26,2026-02-27,2026-03-01,27513.18,2971.42,2751.32,27733.28,Mobile App,Completed,Paid,VARANASI,Deluxe,1,Blue,0.0
BKG302432,CUST101088,HTL200921,2026-02-06,2026-03-04,2026-03-08,67389.94,8086.79,0.0,75476.73,Mobile App,Completed,Payment Failed,Delhi,Standard,2,Platinum,0.0
BKG302433,CUST100332,HTL200542,2026-03-11,2026-03-25,2026-03-29,37888.14,4091.92,3788.81,38191.25,Mobile App,Confirmed,  Paid  ,Udaipur,Family Room,3,Silver,0.0
BKG302434,CUST100371,HTL200818,2026-03-20,2026-04-15,2026-04-16,10851.94,1172.01,1085.19,10938.76,  Mobile App  ,Completed,Paid,Agra,Executive,3,Blue,0.0
BKG302435,CUST100580,HTL200808,2026-03-31,2026-04-05,2026-04-08,3971.53,428.93,397.15,4003.31,Mobile App,Confirmed,Paid,Goa,Standard,5,Blue,0.0
BKG302436,CUST101165,HTL200050,2026-02-10,2026-03-20,2026-03-22,18285.61,2084.56,914.28,19455.89,Mobile App,Confirmed,PAID,Jaipur,Executive,4,Gold,0.0
BKG302437,CUST100685,HTL200658,2026-05-22,2026-05-26,2026-05-28,29609.87,3553.18,0.0,33163.05,  Website  ,Confirmed,Paid,Kolkata,Executive,3,Gold,0.0
BKG302438,CUST100708,HTL200606,2026-05-09,2026-06-06,2026-06-11,29060.98,3138.59,2906.1,29293.47,Mobile App,Confirmed,Paid,Shimla,Standard,4,Blue,0.0
BKG302439,CUST100927,HTL200328,2026-01-17,2026-01-18,2026-01-24,70711.66,8061.13,3535.58,75237.21,Mobile App,Confirmed,Paid,Kochi,Suite,4,Platinum,0.0
BKG302440,CUST100739,HTL200386,2026-02-22,2026-03-07,2026-03-12,52243.51,6269.22,0.0,58512.73,Mobile App,No Show,Refund Pending,Udaipur,Suite,1,Blue,17553.82
BKG302441,CUST100270,HTL200037,2026-04-28,2026-06-10,2026-06-16,67441.86,7688.37,3372.09,71758.14,Website,Completed,Paid,Kolkata,Deluxe,2,Gold,0.0
BKG302442,CUST100710,HTL200709,2026-04-19,2026-04-22,2026-04-24,25066.79,2707.21,2506.68,25267.32,Mobile App,Check-in Denied,Paid,Bengaluru,Standard,1,Blue,7580.2
BKG302443,CUST100324,HTL200752,2026-05-16,2026-06-10,2026-06-13,16686.37,1902.25,834.32,17754.3,Mobile App,Confirmed,Paid,Kolkata,Deluxe,2,Blue,0.0
BKG302444,CUST100989,HTL200172,2026-03-18,2026-04-29,2026-05-03,57156.24,6515.81,2857.81,60814.24,Website,Completed,Paid,Manali,Suite,5,Silver,0.0
BKG302445,CUST100797,HTL200492,2026-03-21,2026-04-06,2026-04-07,15714.71,1602.9,2357.21,14960.4,Call Center,Cancelled,Refund Pending,Ahmedabad,Standard,1,Blue,10472.28
BKG302446,CUST100919,HTL200767,2026-02-14,2026-03-07,2026-03-14,13613.68,1388.6,2042.05,12960.23,Mobile App,Completed,Paid,Kolkata,Standard,4,Blue,0.0
BKG302447,CUST100546,HTL200454,2026-01-18,2026-01-31,2026-02-06,107896.41,12300.19,5394.82,114801.78,Website,Completed,Paid,  Agra  ,Standard,3,Blue,0.0
BKG302448,CUST101092,HTL200040,2026-04-09,2026-05-23,2026-05-27,80743.32,9204.74,4037.17,85910.89,Partner Desk,Completed,Paid,KOLKATA,Deluxe,5,Blue,0.0
BKG302449,CUST100907,HTL200920,2026-05-27,2026-07-02,2026-07-03,8462.83,913.99,846.28,8530.54,Mobile App,Completed,Paid,Jaipur,Executive,2,Gold,0.0
BKG302450,CUST100211,HTL200984,2026-03-09,2026-03-17,2026-03-20,45358.33,5443.0,0.0,50801.33,Mobile App,Cancelled,Refund Pending,Hyderabad,Executive,1,Gold,50801.33
BKG302451,CUST100596,HTL200945,2026-03-24,2026-05-07,2026-05-09,31417.94,3393.14,3141.79,31669.29,Website,Completed,Paid,Pune,Executive,5,Blue,0.0
BKG302452,CUST100047,HTL200128,2026-02-19,2026-03-10,2026-03-13,42041.09,4288.19,6306.16,40023.12,Mobile App,Check-in Denied,Paid,Udaipur,Standard,1,Blue,0.0
BKG302453,CUST100230,HTL200053,2026-01-25,2026-02-10,2026-02-16,51317.94,5850.24,2565.9,54602.28,Mobile App,Check-in Denied,Paid,Mumbai,Suite,4,Blue,16380.68
BKG302454,CUST100578,HTL200085,2026-05-01,2026-05-13,2026-05-15,15835.61,1900.27,0.0,17735.88,Mobile App,Completed,Paid,Varanasi,Deluxe,1,Gold,0.0
BKG302455,CUST100949,HTL200723,2026-03-09,2026-03-29,2026-04-03,56229.5,6747.54,0.0,62977.04,Mobile App,Confirmed,Paid,Jaipur,Deluxe,2,Blue,0.0
BKG302456,CUST101112,HTL200268,2026-02-25,2026-03-15,2026-03-16,6140.87,663.21,614.09,6189.99,Mobile App,Confirmed,Paid,Delhi,Suite,2,Gold,0.0
BKG302457,CUST100931,HTL200295,2026-02-08,2026-02-20,2026-02-25,22411.44,2689.37,0.0,25100.81,Website,CoNfIrMeD,Paid,Bengaluru,Executive,3,Blue,0.0
BKG302458,CUST100051,HTL200020,2026-03-04,2026-03-29,2026-03-31,29906.39,3409.33,1495.32,31820.4,Call Center,Confirmed,Paid,Ahmedabad,Family Room,3,Blue,0.0
BKG302459,CUST100421,HTL200214,2026-05-08,2026-05-19,2026-05-26,119133.63,13581.23,5956.68,126758.18,Mobile App,Completed,Paid,Mumbai,Suite,2,Blue,0.0
BKG302460,CUST100610,HTL200424,2026-05-15,2026-06-06,2026-06-07,8648.47,1037.82,0.0,9686.29,Mobile App,Confirmed,Paid,Kochi,Executive,2,Blue,0.0
BKG302461,CUST100445,HTL200188,2026-05-02,2026-06-05,2026-06-06,11069.44,1261.92,553.47,11777.89,Website,Completed,Paid,AHMEDABAD,Standard,2,Silver,0.0
BKG302462,CUST100960,HTL200160,2026-02-28,2026-03-13,2026-03-18,41958.72,4783.29,2097.94,44644.07,Mobile App,Confirmed,Paid,Delhi,Suite,5,Blue,0.0
BKG302463,CUST100130,HTL200712,2026-02-17,2026-03-27,2026-03-28,19162.98,2069.6,1916.3,19316.28,Website,Completed,Paid,Kochi,Executive,1,Blue,0.0
BKG302464,CUST100599,HTL200540,2026-05-13,2026-05-25,2026-05-27,33054.03,3966.48,0.0,37020.51,Website,Confirmed,Paid,Bengaluru,Deluxe,5,Blue,0.0
BKG302465,CUST100373,HTL200380,2026-02-05,2026-03-16,2026-03-23,92506.52,11100.78,0.0,103607.3,Partner Desk,Cancelled,Paid,Agra,Family Room,4,Blue,103607.3
BKG302466,CUST100550,HTL200243,2026-03-29,2026-05-04,2026-05-10,50060.23,5106.14,7509.03,47657.34,Mobile App,Cancelled,Refunded,Udaipur,Family Room,3,Gold,47657.34
BKG302467,CUST100529,HTL200182,2026-01-25,2026-02-22,2026-02-28,43797.8,4730.16,4379.78,44148.18,Mobile App,Completed,Paid,MuMbAi,Family Room,1,Blue,0.0
BKG302468,CUST101128,HTL200543,2026-01-19,2026-02-15,2026-02-17,4872.6,497.01,730.89,4638.72,Mobile App,No Show,Paid,Udaipur,Executive,3,Gold,1391.62
BKG302469,CUST100386,HTL200778,2026-05-15,2026-06-23,2026-06-28,61393.54,7367.22,0.0,68760.76,Mobile App,  Confirmed  ,Paid,Manali,Executive,4,Blue,0.0
BKG302470,CUST100335,HTL200947,2026-03-07,2026-03-20,2026-03-23,40991.2,4918.94,0.0,45910.14,Partner Desk,CANCELLED,Refunded,  Pune  ,Standard,2,Gold,0.0
BKG302471,CUST100735,HTL200547,2026-03-21,2026-05-03,2026-05-05,25430.04,2746.45,2543.0,25633.49,Partner Desk,Completed,PaId,Shimla,Family Room,3,Silver,0.0
BKG302472,CUST101140,HTL200092,2026-05-05,2026-06-14,2026-06-20,49208.86,5019.3,7381.33,46846.83,Website,Confirmed,Paid,Varanasi,Deluxe,2,Blue,0.0
BKG302473,CUST101024,HTL200367,2026-05-26,2026-06-22,2026-06-24,20366.81,2077.41,3055.02,19389.2,Mobile App,Confirmed,Paid,Pune,Family Room,3,Blue,0.0
BKG302474,CUST100895,HTL200158,2026-04-13,2026-05-14,2026-05-15,8496.17,866.61,1274.43,8088.35,Website,Confirmed,Paid,Ahmedabad,Suite,4,Blue,0.0
BKG302475,CUST100537,HTL200397,2026-05-09,2026-05-11,2026-05-12,12937.12,1552.45,0.0,14489.57,Mobile App,No Show,Refund Pending,Varanasi,Suite,3,Blue,0.0
BKG302476,CUST100495,HTL200958,2026-05-11,2026-05-29,2026-05-31,12118.76,1236.11,1817.81,11537.06,Call Center,Completed,Paid,Hyderabad,Deluxe,4,Gold,0.0
BKG302477,CUST101035,HTL200179,2026-05-07,2026-06-02,2026-06-07,32721.19,3337.56,4908.18,31150.57,Mobile App,Confirmed,Paid,  Mumbai  ,Executive,1,Platinum,0.0
BKG302478,CUST100507,HTL200437,2026-01-21,2026-03-04,2026-03-07,38206.95,4584.83,0.0,42791.78,Mobile App,Completed,Paid,Goa,Family Room,5,Platinum,0.0
BKG302479,CUST100680,HTL200372,2026-05-06,2026-06-06,2026-06-07,3361.06,383.16,168.05,4743.22,Website,Confirmed,Paid,Chennai,Suite,4,Blue,0.0
BKG302480,CUST100564,HTL200305,2026-05-04,2026-06-11,2026-06-17,61814.51,6675.97,6181.45,62309.03,Website,Confirmed,Paid,Shimla,Deluxe,3,Blue,0.0
BKG302481,CUST100780,HTL200984,2026-01-11,2026-02-02,2026-02-09,112491.21,13498.94,0.0,125990.15,Website,No Show,Paid,Hyderabad,Standard,1,Silver,62995.08
BKG302482,CUST100759,HTL200378,2026-01-22,2026-02-27,2026-02-28,4313.97,491.79,215.7,4590.06,Mobile App,Completed,Paid,Kolkata,Suite,4,Platinum,0.0
BKG302483,CUST100127,HTL200949,2026-04-21,2026-05-10,2026-05-16,65124.47,6642.7,9768.67,61998.5,Website,Completed,Paid,Udaipur,Suite,3,Blue,0.0
BKG302484,CUST101099,HTL200217,2026-05-05,2026-05-19,2026-05-26,97350.09,9929.71,14602.51,92677.29,Website,Check-in Denied,Paid,Pune,Family Room,4,Blue,0.0
BKG302485,CUST100145,HTL200981,2026-02-26,2026-03-12,2026-03-15,17503.05,1680.29,3500.61,15682.73,Website,Completed,Paid,delhi,Executive,4,Gold,0.0
BKG302486,CUST100498,HTL200328,2026-03-30,2026-04-28,2026-05-05,69607.02,7935.2,3480.35,74061.87,Mobile App,Confirmed,Paid,Kochi,Suite,2,Silver,0.0
BKG302487,CUST100965,HTL200864,2026-05-11,2026-05-28,2026-05-29,18301.26,2086.34,915.06,19472.54,Website,Confirmed,Paid,Kolkata,Suite,3,Gold,0.0
BKG302488,CUST100559,HTL200342,2026-05-08,2026-06-14,2026-06-21,44416.71,4797.01,4441.67,44772.05,Mobile App,Completed,Paid,Ahmedabad,Family Room,5,Blue,0.0
BKG302489,CUST100923,HTL200738,2026-02-14,2026-02-23,2026-02-28,26622.41,3034.96,1331.12,28326.25,Mobile App,Completed,partially paid,Shimla,Executive,4,Gold,0.0
BKG302490,CUST100402,HTL200723,2026-02-05,2026-02-06,2026-02-12,70012.14,8401.46,0.0,78413.6,Mobile App,Confirmed,Partially Paid,Jaipur,Standard,1,Blue,0.0
BKG302491,CUST100975,HTL200864,2026-03-28,2026-04-01,2026-04-02,17679.23,1909.36,1767.92,17820.67,Website,Completed,Paid,Kolkata,Standard,3,Silver,0.0
BKG302492,CUST100341,HTL200162,2026-04-28,2026-05-05,2026-05-06,18249.53,2080.45,912.48,19417.5,Mobile App,Cancelled,Paid,Kochi,Standard,5,Blue,19417.5
BKG302493,CUST101071,HTL200877,2026-03-13,2026-03-24,2026-03-26,10794.2,1295.3,0.0,12089.5,Mobile App,Completed,Paid,Goa,Standard,3,Silver,0.0
BKG302494,CUST100540,HTL200157,2026-03-09,2026-03-23,2026-03-28,17101.67,2052.2,0.0,19153.87,Website,No Show,Refund Pending,Goa,Executive,5,Silver,0.0
BKG302495,CUST101199,HTL200109,2026-04-13,2026-05-25,2026-05-30,67252.79,6456.27,13450.56,60258.5,Mobile App,Confirmed,Partially Paid,Manali,Standard,5,Blue,0.0
BKG302496,CUST100510,HTL200566,2026-01-29,2026-02-17,2026-02-19,13284.94,1594.19,0.0,14879.13,Mobile App,Confirmed,Paid,  Jaipur  ,Family Room,4,Platinum,0.0
BKG302497,CUST100018,HTL200349,2026-04-15,2026-05-25,2026-06-01,62837.79,7163.51,3141.89,66859.41,WeBsItE,Cancelled,Refunded,Udaipur,Family Room,2,Blue,66859.41
BKG302498,CUST100494,HTL200725,2026-03-14,2026-03-17,2026-03-23,64373.77,6179.88,12874.75,57678.9,Mobile App,Confirmed,Partially Paid,Varanasi,Family Room,3,Silver,0.0
BKG302499,CUST100354,HTL200364,2026-04-29,2026-05-07,2026-05-11,56675.63,6461.02,2833.78,60302.87,Mobile App,Confirmed,Paid,Manali,Standard,1,Gold,0.0
BKG302500,CUST100558,HTL200896,2026-03-26,2026-04-24,2026-04-27,19490.03,2338.8,0.0,21828.83,Mobile App,CoNfIrMeD,paid,Kolkata,Family Room,1,Gold,0.0
BKG302501,CUST100344,HTL200014,2026-03-30,2026-05-06,2026-05-11,18114.03,1956.32,1811.4,18258.95,Mobile App,Cancelled,  Refunded  ,Goa,Family Room,2,Silver,8216.53
BKG302502,CUST101083,HTL200152,2026-03-30,2026-05-12,2026-05-16,9657.94,1158.95,0.0,10816.89,Mobile App,Confirmed,Paid,Ahmedabad,Deluxe,1,Gold,0.0
BKG302503,CUST100687,HTL200531,2026-03-17,2026-03-26,2026-04-01,107996.85,12959.62,0.0,120956.47,Partner Desk,Confirmed,Paid,Hyderabad,Standard,3,Blue,0.0
BKG302504,CUST100228,HTL200966,2026-05-19,2026-06-07,2026-06-10,3912.5,399.07,586.88,3724.69,Website,Confirmed,Paid,Goa,Family Room,1,Silver,0.0
BKG302505,CUST100146,HTL200399,2026-04-26,2026-05-08,2026-05-13,16867.23,1922.86,843.36,17946.73,Mobile App,Cancelled,refunded,Jaipur,Executive,3,Platinum,17946.73
BKG302506,CUST100331,HTL200051,2026-05-19,2026-06-15,2026-06-16,8389.68,906.08,838.97,8456.79,Mobile App,Completed,Paid,Manali,Family Room,5,Platinum,0.0
BKG302507,CUST100432,HTL200854,2026-02-22,2026-03-31,2026-04-05,76214.77,8688.48,3810.74,81092.51,  Mobile App  ,  Confirmed  ,Paid,Goa,Deluxe,4,Silver,0.0
BKG302508,CUST100398,HTL200468,2026-05-22,2026-06-16,2026-06-19,30880.42,3705.65,0.0,34586.07,Mobile App,Cancelled,Refund Pending,Kochi,Executive,2,Blue,34586.07
BKG302509,CUST100835,HTL200320,2026-03-05,2026-04-12,2026-04-19,41693.06,4753.01,2084.65,44361.42,Partner Desk,Cancelled,Refunded,Goa,Executive,2,Blue,44361.42
BKG302510,CUST100586,HTL200878,2026-05-18,2026-06-04,2026-06-08,49227.29,5907.28,0.0,55134.57,Mobile App,Completed,Paid,Chennai,Suite,1,Platinum,0.0
BKG302511,CUST100598,HTL200595,2026-01-31,2026-03-16,2026-03-23,85728.14,9773.01,4286.41,91214.74,Website,Confirmed,Paid,shimla,Deluxe,3,Gold,0.0
BKG302512,CUST100756,HTL200366,2026-02-05,2026-03-10,2026-03-11,15760.41,1796.69,788.02,16769.08,Website,Completed,Paid,Agra,Deluxe,4,Blue,0.0
BKG302513,CUST100345,HTL200978,2026-01-10,2026-02-18,2026-02-21,38047.49,4565.7,0.0,42613.19,WEBSITE,Check-in Denied,Paid,Ahmedabad,Family Room,1,Platinum,21306.6
BKG302514,CUST101036,HTL200837,2026-01-26,2026-02-09,2026-02-15,85799.58,9266.35,8579.96,86485.97,Mobile App,Confirmed,Paid,Kochi,Deluxe,4,Blue,0.0
BKG302515,CUST100737,HTL200485,2026-01-20,2026-02-17,2026-02-24,22200.11,2664.01,0.0,24864.12,Mobile App,Confirmed,Partially Paid,Hyderabad,Executive,3,Blue,0.0
BKG302516,CUST100379,HTL200735,2026-05-05,2026-05-23,2026-05-26,29225.49,3331.71,1461.27,31095.93,Mobile App,Confirmed,Paid,Goa,Executive,1,Silver,0.0
BKG302517,CUST100420,HTL200640,2026-02-13,2026-03-18,2026-03-23,60107.74,6491.64,6010.77,60588.61,Website,Completed,Paid,Varanasi,Family Room,1,Blue,0.0
BKG302518,CUST101010,HTL200861,2026-03-03,2026-04-14,2026-04-20,119963.86,13675.88,5998.19,127641.55,Mobile App,Completed,Paid,mumbai,Executive,4,Platinum,0.0
BKG302519,CUST100417,HTL200893,2026-03-20,2026-04-04,2026-04-06,26437.24,2696.6,3965.59,25168.25,Mobile App,Confirmed,Paid,Kochi,Family Room,1,Blue,0.0
BKG302520,CUST100355,HTL200015,2026-01-09,2026-01-20,2026-01-22,2291.31,247.46,229.13,2309.64,Website,Confirmed,Paid,Goa,Suite,4,Blue,0.0
BKG302521,CUST100015,HTL200410,2026-03-12,2026-04-17,2026-04-24,21599.69,2073.57,4319.94,19353.32,Mobile App,Check-in Denied,Paid,Goa,Deluxe,3,Silver,0.0
BKG302522,CUST100314,HTL200273,2026-03-31,2026-04-15,2026-04-16,13810.25,1574.37,690.51,16383.62,Mobile App,Cancelled,Refund Pending,Hyderabad,Deluxe,4,Gold,0.0
BKG302523,CUST100532,HTL200588,2026-01-24,2026-02-23,2026-02-26,54399.04,5222.31,10879.81,48741.54,Mobile App,  Check-in Denied  ,Refunded,Chennai,Deluxe,3,Blue,14622.46
BKG302524,CUST101039,HTL200811,2026-05-20,2026-06-04,2026-06-08,65165.7,7037.9,6516.57,65687.03,Mobile App,Cancelled,Refunded,Pune,Suite,3,Silver,0.0
BKG302525,CUST100544,HTL200305,2026-03-01,2026-03-24,2026-03-25,10498.27,1133.81,1049.83,10582.25,Call Center,Completed,Paid,Shimla,Deluxe,5,Blue,0.0
BKG302526,CUST100693,HTL200091,2026-03-25,2026-05-07,2026-05-13,60243.25,6144.81,9036.49,57351.57,Mobile App,CoNfIrMeD,Partially Paid,Bengaluru,Suite,4,Blue,0.0
BKG302527,CUST100068,HTL200457,2026-04-30,2026-05-15,2026-05-22,25400.18,2743.22,2540.02,25603.38,Mobile App,Completed,Paid,Mumbai,Suite,2,Blue,0.0
BKG302528,CUST100410,HTL200269,2026-03-19,2026-04-17,2026-04-18,1825.52,186.2,273.83,1737.89,Call Center,Confirmed,Paid,Manali,Family Room,5,Silver,0.0
BKG302529,CUST101075,,2026-01-16,2026-01-27,2026-02-03,52332.49,5651.91,5233.25,52751.15,Mobile App,Completed,Paid,Manali,Standard,5,Blue,0.0
BKG302530,CUST101088,HTL200860,2026-01-29,2026-02-16,2026-02-21,76940.38,8309.56,7694.04,77555.9,Mobile App,Completed,Paid,Bengaluru,Standard,4,Blue,0.0
BKG302531,CUST100811,HTL200120,2026-04-29,2026-06-08,2026-06-14,54361.87,6197.25,2718.09,57841.03,Mobile App,Check-in Denied,Refund Pending,Mumbai,Family Room,5,Silver,57841.03
BKG302532,CUST100918,HTL200970,2026-02-04,2026-03-07,2026-03-11,54554.98,6546.6,0.0,61101.58,Call Center,Confirmed,Paid,Kolkata,Family Room,5,Silver,0.0
BKG302533,CUST100846,HTL200049,2026-02-12,2026-02-21,2026-02-24,46114.32,4980.35,4611.43,46483.24,Website,CoNfIrMeD,Paid,Varanasi,Family Room,1,Silver,0.0
BKG302534,CUST100739,HTL200890,2026-04-06,2026-04-28,2026-05-04,77337.61,7424.41,15467.52,69294.5,Mobile App,Completed,Paid,Varanasi,Deluxe,3,Blue,0.0
BKG302535,CUST100438,HTL200474,2026-04-29,2026-05-10,2026-05-13,42283.0,4312.87,6342.45,40253.42,Mobile App,No Show,Refund Pending,Mumbai,Executive,2,Gold,40253.42
BKG302536,CUST100529,HTL200491,2026-02-22,2026-03-11,2026-03-14,9746.41,1052.61,974.64,9824.38,Partner Desk,No Show,REFUNDED,Udaipur,Family Room,4,Silver,0.0
BKG302537,CUST100729,HTL200784,2026-01-20,2026-02-22,2026-02-23,13641.65,1473.3,1364.17,13750.78,Mobile App,Completed,Paid,AgRa,Suite,1,Blue,0.0
BKG302538,CUST100272,HTL200379,2026-04-25,2026-05-06,2026-05-11,61260.61,6983.71,3063.03,65181.29,Mobile App,Confirmed,Paid,Agra,Standard,2,Blue,0.0
BKG302539,CUST100458,HTL200631,2026-01-08,2026-02-16,2026-02-17,6790.25,814.83,0.0,7605.08,Website,COMPLETED,Paid,Goa,Deluxe,2,Gold,0.0
BKG302540,CUST100819,HTL200386,2026-05-02,2026-05-10,2026-05-12,25971.1,3116.53,0.0,29087.63,  Website  ,No Show,Refund Pending,Udaipur,Executive,1,Gold,29087.63
BKG302541,CUST101196,HTL200957,2026-02-11,2026-02-15,2026-02-17,35626.25,4275.15,0.0,39901.4,  Call Center  ,Completed,Paid,Delhi,Standard,4,Silver,0.0
BKG302542,CUST100567,HTL200606,2026-03-18,2026-04-23,2026-04-26,18694.66,2019.02,1869.47,18844.21,Website,Cancelled,Refund Pending,Shimla,Standard,3,Gold,0.0
BKG302543,CUST100860,HTL200660,2026-03-11,2026-03-30,2026-04-04,13425.03,1369.35,2013.75,12780.63,Call Center,Confirmed,Paid,Goa,Standard,1,Silver,0.0
BKG302544,CUST100496,HTL200288,2026-04-21,2026-05-15,2026-05-21,43541.19,5224.94,0.0,48766.13,Website,Confirmed,Paid,Kolkata,Suite,5,Blue,0.0
BKG302545,CUST100794,HTL200768,2026-01-16,2026-02-26,2026-03-01,19339.61,2320.75,0.0,21660.36,Mobile App,Completed,Paid,Shimla,Suite,2,Blue,0.0
BKG302546,CUST100804,HTL200453,2026-03-10,2026-03-28,2026-04-03,79852.44,9103.18,3992.62,84963.0,Mobile App,Cancelled,Refunded,Kochi,Suite,5,Silver,38233.35
BKG302547,,HTL200370,2026-02-22,2026-03-27,2026-03-30,27586.37,3144.85,1379.32,29351.9,Website,Pending,Paid,Goa,Executive,4,Blue,0.0
BKG302548,CUST100933,HTL200183,2026-01-06,2026-02-11,2026-02-12,3485.09,397.3,174.25,3708.14,Mobile App,Cancelled,Refunded,Kochi,Standard,3,Gold,1668.66
BKG302549,CUST100991,HTL200771,2026-05-03,2026-05-13,2026-05-16,24293.86,2915.26,0.0,27209.12,Website,Completed,Paid,Kochi,Family Room,3,Gold,0.0
BKG302550,CUST100839,HTL200661,2026-02-02,2026-02-16,2026-02-19,49708.03,5666.72,2485.4,52889.35,Website,Completed,Payment Failed,Varanasi,Executive,3,Platinum,0.0
BKG302551,CUST101195,HTL200204,2026-01-15,2026-01-22,2026-01-27,49453.59,5044.27,7418.04,47079.82,Mobile App,Cancelled,Refund Pending,Jaipur,Suite,5,Blue,0.0
BKG302552,CUST100634,HTL200953,2026-01-14,2026-01-26,2026-01-31,16154.69,1841.64,807.73,17188.6,Mobile App,Confirmed,Paid,Udaipur,Suite,4,Gold,0.0
BKG302553,CUST100602,HTL200171,2026-03-04,2026-03-26,2026-04-02,86279.75,8800.53,12941.96,82138.32,Mobile App,Check-in Denied,paid,Agra,Suite,5,Gold,24641.5
BKG302554,CUST100735,HTL200824,2026-01-05,2026-02-01,2026-02-07,95914.04,10358.72,9591.4,96681.36,Mobile App,CoMpLeTeD,Paid,Delhi,Deluxe,2,Gold,0.0
BKG302554,CUST100990,HTL200221,2026-05-01,2026-06-07,2026-06-12,67620.74,7708.76,3381.04,71948.46,Website,Check-in Denied,Paid,Kochi,Standard,3,Silver,71948.46
BKG302556,CUST100366,HTL200167,2026-03-31,2026-04-11,2026-04-14,34648.7,3534.17,5197.31,32985.56,mobile app,Cancelled,Paid,ahmedabad,Family Room,4,Blue,0.0
BKG302557,CUST100255,HTL200243,2026-04-17,2026-05-23,2026-05-28,41816.62,4516.19,4181.66,42151.15,Call Center,Confirmed,  Paid  ,Udaipur,Standard,5,Blue,0.0
BKG302558,CUST100439,HTL200217,2026-01-16,2026-01-29,2026-02-03,83485.88,10018.31,0.0,93504.19,Mobile App,Confirmed,Paid,Pune,Executive,5,Blue,0.0
BKG302559,CUST100434,HTL200055,2026-04-09,2026-05-11,2026-05-15,30579.58,3669.55,0.0,34249.13,Website,Confirmed,Paid,Udaipur,Deluxe,5,Silver,0.0
BKG302560,CUST100689,HTL200574,2026-02-22,2026-03-02,2026-03-06,19836.77,2142.37,1983.68,19995.46,Mobile App,Confirmed,Paid,Pune,Executive,5,Gold,0.0
BKG302561,CUST100307,HTL200614,2026-03-18,2026-03-25,2026-03-27,7535.93,859.1,376.8,8018.23,Mobile App,Completed,Paid,Shimla,Suite,5,Silver,0.0
BKG302562,CUST101118,HTL200884,2026-04-03,2026-05-16,2026-05-17,8028.79,915.28,401.44,8542.63,Mobile App,Completed,paid,Chennai,Suite,2,Silver,0.0
BKG302563,CUST100408,HTL200166,2026-04-08,2026-05-21,2026-05-28,95683.96,11482.08,0.0,107166.04,Mobile App,  Completed  ,Payment Failed,Mumbai,Family Room,3,Silver,0.0
BKG302564,CUST100825,HTL200518,2026-04-08,2026-04-25,2026-05-02,119273.05,14312.77,0.0,133585.82,Website,Confirmed,Paid,Varanasi,Standard,5,Gold,0.0
BKG302565,CUST101191,HTL200141,2026-05-23,2026-06-14,2026-06-15,5591.43,570.33,838.71,5323.05,Call Center,Pending,Paid,Goa,Executive,2,Silver,0.0
BKG302566,CUST100086,HTL200124,2026-02-28,2026-04-03,2026-04-08,24258.22,2474.34,3638.73,23093.83,Mobile App,Completed,Paid,Manali,Suite,4,Silver,0.0
BKG302567,CUST100002,HTL200089,2026-05-17,2026-06-06,2026-06-08,29453.69,3181.0,2945.37,29689.32,Mobile App,Cancelled,Refund Pending,Chennai,Family Room,4,Platinum,0.0
BKG302568,CUST100371,HTL200913,2026-01-26,2026-02-03,2026-02-05,27191.43,3099.82,1359.57,28931.68,Website,Confirmed,Paid,Chennai,Family Room,2,Gold,0.0
BKG302569,CUST100641,HTL200310,2026-01-03,2026-01-25,2026-01-31,73882.68,7092.74,14776.54,66198.88,Website,Cancelled,Refund Pending,ShImLa,Executive,2,Silver,0.0
BKG302570,CUST101046,HTL200370,2026-04-10,2026-05-07,2026-05-14,61645.54,6657.72,6164.55,62138.71,Mobile App,Confirmed,Paid,Goa,Standard,2,Gold,0.0
BKG302571,CUST100097,HTL200951,2026-02-16,2026-03-22,2026-03-26,62923.43,6418.19,9438.51,59903.11,MoBiLe aPp,Completed,Payment Failed,Kochi,Deluxe,4,Platinum,0.0
BKG302572,CUST100669,HTL200215,2026-01-05,2026-01-26,2026-01-28,24387.27,2926.47,0.0,27313.74,MOBILE APP,Completed,Paid,Kochi,Family Room,5,Silver,0.0
BKG302573,CUST100320,HTL200440,2026-03-03,2026-03-18,2026-03-21,29049.4,3311.63,1452.47,30908.56,Mobile App,No Show,Paid,Chennai,Executive,3,Silver,9272.57
BKG302574,CUST100533,HTL200634,2026-03-25,2026-03-30,2026-04-05,13872.87,1415.03,2080.93,13206.97,Mobile App,Confirmed,Paid,Agra,Suite,5,Gold,0.0
BKG302575,CUST100819,HTL200883,2026-05-13,2026-06-20,2026-06-27,83174.88,9481.94,4158.74,88498.08,Mobile App,Confirmed,Paid,Hyderabad,Deluxe,1,Silver,0.0
BKG302576,CUST100366,HTL200185,2026-05-18,2026-06-04,2026-06-09,60811.77,6567.67,6081.18,61298.26,Mobile App,No Show,Paid,Hyderabad,Deluxe,2,Platinum,18389.48
BKG302577,CUST100416,HTL200882,2026-03-21,2026-03-29,2026-04-01,23477.95,2535.62,2347.8,23665.77,Mobile App,Confirmed,Paid,Shimla,Standard,5,Blue,0.0
BKG302578,CUST100728,HTL200152,2026-03-04,2026-03-23,2026-03-24,2436.49,292.38,0.0,2728.87,Mobile App,Confirmed,Paid,Ahmedabad,Executive,3,Blue,0.0
BKG302579,CUST100847,HTL200760,2026-01-25,2026-01-30,2026-02-06,51609.55,5264.17,7741.43,49132.29,Mobile App,Completed,Paid,Pune,Standard,5,Silver,0.0
BKG302580,CUST100669,HTL200625,2026-02-13,2026-03-08,2026-03-12,12931.37,1551.76,0.0,14483.13,Mobile App,Confirmed,Paid,Hyderabad,Family Room,1,Blue,0.0
BKG302581,CUST100132,HTL200095,2026-01-14,2026-02-02,2026-02-05,51754.94,5589.53,5175.49,52168.98,Mobile App,Confirmed,Paid,Pune,Family Room,1,Blue,0.0
BKG302582,CUST100052,HTL200709,2026-03-27,2026-04-10,2026-04-15,46827.21,4495.41,9365.44,41957.18,Mobile App,Completed,Payment Failed,Bengaluru,Executive,5,Platinum,0.0
BKG302583,CUST100740,HTL200335,2026-01-19,2026-01-29,2026-02-01,7852.02,753.79,1570.4,7035.41,Mobile App,Confirmed,payment failed,Pune,Suite,3,Blue,0.0
BKG302584,CUST100694,HTL200514,2026-04-12,2026-05-13,2026-05-16,11572.09,1180.35,1735.81,11016.63,  Website  ,Completed,paid,Varanasi,Family Room,5,Blue,0.0
BKG302585,CUST100022,HTL200148,2026-01-20,2026-02-02,2026-02-04,21864.49,2361.36,2186.45,22039.4,Mobile App,Completed,Paid,Kolkata,Family Room,2,Silver,0.0
BKG302586,CUST101129,HTL200927,2026-03-20,2026-04-11,2026-04-15,6332.02,683.86,633.2,6382.68,Website,Cancelled,Paid,Ahmedabad,Suite,3,Gold,4467.88
BKG302587,CUST100459,HTL200897,2026-05-19,2026-06-25,2026-06-26,11704.64,1264.1,1170.46,11798.28,Mobile App,No Show,Refund Pending,Delhi,Deluxe,4,Blue,3539.48
BKG302588,CUST100649,HTL200622,2026-04-08,2026-05-17,2026-05-22,56254.29,6750.51,0.0,63004.8,Mobile App,CONFIRMED,Paid,Udaipur,Executive,3,Blue,0.0
BKG302589,CUST100481,HTL200531,2026-05-01,2026-05-11,2026-05-17,94930.55,11391.67,0.0,106322.22,Website,cancelled,Paid,Hyderabad,Deluxe,5,Blue,106322.22
BKG302590,CUST100119,HTL200714,2026-01-17,2026-02-17,2026-02-23,62758.04,6777.87,6275.8,63260.11,Mobile App,CHECK-IN DENIED,Paid,Pune,Standard,5,Blue,31630.06
BKG302591,CUST100672,HTL200882,2026-02-19,2026-04-03,2026-04-08,41139.02,4936.68,0.0,46075.7,Mobile App,Cancelled,Paid,Shimla,Suite,4,Platinum,46075.7
BKG302592,CUST100207,HTL200401,2026-01-10,2026-02-14,2026-02-15,9705.14,989.92,1455.77,9239.29,Mobile App,Pending,Payment Failed,Bengaluru,Executive,1,Gold,0.0
BKG302593,CUST100317,HTL200693,2026-05-29,2026-06-11,2026-06-16,22993.7,2621.28,1149.69,24465.29,Mobile App,Confirmed,Paid,Shimla,Suite,5,Silver,0.0
BKG302594,CUST100337,HTL200330,2026-02-27,2026-03-29,2026-03-31,22886.06,2746.33,0.0,25632.39,Mobile App,Cancelled,Refund Pending,Kolkata,Suite,1,Gold,17942.67
BKG302595,CUST100154,HTL200226,2026-04-05,2026-05-09,2026-05-15,46258.65,5273.49,2312.93,49219.21,Website,Completed,Paid,Bengaluru,Deluxe,1,Silver,0.0
BKG302596,CUST100867,HTL200803,2026-04-17,2026-05-23,2026-05-30,56526.87,5765.74,8479.03,53813.58,Mobile App,Confirmed,Paid,Ahmedabad,Deluxe,2,Blue,0.0
BKG302597,CUST101178,HTL200357,2026-05-19,2026-06-23,2026-06-29,98736.12,9478.67,19747.22,88467.57,Call Center,Cancelled,Refunded,Chennai,Standard,1,Blue,61927.3
BKG302598,CUST100393,HTL200587,2026-02-02,2026-02-06,2026-02-13,82823.83,9938.86,0.0,92762.69,Mobile App,Completed,Paid,  Goa  ,Executive,3,Silver,0.0
BKG302599,CUST100504,HTL200828,2026-02-15,2026-02-19,2026-02-22,30142.94,3074.58,4521.44,28696.08,MOBILE APP,Confirmed,Paid,Shimla,Suite,1,Silver,0.0
BKG302600,CUST100970,HTL200315,2026-05-09,2026-05-15,2026-05-17,7032.68,759.53,703.27,7088.94,Partner Desk,Confirmed,Paid,Manali,Standard,2,Platinum,0.0
BKG302601,CUST100312,HTL200734,2026-05-29,2026-06-26,2026-07-02,11331.15,1223.76,1133.12,11421.79,MOBILE APP,Cancelled,ReFuNdEd,Kolkata,Suite,5,Silver,7995.25
BKG302602,CUST101180,HTL200884,2026-03-03,2026-04-02,2026-04-04,14488.01,1477.78,2173.2,13792.59,Call Center,Cancelled,Paid,Chennai,Standard,5,Gold,6206.67
BKG302603,CUST100013,HTL200035,2026-03-28,2026-04-24,2026-04-26,29790.27,3574.83,0.0,33365.1,Mobile App,Completed,Paid,Varanasi,Suite,4,Platinum,0.0
BKG302604,CUST100076,HTL200508,2026-03-14,2026-03-19,2026-03-20,4688.24,506.33,468.82,4725.75,Mobile App,Completed,Payment Failed,  Delhi  ,Deluxe,1,Gold,0.0
BKG302605,CUST100408,HTL200477,2026-01-01,2026-02-14,2026-02-20,57465.53,6551.07,2873.28,61143.32,Mobile App,Confirmed,Paid,Mumbai,Family Room,3,Blue,0.0
BKG302606,CUST100393,HTL200427,2026-01-21,2026-03-01,2026-03-08,49233.45,5908.01,0.0,55141.46,Mobile App,Completed,Paid,Varanasi,Standard,4,Gold,0.0
BKG302607,CUST100219,HTL200835,2026-01-22,2026-02-26,2026-03-02,21253.76,2550.45,0.0,23804.21,Mobile App,No Show,Paid,Delhi,Standard,4,Silver,11902.1
BKG302608,CUST100743,HTL200449,2026-01-04,2026-02-12,2026-02-19,43048.06,5165.77,0.0,48213.83,Mobile App,Cancelled,Paid,Pune,Family Room,2,Blue,48213.83
BKG302609,CUST100432,HTL200811,2026-03-06,2026-04-19,2026-04-20,16872.1,1822.19,1687.21,17007.08,Mobile App,Completed,Paid,Pune,Deluxe,5,Blue,0.0
BKG302610,CUST100805,HTL200844,2026-03-04,2026-03-19,2026-03-20,2186.25,262.35,0.0,2448.6,Mobile App,Pending,Paid,Hyderabad,Standard,1,Blue,0.0
BKG302611,CUST101163,HTL200089,2026-05-23,2026-06-11,2026-06-13,34230.06,3696.85,3423.01,34503.9,  Mobile App  ,No Show,Paid,ChEnNaI,Deluxe,1,Blue,10351.17
BKG302612,CUST100987,,2026-02-05,2026-03-07,2026-03-11,60811.06,6567.59,6081.11,61297.54,Partner Desk,Confirmed,Paid,Bengaluru,Suite,5,Silver,0.0
BKG302613,CUST100653,HTL200175,2026-01-29,2026-03-08,2026-03-09,7031.1,717.17,1054.67,6693.6,MoBiLe aPp,Completed,Paid,  Bengaluru  ,Suite,2,Gold,0.0
BKG302614,CUST100816,HTL200419,2026-03-10,2026-04-11,2026-04-15,19197.92,2073.38,1919.79,19351.51,WEBSITE,Confirmed,Paid,Udaipur,Family Room,2,Blue,0.0
BKG302615,CUST100754,HTL200731,2026-04-21,2026-05-31,2026-06-06,31001.16,2976.11,6200.23,27777.04,Mobile App,  Completed  ,Paid,Jaipur,Executive,2,Silver,0.0
BKG302616,CUST100675,HTL200647,2026-05-24,2026-06-22,2026-06-24,7285.46,874.26,0.0,8159.72,mobile app,Cancelled,Refunded,Kochi,Deluxe,3,Silver,0.0
BKG302617,CUST100831,HTL200900,2026-04-10,2026-04-16,2026-04-17,4962.94,536.0,496.29,5002.65,Mobile App,CONFIRMED,Paid,Pune,Executive,1,Blue,0.0
BKG302618,CUST101119,HTL200863,2026-02-10,2026-03-08,2026-03-12,50257.27,6030.87,0.0,56288.14,Website,No Show,Paid,Goa,Executive,2,Gold,0.0
BKG302619,CUST100027,HTL200989,2026-05-28,2026-06-24,2026-06-29,9981.94,1078.05,998.19,10061.8,Partner Desk,Completed,Paid,Kochi,Deluxe,2,Silver,0.0
BKG302620,CUST100987,HTL200973,2026-02-17,2026-03-24,2026-03-31,22161.35,2526.39,1108.07,23579.67,Mobile App,Cancelled,Refunded,Shimla,Executive,5,Gold,23579.67
BKG302621,CUST100415,HTL200686,2026-05-10,2026-06-07,2026-06-08,9662.45,1043.54,966.25,9739.74,Mobile App,Confirmed,Paid,Delhi,Standard,4,Gold,0.0
BKG302622,CUST100024,HTL200637,2026-05-24,2026-05-29,2026-05-30,12133.07,1383.17,606.65,12909.59,Mobile App,Confirmed,Paid,Ahmedabad,Suite,4,Blue,0.0
BKG302623,CUST100672,HTL200170,2026-04-21,2026-06-01,2026-06-02,5029.84,603.58,0.0,5633.42,Website,Completed,Paid,Delhi,Family Room,4,Blue,0.0
BKG302624,CUST100541,HTL200393,2026-03-03,2026-03-19,2026-03-23,40728.38,4398.66,4072.84,41054.2,Mobile App,Cancelled,Refunded,Mumbai,Deluxe,1,Silver,0.0
BKG302625,CUST100164,HTL200265,2026-04-17,2026-05-28,2026-05-31,46781.53,4771.72,7017.23,44536.02,Website,No Show,Refund Pending,Manali,Family Room,3,Blue,44536.02
BKG302626,CUST100207,HTL200503,2026-04-16,2026-05-04,2026-05-10,82533.47,9904.02,0.0,92437.49,Mobile App,cancelled,Refunded,Kolkata,Suite,1,Blue,64706.24
BKG302627,CUST100948,HTL200133,2026-05-12,2026-05-25,2026-06-01,87826.82,8431.38,17565.36,78692.84,Website,Confirmed,Payment Failed,Kolkata,Family Room,5,Gold,0.0
BKG302628,CUST100984,HTL200783,2026-04-23,2026-06-05,2026-06-06,1598.72,191.85,0.0,1790.57,Mobile App,Confirmed,Paid,Kolkata,Deluxe,2,Blue,0.0
BKG302629,CUST100613,HTL200955,2026-03-09,2026-04-03,2026-04-08,80120.21,8652.98,8012.02,80761.17,Website,No Show,Refund Pending,Manali,Family Room,1,Silver,80761.17
BKG302630,CUST100372,HTL200025,2026-03-30,2026-04-09,2026-04-14,58861.65,5650.72,11772.33,52740.04,Mobile App,Confirmed,Paid,Kochi,Executive,4,Blue,0.0
BKG302631,CUST100617,HTL200276,2026-03-19,2026-04-17,2026-04-19,11309.27,1357.11,0.0,12666.38,Mobile App,Cancelled,Refunded,Bengaluru,Executive,3,Blue,0.0
BKG302632,CUST100068,HTL200099,2026-03-16,2026-03-26,2026-03-29,21127.75,2408.56,1056.39,22479.92,Mobile App,Completed,Paid,Varanasi,Suite,5,Platinum,0.0
BKG302633,CUST100100,HTL200441,2026-01-25,2026-01-31,2026-02-03,19214.69,2190.48,960.73,20444.44,Mobile App,Completed,Paid,Ahmedabad,Executive,2,Gold,0.0
BKG302634,CUST100000,HTL200424,2026-01-07,2026-01-23,2026-01-27,32188.1,3669.44,1609.41,34248.13,Mobile App,Completed,Paid,Kochi,Family Room,3,Blue,0.0
BKG302635,CUST100350,HTL200873,2026-04-23,2026-05-18,2026-05-20,6388.72,689.98,638.87,6439.83,Website,Check-in Denied,Paid,UdAiPuR,Standard,1,Gold,0.0
BKG302636,CUST100006,HTL200029,2026-02-05,2026-03-21,2026-03-28,55793.58,6025.71,5579.36,56239.93,WeBsItE,No Show,Refund Pending,Chennai,Family Room,1,Blue,28119.96
BKG302637,CUST100317,HTL200644,2026-01-10,2026-01-14,2026-01-18,23342.26,2240.86,4668.45,20914.67,Website,No Show,Paid,Manali,Standard,3,Blue,10457.33
BKG302638,CUST100622,HTL200905,2026-04-23,2026-05-30,2026-06-01,5811.26,697.35,0.0,6508.61,Mobile App,Completed,Paid,chennai,Family Room,3,Blue,0.0
BKG302639,CUST100508,HTL200495,2026-02-05,2026-03-11,2026-03-17,8842.09,954.95,884.21,8912.83,Partner Desk,Confirmed,Paid,Goa,Standard,2,Blue,0.0
BKG302640,CUST100185,HTL200862,2026-01-18,2026-02-06,2026-02-09,33264.32,3792.13,1663.22,35393.23,Mobile App,Pending,Payment Failed,Jaipur,Standard,4,Silver,0.0
BKG302641,CUST100727,HTL200650,2026-05-14,2026-06-16,2026-06-23,22393.55,2284.14,3359.03,21318.66,Website,  Confirmed  ,Payment Failed,Ahmedabad,Deluxe,3,Blue,0.0
BKG302642,CUST100461,HTL200997,2026-05-15,2026-05-19,2026-05-25,83312.62,9997.51,0.0,93310.13,Mobile App,Completed,PaId,Udaipur,Deluxe,2,Blue,0.0
BKG302643,CUST100342,,2026-04-12,2026-05-26,2026-06-02,103639.98,9949.44,20728.0,92861.42,Website,Confirmed,Paid,jaipur,Family Room,3,Blue,0.0
BKG302644,CUST100634,HTL200902,2026-05-20,2026-06-23,2026-06-27,10421.36,1188.04,521.07,11088.33,Mobile App,Completed,Paid,Pune,Executive,3,Silver,0.0
BKG302645,CUST100712,HTL200186,2026-01-25,2026-02-06,2026-02-08,21782.54,2352.51,2178.25,21956.8,Website,Confirmed,Paid,Delhi,Deluxe,4,Blue,0.0
BKG302646,CUST101031,HTL200139,2026-02-02,2026-03-05,2026-03-08,28809.48,3284.28,1440.47,30653.29,Mobile App,No Show,Paid,Delhi,Standard,2,Silver,30653.29
BKG302647,CUST100575,HTL200319,2026-03-28,2026-04-13,2026-04-16,38452.27,3922.13,5767.84,36606.56,Website,Pending,Paid,Ahmedabad,Family Room,1,Blue,0.0
BKG302648,CUST100135,HTL200890,2026-03-14,2026-03-16,2026-03-23,90047.23,9725.1,9004.72,90767.61,Mobile App,Completed,Paid,Varanasi,Executive,2,Blue,0.0
BKG302649,CUST100382,HTL200748,2026-01-06,2026-01-08,2026-01-15,98806.26,10671.08,9880.63,99596.71,Website,Confirmed,Paid,Ahmedabad,Family Room,2,Gold,0.0
BKG302650,CUST100185,HTL200368,2026-05-17,2026-06-22,2026-06-29,73720.9,7961.86,7372.09,74310.67,Mobile App,Completed,Paid,Agra,Standard,2,Blue,0.0
BKG302651,CUST100638,HTL200296,2026-03-08,2026-03-14,2026-03-15,8446.5,962.9,422.32,8987.08,Website,Completed,Paid,Hyderabad,Deluxe,4,Gold,0.0
BKG302652,CUST100927,HTL200955,2026-05-24,2026-06-16,2026-06-20,75974.93,9116.99,0.0,85091.92,Mobile App,Pending,Paid,Manali,Deluxe,4,Blue,0.0
BKG302653,CUST100963,HTL200199,2026-04-03,2026-05-12,2026-05-13,16785.12,1712.08,2517.77,15979.43,Mobile App,Confirmed,Paid,Shimla,Suite,5,Silver,0.0
BKG302654,CUST100560,HTL200795,2026-04-18,2026-06-01,2026-06-08,66080.04,7533.12,3304.0,70309.16,Website,Confirmed,Paid,Udaipur,Suite,1,Blue,0.0
BKG302655,CUST101189,HTL200378,2026-01-26,2026-03-04,2026-03-11,28495.45,2906.54,4274.32,27127.67,Website,Cancelled,Refund Pending,Kolkata,Family Room,4,Silver,12207.45
BKG302656,CUST100897,HTL200079,2026-02-07,2026-02-23,2026-02-26,36184.73,3907.95,3618.47,36474.21,Website,Cancelled,Refunded,Manali,Family Room,4,Gold,16413.39
BKG302657,CUST100638,HTL200446,2026-05-22,2026-07-04,2026-07-08,34590.81,3943.35,1729.54,36804.62,Partner Desk,Completed,Paid,Goa,Executive,2,Platinum,0.0
BKG302658,CUST100320,HTL200500,2026-04-13,2026-05-27,2026-05-31,75578.2,8162.45,7557.82,76182.83,Mobile App,Confirmed,paid,Kochi,Deluxe,2,Gold,0.0
BKG302659,CUST101180,HTL200258,2026-02-11,2026-03-02,2026-03-08,87572.0,9457.78,8757.2,88272.58,mobile app,Confirmed,Paid,Delhi,Deluxe,3,Blue,0.0
BKG302660,CUST100857,HTL200612,2026-05-27,2026-06-20,2026-06-25,48818.28,5272.37,4881.83,49208.82,Mobile App,Confirmed,Paid,Manali,Suite,3,Silver,0.0
BKG302661,CUST100997,HTL200543,2026-03-07,2026-04-03,2026-04-05,4581.08,467.27,687.16,4361.19,Mobile App,Confirmed,Paid,Udaipur,Standard,3,Silver,0.0
BKG302662,CUST100284,HTL200788,2026-02-11,2026-02-18,2026-02-23,84778.3,10173.4,0.0,94951.7,Mobile App,Cancelled,Refund Pending,Goa,Standard,4,Blue,0.0
BKG302663,CUST101051,HTL200120,2026-02-07,2026-03-09,2026-03-14,50552.23,4853.01,10110.45,45294.79,Website,Confirmed,Payment Failed,Mumbai,Suite,3,Blue,0.0
BKG302664,CUST100350,HTL200054,2026-05-21,2026-07-01,2026-07-08,98238.69,11199.21,4911.93,104525.97,Mobile App,Completed,Paid,Varanasi,Family Room,1,Blue,0.0
BKG302665,CUST100082,HTL200492,2026-04-16,2026-04-30,2026-05-03,48965.15,4994.45,7344.77,46614.83,Mobile App,Cancelled,Refunded,Ahmedabad,Deluxe,3,Gold,32630.38
BKG302666,CUST100665,HTL200017,2026-04-06,2026-05-20,2026-05-26,88168.11,10580.17,0.0,98748.28,Mobile App,Confirmed,Paid,Goa,Deluxe,5,Blue,0.0
BKG302667,CUST100540,HTL200308,2026-03-11,2026-03-26,2026-03-28,3157.8,378.94,0.0,3536.74,Mobile App,No Show,Refunded,KoChI,Deluxe,5,Gold,0.0
BKG302668,CUST100479,HTL200879,2026-02-07,2026-02-19,2026-02-26,54506.91,5886.75,5450.69,54942.97,Mobile App,Cancelled,Paid,Bengaluru,Standard,2,Silver,0.0
BKG302669,CUST100212,HTL200632,2026-04-07,2026-05-06,2026-05-13,115866.42,13208.77,5793.32,123281.87,Mobile App,Confirmed,Paid,Manali,Family Room,4,Silver,0.0
BKG302670,CUST100929,HTL200109,2026-04-18,2026-05-11,2026-05-16,80303.42,7709.13,16060.68,71951.87,Call Center,No Show,Paid,Manali,Standard,5,Silver,71951.87
BKG302671,CUST100359,HTL200330,2026-04-29,2026-05-12,2026-05-17,56812.92,6817.55,0.0,63630.47,Mobile App,Completed,Paid,Kolkata,Family Room,1,Blue,0.0
BKG302672,CUST100213,HTL200572,2026-03-15,2026-03-24,2026-03-28,47424.85,5690.98,0.0,53115.83,Website,Completed,Paid,Goa,Suite,2,Platinum,0.0
BKG302673,CUST100303,HTL200945,2026-02-26,2026-03-22,2026-03-25,43568.56,5228.23,0.0,48796.79,Mobile App,No Show,Paid,Pune,Family Room,5,Blue,24398.4
BKG302674,CUST101178,HTL200263,2026-04-20,2026-05-29,2026-06-03,18188.87,2182.66,0.0,20371.53,Mobile App,No Show,Refund Pending,PUNE,Standard,3,Gold,0.0
BKG302675,CUST100199,HTL200267,2026-03-20,2026-04-19,2026-04-21,26772.68,2891.45,2677.27,26986.86,mobile app,Completed,Partially Paid,Kolkata,Deluxe,5,Silver,0.0
BKG302676,CUST100237,HTL200434,2026-02-05,2026-02-06,2026-02-07,17968.26,2048.38,898.41,19118.23,Website,Confirmed,Paid,Goa,Standard,5,Silver,0.0
BKG302677,CUST100670,HTL200449,2026-02-26,2026-03-08,2026-03-15,45680.73,5207.6,2284.04,48604.29,Call Center,Confirmed,Paid,pune,Suite,2,Gold,0.0
BKG302678,CUST101190,HTL200296,2026-05-09,2026-06-16,2026-06-17,7067.12,848.05,0.0,7915.17,Mobile App,Cancelled,Refunded,  Hyderabad  ,Deluxe,4,Blue,7915.17
BKG302679,CUST100878,HTL200917,2026-01-03,2026-01-18,2026-01-21,23795.51,2855.46,0.0,26650.97,Mobile App,Check-in Denied,Paid,Hyderabad,Standard,3,Silver,26650.97
BKG302680,CUST100250,HTL200638,2026-01-14,2026-01-23,2026-01-24,4445.97,533.52,0.0,4979.49,Mobile App,Confirmed,Paid,Hyderabad,Deluxe,3,Gold,0.0
BKG302681,CUST100475,HTL200136,2026-02-03,2026-02-16,2026-02-20,20577.92,2222.42,2057.79,20742.55,Mobile App,Confirmed,Paid,Kolkata,Suite,3,Platinum,0.0
BKG302682,CUST100497,HTL200589,2026-03-11,2026-04-03,2026-04-07,27274.73,2782.02,4091.21,25965.54,Website,Cancelled,Refunded,Udaipur,Family Room,3,Gold,0.0
BKG302683,CUST100977,HTL200718,2026-03-10,2026-04-12,2026-04-14,12403.7,1265.18,1860.56,11808.32,Mobile App,Completed,Payment Failed,Hyderabad,Family Room,4,Platinum,0.0
BKG302684,CUST100996,HTL200906,2026-04-14,2026-04-23,2026-04-29,11691.29,1122.36,2338.26,10475.39,Mobile App,Confirmed,Paid,Mumbai,Executive,3,Gold,0.0
BKG302685,CUST100700,HTL200396,2026-01-29,2026-02-01,2026-02-04,27735.59,2829.03,4160.34,26404.28,Partner Desk,Confirmed,Paid,Ahmedabad,Deluxe,4,Gold,0.0
BKG302686,CUST100783,HTL200183,2026-02-17,2026-03-19,2026-03-22,11002.25,1254.26,550.11,11706.4,MOBILE APP,Confirmed,Payment Failed,Kochi,Suite,2,Gold,0.0
BKG302687,CUST100428,HTL200411,2026-04-04,2026-04-13,2026-04-20,49202.36,5609.07,2460.12,52351.31,Website,Pending,PARTIALLY PAID,Manali,Standard,1,Silver,0.0
BKG302688,CUST100538,HTL200600,2026-03-20,2026-04-14,2026-04-15,16463.8,1679.31,2469.57,15673.54,Website,  Pending  ,Paid,Pune,Standard,4,Silver,0.0
BKG302689,CUST100900,HTL200319,2026-04-27,2026-05-21,2026-05-26,67731.53,7315.01,6773.15,68273.39,Mobile App,Confirmed,Paid,Ahmedabad,Executive,3,Blue,0.0
BKG302690,CUST100967,HTL200740,2026-05-24,2026-06-25,2026-06-30,21723.49,2476.48,1086.17,23113.8,Mobile App,Pending,Paid,Pune,Standard,2,Blue,0.0
BKG302691,CUST100209,HTL200575,2026-05-18,2026-05-25,2026-05-31,33007.81,3564.84,3300.78,33271.87,Mobile App,Confirmed,Paid,Udaipur,Suite,2,Gold,0.0
BKG302692,CUST100490,HTL200325,2026-05-27,2026-07-02,2026-07-09,125434.7,12041.73,25086.94,112389.49,Call Center,Cancelled,Refund Pending,  Kolkata  ,Suite,5,Platinum,112389.49
BKG302693,CUST100470,HTL200566,2026-03-08,2026-04-02,2026-04-07,38266.55,3903.19,5739.98,36429.76,Website,Confirmed,Paid,Jaipur,Family Room,5,Blue,0.0
BKG302694,CUST100567,HTL200804,2026-05-12,2026-06-01,2026-06-07,37955.67,4326.95,1897.78,40384.84,mobile app,Cancelled,Refunded,Varanasi,Deluxe,1,Silver,28269.39
BKG302695,CUST100663,HTL200416,2026-03-16,2026-04-02,2026-04-09,91805.39,8813.32,18361.08,82257.63,Mobile App,Confirmed,Paid,Goa,Deluxe,1,Silver,0.0
BKG302696,CUST100549,HTL200792,2026-01-28,2026-03-05,2026-03-07,5221.57,501.27,1044.31,4678.53,Mobile App,Confirmed,Paid,Kochi,Standard,5,Silver,0.0
BKG302697,CUST100197,HTL200881,2026-05-01,2026-05-27,2026-05-30,45733.95,5488.07,0.0,51222.02,Mobile App,Check-In Denied,Paid,Jaipur,Deluxe,5,Blue,25611.01
BKG302698,CUST100520,HTL200790,2026-01-09,2026-01-28,2026-01-29,6860.45,699.77,1029.07,6531.15,Mobile App,Confirmed,Paid,Udaipur,Executive,2,Blue,0.0
BKG302699,CUST100687,HTL200699,2026-05-14,2026-06-20,2026-06-22,31773.18,3240.86,4765.98,30248.06,Website,Pending,Paid,Chennai,Deluxe,4,Platinum,0.0
BKG302700,CUST100466,HTL200951,2026-05-03,2026-05-06,2026-05-10,73146.68,8777.6,0.0,81924.28,Mobile App,Confirmed,Paid,Kochi,Standard,5,Blue,0.0
BKG302701,CUST100595,HTL200702,2026-02-18,2026-04-02,2026-04-06,38240.02,4129.92,3824.0,38545.94,Website,Confirmed,Paid,Bengaluru,Deluxe,3,Blue,0.0
BKG302702,CUST100138,HTL200903,2026-04-01,2026-04-29,2026-05-03,58648.24,6685.9,2932.41,62401.73,Website,No Show,Paid,Delhi,Suite,4,Silver,62401.73
BKG302703,CUST101014,HTL200784,2026-05-05,2026-05-27,2026-06-02,90158.68,9737.14,9015.87,90879.95,Mobile App,Completed,Paid,Agra,Suite,4,Blue,0.0
BKG302704,CUST100241,HTL200606,2026-03-17,2026-04-05,2026-04-11,41074.88,4189.64,6161.23,39103.29,  Website  ,Completed,Paid,Shimla,Family Room,3,Blue,0.0
BKG302705,CUST100315,HTL200089,2026-05-30,2026-06-15,2026-06-22,98569.89,11236.97,4928.49,104878.37,Mobile App,Confirmed,Paid,Chennai,Family Room,3,Blue,0.0
BKG302706,CUST100666,HTL200758,2026-04-14,2026-04-20,2026-04-23,40346.03,4599.45,2017.3,42928.18,Website,COMPLETED,Paid,Varanasi,Family Room,3,Platinum,0.0
BKG302707,CUST100732,HTL200440,2026-05-29,2026-07-05,2026-07-09,38692.49,3714.48,7738.5,34668.47,Mobile App,Completed,Paid,Chennai,Family Room,2,Blue,0.0
BKG302708,CUST100134,HTL200074,2026-02-02,2026-03-05,2026-03-11,20009.8,1920.94,4001.96,17928.78,Website,Completed,Paid,  Pune  ,Deluxe,5,Blue,0.0
BKG302709,CUST100578,HTL200573,2026-02-22,2026-03-28,2026-04-04,26137.66,3136.52,0.0,29274.18,Website,Completed,Paid,Shimla,Standard,5,Silver,0.0
BKG302710,CUST101092,HTL200733,2026-02-09,2026-03-12,2026-03-18,112217.01,10772.83,22443.4,100546.44,Mobile App,Completed,Paid,Shimla,Deluxe,2,Gold,0.0
BKG302711,CUST100438,HTL200266,2026-01-18,2026-01-29,2026-02-03,15091.48,1810.98,0.0,16902.46,Mobile App,Pending,Paid,Goa,Standard,4,Blue,0.0
BKG302712,CUST100076,HTL200962,2026-01-13,2026-02-18,2026-02-24,30018.23,3422.08,1500.91,31939.4,MoBiLe aPp,Completed,PAID,Chennai,Standard,2,Blue,0.0
BKG302713,CUST100399,HTL200935,2026-03-15,2026-03-21,2026-03-25,69181.68,7471.62,6918.17,69735.13,Mobile App,Confirmed,Partially Paid,Pune,Standard,5,Blue,0.0
BKG302714,CUST100373,HTL200935,2026-04-06,2026-05-03,2026-05-05,33040.58,3370.14,4956.09,31454.63,Mobile App,Confirmed,Paid,Pune,Standard,1,Gold,0.0
BKG302715,CUST101035,HTL200632,2026-04-15,2026-04-22,2026-04-26,77529.2,8373.15,7752.92,78149.43,Call Center,Completed,Paid,manali,Suite,2,Blue,0.0
BKG302716,CUST100757,HTL200311,2026-05-11,2026-06-12,2026-06-19,42817.22,5138.07,0.0,47955.29,  Website  ,Confirmed,paid,Kolkata,Standard,1,Blue,0.0
BKG302717,CUST100748,HTL200820,2026-05-30,2026-06-07,2026-06-14,41907.28,5028.87,0.0,46936.15,  Mobile App  ,Completed,Paid,Bengaluru,Deluxe,1,Platinum,0.0
BKG302718,CUST100763,HTL200852,2026-03-08,2026-04-10,2026-04-17,59821.28,5742.84,11964.26,53599.86,Website,Cancelled,Refunded,Goa,Standard,3,Silver,0.0
BKG302719,CUST100416,HTL200482,2026-02-02,2026-03-18,2026-03-23,33758.97,4051.08,0.0,37810.05,Mobile App,Cancelled,Refund Pending,Goa,Suite,3,Blue,37810.05
BKG302720,CUST100206,HTL200027,2026-01-02,2026-01-17,2026-01-21,63238.68,7588.64,0.0,70827.32,Website,Completed,Paid,Kochi,Deluxe,3,Gold,0.0
BKG302721,CUST100340,HTL200341,2026-03-16,2026-04-12,2026-04-13,15355.02,1566.21,2303.25,14617.98,mobile app,Completed,Paid,Ahmedabad,Executive,1,Silver,0.0
BKG302722,CUST100720,HTL200425,2026-03-15,2026-04-14,2026-04-19,68169.97,7362.36,6817.0,68715.33,Mobile App,Completed,Paid,Goa,Deluxe,5,Blue,0.0
BKG302723,CUST100310,HTL200882,2026-05-15,2026-06-06,2026-06-09,23227.58,2647.94,1161.38,24714.14,Mobile App,Completed,Partially Paid,Shimla,Suite,3,Silver,0.0
BKG302724,CUST100624,HTL200813,2026-05-23,2026-06-21,2026-06-25,50000.05,6000.01,0.0,56000.06,Call Center,Cancelled,Refunded,Pune,Suite,3,Gold,0.0
BKG302725,CUST100082,HTL200785,2026-01-26,2026-03-08,2026-03-14,84923.02,8662.15,12738.45,80846.72,Mobile App,Cancelled,Refunded,Manali,Family Room,4,Blue,80846.72
BKG302726,CUST101026,HTL200534,2026-05-19,2026-06-18,2026-06-20,19877.29,1908.22,3975.46,17810.05,Mobile App,Confirmed,Paid,Bengaluru,Executive,1,Silver,0.0
BKG302727,CUST100872,HTL200409,2026-05-08,2026-05-10,2026-05-14,34880.19,4185.62,0.0,39065.81,Mobile App,Cancelled,Paid,Mumbai,Standard,1,Blue,0.0
BKG302728,CUST100235,HTL200610,2026-01-27,2026-02-11,2026-02-13,19208.34,2074.5,1920.83,19362.01,Mobile App,Cancelled,Refund Pending,Chennai,Suite,3,Gold,0.0
BKG302729,CUST100388,HTL200284,2026-05-15,2026-06-11,2026-06-18,139192.19,16703.06,0.0,155895.25,Mobile App,Confirmed,Paid,Shimla,Family Room,4,Gold,0.0
BKG302730,CUST100392,HTL200819,2026-05-09,2026-05-16,2026-05-23,22561.54,2301.28,3384.23,21478.59,Mobile App,Confirmed,Paid,Mumbai,Family Room,4,Silver,0.0
BKG302731,CUST100746,HTL200621,2026-01-21,2026-02-17,2026-02-18,12849.16,1464.8,642.46,13671.5,Mobile App,Cancelled,Refund Pending,Chennai,Standard,2,Platinum,0.0
BKG302732,CUST100029,HTL200714,2026-03-20,2026-04-10,2026-04-13,30538.84,3298.19,3053.88,30783.15,Mobile App,Completed,Paid,Pune,Deluxe,2,Blue,0.0
BKG302733,CUST100981,HTL200105,2026-04-04,2026-04-17,2026-04-23,52199.74,5637.57,5219.97,52617.34,Mobile App,Cancelled,Refunded,Chennai,Executive,3,Blue,23677.8
BKG302734,CUST101171,HTL200503,2026-01-08,2026-01-25,2026-01-30,63319.49,6838.5,6331.95,71156.99,Mobile App,Confirmed,Partially Paid,Kolkata,Standard,1,Platinum,0.0
BKG302735,CUST100604,HTL200045,2026-03-24,2026-04-04,2026-04-09,76219.51,7774.39,11432.93,72560.97,MoBiLe aPp,Confirmed,Paid,Goa,Standard,4,Silver,0.0
BKG302736,CUST100282,HTL200768,2026-01-03,2026-01-13,2026-01-16,21281.66,2426.11,1064.08,22643.69,Mobile App,Confirmed,Paid,Shimla,Deluxe,4,Silver,0.0
BKG302737,CUST100237,HTL200446,2026-02-24,2026-03-29,2026-03-30,8496.13,866.61,1274.42,8088.32,Mobile App,Completed,Paid,Goa,Deluxe,4,Blue,0.0
BKG302738,CUST100730,HTL200143,2026-05-23,2026-06-06,2026-06-07,1873.84,213.62,93.69,1993.77,Mobile App,Completed,Paid,Ahmedabad,Suite,1,Silver,0.0
BKG302739,CUST100030,HTL200536,2026-02-05,2026-03-14,2026-03-21,110257.58,13230.91,0.0,123488.49,Mobile App,Cancelled,Refunded,Kolkata,Deluxe,2,Silver,55569.82
BKG302740,CUST100977,HTL200061,2026-01-06,2026-01-14,2026-01-18,47622.04,5428.91,2381.1,50669.85,Mobile App,Cancelled,Refund Pending,Jaipur,Deluxe,3,Silver,0.0
BKG302741,CUST100914,HTL200741,2026-05-01,2026-06-03,2026-06-04,9587.83,1093.01,479.39,10201.45,Mobile App,Pending,Paid,Bengaluru,Executive,2,Gold,0.0
BKG302742,CUST100206,HTL200081,2026-02-11,2026-02-18,2026-02-22,20174.93,2299.94,1008.75,21466.12,Website,Confirmed,PaId,Hyderabad,Executive,4,Gold,0.0
BKG302743,CUST100902,,2026-02-19,2026-03-25,2026-03-27,6359.19,648.64,953.88,6053.95,Website,Confirmed,Paid,  Pune  ,Executive,4,Blue,0.0
BKG302744,CUST100582,HTL200210,2026-04-22,2026-04-29,2026-05-02,35328.56,3815.48,3532.86,35611.18,Mobile App,  Confirmed  ,Payment Failed,ShImLa,Standard,1,Silver,0.0
BKG302745,CUST100459,HTL200399,2026-05-26,2026-06-02,2026-06-04,7952.71,811.18,1192.91,7570.98,Mobile App,Completed,Paid,Jaipur,Executive,1,Platinum,0.0
BKG302746,CUST100135,HTL200708,2026-02-19,2026-04-01,2026-04-03,6370.53,726.24,318.53,6778.24,Mobile App,Confirmed,Paid,Jaipur,Executive,1,Blue,0.0
BKG302747,CUST100977,HTL200346,2026-01-30,2026-03-07,2026-03-09,33107.35,3972.88,0.0,37080.23,Call Center,Cancelled,Paid,Chennai,Family Room,3,Silver,16686.1
BKG302748,CUST100283,HTL200197,2026-02-08,2026-02-15,2026-02-17,30056.85,3606.82,0.0,33663.67,Mobile App,Confirmed,Paid,Chennai,Executive,5,Blue,0.0
BKG302749,CUST100849,HTL200376,2026-04-26,2026-05-16,2026-05-21,47848.4,4880.54,7177.26,45551.68,Mobile App,Confirmed,Paid,Jaipur,Standard,5,Blue,0.0
BKG302750,CUST100350,HTL200161,2026-05-20,2026-06-07,2026-06-08,6340.38,760.85,0.0,7101.23,Mobile App,Completed,Paid,Goa,Family Room,3,Blue,0.0
BKG302751,CUST100016,HTL200207,2026-02-28,2026-04-12,2026-04-15,11769.39,1412.33,0.0,13181.72,Mobile App,Completed,Paid,Delhi,Standard,3,Silver,0.0
BKG302752,CUST100413,HTL200820,2026-03-17,2026-04-27,2026-04-30,17362.06,2083.45,0.0,20444.51,Mobile App,Cancelled,REFUND PENDING,BENGALURU,Standard,3,Gold,8750.48
BKG302753,CUST101118,HTL200918,2026-05-12,2026-05-26,2026-06-01,79153.04,9023.45,3957.65,84218.84,Website,Cancelled,Refund Pending,  Ahmedabad  ,Family Room,2,Gold,0.0
BKG302754,CUST100005,HTL200426,2026-02-17,2026-03-29,2026-03-31,29431.68,3178.62,2943.17,29667.13,Mobile App,Confirmed,Paid,Jaipur,Family Room,3,Platinum,0.0
BKG302755,CUST100779,HTL200043,2026-05-22,2026-06-05,2026-06-08,3949.98,474.0,0.0,4423.98,Mobile App,Cancelled,Refund Pending,Kochi,Family Room,2,Gold,1990.79
BKG302756,CUST100086,HTL200799,2026-03-22,2026-04-12,2026-04-19,75159.28,8568.16,3757.96,79969.48,Call Center,Completed,paid,Shimla,Family Room,1,Blue,0.0
BKG302757,CUST100188,HTL200490,2026-02-18,2026-03-17,2026-03-21,4934.66,562.55,246.73,5250.48,Mobile App,Completed,Paid,Ahmedabad,Standard,4,Blue,0.0
BKG302758,CUST100419,HTL200278,2026-03-08,2026-04-03,2026-04-06,5084.11,518.58,762.62,4840.07,Mobile App,Confirmed,Paid,Hyderabad,Family Room,5,Gold,0.0
BKG302759,CUST101090,HTL200915,2026-03-18,2026-04-14,2026-04-21,21048.89,2146.99,3157.33,20038.55,Mobile App,cancelled,Refund Pending,Shimla,Deluxe,4,Gold,20038.55
BKG302760,CUST100247,HTL200786,2026-05-17,2026-06-10,2026-06-12,11353.97,1226.23,1135.4,11444.8,Mobile App,Confirmed,PaId,Kochi,Executive,5,Blue,0.0
BKG302761,CUST100859,HTL200732,2026-01-21,2026-01-26,2026-01-29,6213.54,708.34,310.68,6611.2,Website,Confirmed,Payment Failed,Delhi,Executive,1,Blue,0.0
BKG302762,CUST100206,HTL200967,2026-04-15,2026-05-27,2026-05-28,3417.19,410.06,0.0,3827.25,Mobile App,Confirmed,Paid,Varanasi,Deluxe,5,Blue,0.0
BKG302763,CUST101106,HTL200796,2026-03-13,2026-04-20,2026-04-22,30627.05,3123.96,4594.06,29156.95,Website,Completed,Paid,Hyderabad,Standard,1,Silver,0.0
BKG302764,CUST100423,HTL200145,2026-01-16,2026-02-13,2026-02-18,85057.28,9696.53,4252.86,90500.95,Website,Completed,Paid,Bengaluru,Standard,4,Gold,0.0
BKG302765,CUST101105,HTL200068,2026-05-24,2026-07-05,2026-07-12,88274.35,10063.28,4413.72,93923.91,Mobile App,No Show,Refunded,Varanasi,Executive,2,Blue,46961.96
BKG302766,CUST100548,HTL200651,2026-01-28,2026-03-12,2026-03-13,14187.83,1447.16,2128.17,13506.82,Mobile App,Cancelled,ReFuNdEd,Delhi,Suite,5,Gold,6078.07
BKG302767,CUST100486,HTL200521,2026-03-21,2026-04-22,2026-04-25,15115.25,1451.06,3023.05,13543.26,Mobile App,Pending,Paid,Kolkata,Deluxe,3,Silver,0.0
BKG302768,CUST100132,HTL200110,2026-02-26,2026-03-22,2026-03-27,29128.43,2971.1,4369.26,27730.27,Website,Cancelled,Paid,Goa,Deluxe,2,Blue,0.0
BKG302769,CUST100114,HTL200548,2026-04-20,2026-04-26,2026-05-02,116417.55,11176.09,23283.51,104310.13,Mobile App,CoNfIrMeD,Paid,Agra,Executive,2,Gold,0.0
BKG302770,CUST100376,HTL200592,2026-02-21,2026-03-03,2026-03-04,4934.86,503.36,740.23,4697.99,Mobile App,Completed,Partially Paid,Kolkata,Family Room,1,Platinum,0.0
BKG302771,CUST100976,HTL200607,2026-03-25,2026-03-28,2026-04-03,65192.01,7040.74,6519.2,65713.55,Website,Completed,Paid,Kolkata,Suite,4,Blue,0.0
BKG302772,CUST100210,HTL200054,2026-02-17,2026-02-24,2026-02-28,45498.53,5186.83,2274.93,48410.43,Mobile App,Completed,Paid,Varanasi,Standard,3,Blue,0.0
BKG302773,CUST100131,HTL200643,2026-05-07,2026-06-05,2026-06-06,16569.64,1590.69,3313.93,14846.4,Mobile App,Completed,Paid,Manali,Standard,4,Platinum,0.0
BKG302774,CUST100153,HTL200222,2026-04-08,2026-05-12,2026-05-17,100816.37,10283.27,15122.46,95977.18,Mobile App,Cancelled,Refund Pending,Shimla,Standard,4,Blue,95977.18
BKG302775,CUST100919,HTL200895,2026-04-28,2026-05-05,2026-05-11,86086.35,10330.36,0.0,96416.71,Mobile App,Confirmed,Paid,Pune,Standard,2,Platinum,0.0
BKG302776,CUST100951,HTL200574,2026-04-03,2026-04-20,2026-04-24,16943.8,1931.59,847.19,18028.2,Mobile App,Cancelled,Paid,Pune,Deluxe,3,Blue,12619.74
BKG302777,CUST100805,HTL200985,2026-03-08,2026-03-21,2026-03-27,90412.68,10849.52,0.0,101262.2,Website,Confirmed,  Paid  ,Goa,Deluxe,5,Blue,0.0
BKG302778,CUST100146,HTL200523,2026-03-15,2026-04-05,2026-04-08,46019.01,4417.83,9203.8,41233.04,Mobile App,Confirmed,Paid,Shimla,Family Room,3,Blue,0.0
BKG302779,CUST101150,HTL200145,2026-03-25,2026-04-25,2026-04-27,31317.55,3382.3,3131.75,31568.1,Mobile App,Completed,PAID,Bengaluru,Deluxe,1,Blue,0.0
BKG302780,CUST100714,HTL200263,2026-01-10,2026-01-19,2026-01-25,23978.12,2877.37,0.0,26855.49,Mobile App,Completed,Paid,PUNE,Family Room,2,Blue,0.0
BKG302781,CUST101141,HTL200543,2026-05-25,2026-06-07,2026-06-10,6503.53,741.4,325.18,6919.75,Website,Confirmed,Paid,Udaipur,Family Room,3,Silver,0.0
BKG302782,CUST100230,HTL200467,2026-04-28,2026-05-15,2026-05-17,7305.11,701.29,1461.02,6545.38,Website,Completed,Paid,Kochi,Standard,1,Blue,0.0
BKG302783,CUST100450,HTL200560,2026-04-07,2026-04-15,2026-04-17,14762.66,1594.37,1476.27,14880.76,Mobile App,Completed,Paid,Manali,Standard,5,Gold,0.0
BKG302784,CUST101168,HTL200871,2026-01-06,2026-01-15,2026-01-20,51760.98,5900.75,2588.05,55073.68,Mobile App,Confirmed,Paid,Bengaluru,Deluxe,4,Gold,0.0
BKG302785,CUST100906,HTL200958,2026-01-18,2026-01-27,2026-02-03,47980.66,5469.8,2399.03,51051.43,Website,Cancelled,Refund Pending,Hyderabad,Deluxe,4,Gold,51051.43
BKG302786,CUST101072,HTL200972,2026-03-13,2026-04-22,2026-04-26,9992.3,1199.08,0.0,11191.38,Mobile App,Confirmed,Paid,Agra,Family Room,1,Silver,0.0
BKG302787,CUST100106,HTL200186,2026-03-30,2026-04-29,2026-05-06,65437.1,7852.45,0.0,73289.55,Mobile App,Cancelled,Refunded,Delhi,Executive,2,Silver,51302.68
BKG302788,CUST100092,HTL200342,2026-02-11,2026-02-18,2026-02-22,29161.15,3149.4,2916.11,29394.44,Mobile App,Confirmed,Paid,Ahmedabad,Standard,4,Gold,0.0
BKG302789,CUST100828,HTL200962,2026-01-04,2026-01-21,2026-01-22,4905.33,559.21,245.27,5219.27,Mobile App,Completed,Paid,ChEnNaI,Suite,2,Gold,0.0
BKG302790,CUST100139,HTL200098,2026-01-20,2026-02-28,2026-03-03,27877.71,3178.06,1393.89,29661.88,Mobile App,No Show,Paid,Hyderabad,Executive,2,Blue,8898.56
BKG302791,CUST100010,HTL200678,2026-01-28,2026-03-07,2026-03-12,82336.15,8892.3,8233.62,82994.83,Website,Cancelled,Refund Pending,Hyderabad,Standard,4,Silver,58096.38
BKG302792,CUST100447,HTL200305,2026-04-14,2026-04-19,2026-04-25,64088.53,7690.62,0.0,71779.15,Mobile App,Cancelled,Refunded,Shimla,Standard,5,Blue,50245.4
BKG302793,CUST100926,HTL200724,2026-02-13,2026-03-02,2026-03-05,38810.76,3725.83,7762.15,34774.44,Mobile App,Confirmed,Paid,PuNe,Deluxe,3,Blue,0.0
BKG302794,CUST100394,HTL200198,2026-01-23,2026-03-04,2026-03-10,37467.01,4271.24,1873.35,39864.9,Mobile App,Confirmed,Paid,Shimla,Suite,4,Blue,0.0
BKG302795,CUST100377,HTL200757,2026-02-16,2026-02-17,2026-02-24,83043.88,9965.27,0.0,93009.15,Mobile App,Completed,Paid,Agra,Suite,3,Gold,0.0
BKG302796,CUST100360,HTL200153,2026-01-13,2026-01-29,2026-02-04,29310.52,3517.26,0.0,32827.78,Mobile App,Completed,Paid,Udaipur,Standard,2,Blue,0.0
BKG302797,CUST100682,HTL200918,2026-05-24,2026-06-10,2026-06-17,93211.6,11185.39,0.0,104396.99,Mobile App,No Show,Paid,  Ahmedabad  ,Family Room,5,Silver,0.0
BKG302798,CUST101016,HTL200095,2026-04-05,2026-05-05,2026-05-12,133840.28,16060.83,0.0,149901.11,Mobile App,Confirmed,Paid,Pune,Suite,2,Silver,0.0
BKG302799,CUST100641,HTL200574,2026-01-16,2026-02-16,2026-02-22,29730.48,3389.28,1486.52,31633.24,Mobile App,Completed,Paid,Pune,Executive,5,Gold,0.0
BKG302800,CUST100572,HTL200705,2026-04-29,2026-06-03,2026-06-04,2768.41,298.99,276.84,2790.56,Mobile App,Completed,Paid,jaipur,Family Room,1,Blue,0.0
BKG302801,CUST100996,HTL200934,2026-04-27,2026-05-05,2026-05-12,129868.68,15584.24,0.0,145452.92,Call Center,Cancelled,Refunded,Chennai,Deluxe,5,Silver,0.0
BKG302802,CUST100922,HTL200833,2026-01-10,2026-02-09,2026-02-10,12136.0,1383.5,606.8,12912.7,Mobile App,Confirmed,Paid,Jaipur,Standard,5,Blue,0.0
BKG302803,CUST100395,HTL200358,2026-05-02,2026-06-10,2026-06-15,23828.37,2287.52,4765.67,21350.22,Website,ChEcK-In dEnIeD,Paid,Bengaluru,Standard,2,Gold,21350.22
BKG302804,CUST100185,HTL200813,2026-02-07,2026-02-28,2026-03-01,14794.49,1686.57,739.72,15741.34,Mobile App,Completed,Paid,Pune,Executive,4,Blue,0.0
BKG302805,CUST101198,,2026-02-13,2026-02-28,2026-03-05,88464.87,9023.42,13269.73,84218.56,Mobile App,Cancelled,Paid,  Pune  ,Executive,4,Blue,37898.35
BKG302806,CUST100370,HTL200783,2026-04-05,2026-05-09,2026-05-10,1316.23,157.95,0.0,1474.18,Mobile App,Completed,Payment Failed,Kolkata,Deluxe,3,Blue,0.0
BKG302807,CUST100607,HTL200375,2026-03-15,2026-04-11,2026-04-15,57998.99,6959.88,0.0,64958.87,Mobile App,Cancelled,Paid,Ahmedabad,Deluxe,1,Blue,64958.87
BKG302808,CUST100281,HTL200601,2026-04-23,2026-04-25,2026-04-30,82396.84,9393.24,4119.84,87670.24,Mobile App,Confirmed,Partially Paid,Kochi,Suite,5,Blue,0.0
BKG302809,CUST101056,HTL200327,2026-02-20,2026-03-02,2026-03-06,51565.48,6187.86,0.0,57753.34,Mobile App,CaNcElLeD,Refund Pending,Varanasi,Family Room,3,Gold,25989.0
BKG302810,CUST100081,HTL200271,2026-02-21,2026-02-26,2026-03-05,74738.44,7623.32,11210.77,71150.99,Mobile App,Completed,Partially Paid,Hyderabad,Standard,5,Blue,0.0
BKG302811,CUST100147,HTL200596,2026-04-02,2026-04-29,2026-05-03,12739.57,1528.75,0.0,14268.32,Mobile App,Completed,Paid,Ahmedabad,Suite,5,Gold,0.0
BKG302812,CUST100964,HTL200294,2026-02-28,2026-03-04,2026-03-09,20680.27,2233.47,2068.03,20845.71,Website,Confirmed,Paid,Goa,Deluxe,1,Silver,0.0
BKG302813,CUST100991,HTL200394,2026-01-13,2026-01-26,2026-01-29,41422.98,4473.68,4142.3,41754.36,Mobile App,  Cancelled  ,Refunded,Bengaluru,Executive,1,Blue,29228.05
BKG302814,CUST100947,HTL200471,2026-01-12,2026-01-29,2026-02-05,94836.61,11380.39,0.0,106217.0,Mobile App,Confirmed,Paid,Delhi,Suite,3,Blue,0.0
BKG302815,CUST100494,HTL200547,2026-02-19,2026-03-12,2026-03-19,86375.07,9328.51,8637.51,87066.07,WeBsItE,Confirmed,Paid,Shimla,Executive,4,Blue,0.0
BKG302816,CUST101193,HTL200017,2026-02-26,2026-03-21,2026-03-23,29291.8,3339.27,1464.59,31166.48,Mobile App,Confirmed,Paid,Goa,Family Room,5,Blue,0.0
BKG302817,CUST100722,HTL200918,2026-04-29,2026-06-01,2026-06-02,12705.82,1372.23,1270.58,12807.47,Website,Confirmed,Partially Paid,  Ahmedabad  ,Executive,2,Silver,0.0
BKG302818,CUST100702,HTL200076,2026-02-26,2026-03-13,2026-03-19,81327.18,8295.37,12199.08,77423.47,Call Center,Completed,Paid,Shimla,Standard,3,Gold,0.0
BKG302819,CUST101030,HTL200048,2026-01-08,2026-01-22,2026-01-23,9913.77,1130.17,495.69,10548.25,Mobile App,Confirmed,Paid,Pune,Family Room,5,Blue,0.0
BKG302820,CUST100825,HTL200497,2026-04-16,2026-04-25,2026-05-01,29288.71,3338.91,1464.44,31163.18,Mobile App,Confirmed,Paid,Chennai,Executive,1,Silver,0.0
BKG302821,CUST100433,HTL200425,2026-05-17,2026-06-30,2026-07-03,37667.98,4520.16,0.0,42188.14,Call Center,Confirmed,Paid,Goa,Suite,1,Blue,0.0
BKG302822,CUST101057,HTL200870,2026-04-30,2026-06-06,2026-06-08,3172.69,380.72,0.0,3553.41,Mobile App,Completed,Paid,Goa,Standard,1,Blue,0.0
BKG302823,CUST100562,HTL200747,2026-03-04,2026-04-03,2026-04-06,13762.17,1651.46,0.0,15413.63,Mobile App,Completed,Paid,Udaipur,Standard,1,Platinum,0.0
BKG302824,CUST100137,HTL200555,2026-03-13,2026-04-11,2026-04-13,17134.19,1644.88,3426.84,15352.23,Mobile App,Completed,Paid,Agra,Deluxe,4,Gold,0.0
BKG302825,CUST100366,HTL200620,2026-05-11,2026-06-03,2026-06-08,11192.83,1275.98,559.64,11909.17,Mobile App,  Completed  ,Paid,Udaipur,Deluxe,4,Blue,0.0
BKG302826,CUST100105,HTL200128,2026-01-13,2026-02-16,2026-02-21,75009.09,9001.09,0.0,84010.18,Call Center,Completed,Paid,Udaipur,Suite,5,Gold,0.0
BKG302827,CUST100793,HTL200518,2026-05-17,2026-05-24,2026-05-30,107815.41,12937.85,0.0,120753.26,Mobile App,Cancelled,Refunded,Varanasi,Deluxe,5,Blue,120753.26
BKG302828,CUST101055,HTL200303,2026-02-21,2026-03-02,2026-03-06,49336.17,5624.32,2466.81,52493.68,Mobile App,CONFIRMED,Paid,Agra,Executive,3,Gold,0.0
BKG302829,CUST100635,HTL200111,2026-03-03,2026-03-07,2026-03-11,47649.67,5717.96,0.0,53367.63,Mobile App,No Show,Paid,Ahmedabad,Deluxe,1,Gold,53367.63
BKG302830,CUST100986,HTL200724,2026-04-29,2026-05-01,2026-05-07,80459.19,9172.35,4022.96,85608.58,Mobile App,Confirmed,Paid,Pune,Standard,1,Blue,0.0
BKG302831,CUST100957,HTL200911,2026-04-19,2026-05-16,2026-05-21,69403.77,8328.45,0.0,77732.22,Mobile App,Cancelled,Refunded,Goa,Suite,2,Blue,34979.5
BKG302832,CUST101191,HTL200815,2026-01-08,2026-02-10,2026-02-16,25644.03,3077.28,0.0,28721.31,Call Center,Completed,Paid,Varanasi,Executive,2,Platinum,0.0
BKG302833,CUST100854,HTL200973,2026-04-05,2026-05-07,2026-05-11,14258.18,1539.88,1425.82,14372.24,Website,Confirmed,Paid,Shimla,Standard,1,Blue,0.0
BKG302834,CUST100077,HTL200938,2026-05-05,2026-06-18,2026-06-24,26046.21,2656.71,3906.93,24795.99,Mobile App,Completed,Paid,Kolkata,Standard,2,Silver,0.0
BKG302835,CUST100208,HTL200818,2026-02-22,2026-03-31,2026-04-05,52382.65,5971.62,2619.13,55735.14,Mobile App,Cancelled,Refunded,  Agra  ,Family Room,2,Blue,55735.14
BKG302836,CUST100007,HTL200362,2026-03-04,2026-03-31,2026-04-03,5544.08,565.5,831.61,5277.97,MoBiLe aPp,Completed,Paid,Agra,Deluxe,1,Gold,0.0
BKG302837,CUST100736,HTL200065,2026-04-05,2026-05-03,2026-05-04,14997.82,1799.74,0.0,16797.56,Mobile App,Completed,Paid,Pune,Executive,4,Blue,0.0
BKG302838,CUST100226,HTL200030,2026-03-22,2026-03-25,2026-03-30,55829.69,5694.63,8374.45,53149.87,Mobile App,Confirmed,Paid,Shimla,Suite,4,Silver,0.0
BKG302839,CUST100174,HTL200294,2026-02-26,2026-04-03,2026-04-09,20763.12,2491.57,0.0,23254.69,Website,Check-in Denied,Refund Pending,Goa,Suite,5,Gold,23254.69
BKG302840,CUST100080,HTL200776,2026-05-27,2026-07-09,2026-07-14,42458.32,4330.75,6368.75,40420.32,Mobile App,Cancelled,  Refunded  ,Udaipur,Suite,4,Platinum,40420.32
BKG302841,CUST101080,HTL200808,2026-03-08,2026-03-16,2026-03-21,6060.29,618.15,909.04,5769.4,Website,Completed,Paid,Goa,Family Room,1,Blue,0.0
BKG302842,CUST101158,HTL200318,2026-02-15,2026-03-31,2026-04-04,59302.77,6048.88,8895.42,56456.23,Mobile App,Cancelled,Refunded,Agra,Executive,2,Blue,0.0
BKG302843,CUST100237,HTL200013,2026-04-04,2026-05-15,2026-05-21,11081.78,1130.34,1662.27,10549.85,Partner Desk,Confirmed,PaId,Ahmedabad,Standard,1,Gold,0.0
BKG302844,CUST101049,HTL200569,2026-05-18,2026-06-24,2026-06-28,49219.84,5315.74,4921.98,49613.6,  Mobile App  ,Cancelled,Paid,Bengaluru,Family Room,3,Blue,49613.6
BKG302845,CUST100186,HTL200969,2026-04-23,2026-05-31,2026-06-06,52697.06,6323.65,0.0,59020.71,Website,Completed,Partially Paid,Shimla,Deluxe,2,Gold,0.0
BKG302846,CUST100629,HTL200855,2026-04-03,2026-04-25,2026-04-29,43087.87,4653.49,4308.79,43432.57,Website,Completed,Paid,KOCHI,Standard,1,Silver,0.0
BKG302847,CUST101139,HTL200241,2026-05-26,2026-06-09,2026-06-13,56491.09,6439.98,2824.55,60106.52,Call Center,Confirmed,Paid,Kolkata,Suite,5,Silver,0.0
BKG302848,CUST101013,HTL200352,2026-05-20,2026-06-04,2026-06-07,19664.41,2359.73,0.0,22024.14,Website,  Pending  ,Partially Paid,Hyderabad,Deluxe,5,Platinum,0.0
BKG302849,CUST100814,HTL200247,2026-02-18,2026-02-22,2026-02-27,19270.47,2196.83,963.52,20503.78,Website,Cancelled,Refunded,Hyderabad,Executive,2,Blue,14352.65
BKG302850,CUST100613,HTL200609,2026-01-23,2026-02-10,2026-02-13,18696.22,2019.19,1869.62,18845.79,Mobile App,Cancelled,Refund Pending,Hyderabad,Executive,4,Blue,0.0
BKG302851,CUST100891,HTL200467,2026-03-03,2026-03-04,2026-03-08,11743.52,1409.22,0.0,13152.74,Mobile App,Confirmed,Paid,Kochi,Family Room,5,Platinum,0.0
BKG302852,CUST101186,HTL200959,2026-01-11,2026-01-23,2026-01-26,18930.69,2044.51,1893.07,19082.13,Mobile App,Confirmed,Paid,Delhi,Executive,3,Silver,0.0
BKG302853,CUST100177,HTL200923,2026-03-14,2026-04-24,2026-05-01,42616.59,4602.59,4261.66,42957.52,Mobile App,Completed,Paid,Varanasi,Suite,2,Blue,0.0
BKG302854,CUST100984,HTL200387,2026-04-28,2026-06-09,2026-06-16,41272.03,4952.64,0.0,46224.67,Website,Cancelled,Refund Pending,ChEnNaI,Family Room,3,Blue,0.0
BKG302855,CUST100279,,2026-03-29,2026-04-15,2026-04-20,10482.97,1195.06,524.15,11153.88,Mobile App,Check-in Denied,Paid,Pune,Family Room,2,Gold,5576.94
BKG302856,CUST100797,HTL200899,2026-03-30,2026-04-18,2026-04-23,14209.29,1364.09,2841.86,12731.52,Mobile App,CONFIRMED,Paid,Delhi,Suite,4,Silver,0.0
BKG302857,CUST101077,HTL200758,2026-02-24,2026-04-01,2026-04-05,65727.31,6704.19,9859.1,62572.4,Mobile App,Completed,Paid,Varanasi,Executive,1,Blue,0.0
BKG302858,CUST100066,HTL200837,2026-01-09,2026-01-16,2026-01-21,72690.26,8286.69,3634.51,77342.44,Mobile App,Cancelled,Refunded,Kochi,Deluxe,2,Blue,77342.44
BKG302859,CUST100543,HTL200441,2026-01-12,2026-01-21,2026-01-24,24086.1,2745.82,1204.31,25627.61,Mobile App,Confirmed,paid,Ahmedabad,Family Room,1,Blue,0.0
BKG302860,CUST100519,HTL200341,2026-05-19,2026-05-27,2026-05-29,36057.36,4326.88,0.0,40384.24,Mobile App,Completed,Paid,Ahmedabad,Deluxe,2,Gold,0.0
BKG302861,CUST100498,HTL200515,2026-04-23,2026-05-18,2026-05-23,59344.96,7121.4,0.0,66466.36,Mobile App,Confirmed,Paid,Agra,Deluxe,4,Blue,0.0
BKG302862,CUST100945,HTL200817,2026-01-08,2026-01-15,2026-01-18,41597.95,4742.17,2079.9,44260.22,Mobile App,Cancelled,Refund Pending,Delhi,Deluxe,3,Platinum,0.0
BKG302863,CUST100726,HTL200772,2026-02-05,2026-03-19,2026-03-26,71072.82,6822.99,14214.56,63681.25,Mobile App,No Show,paid,Delhi,Deluxe,1,Silver,0.0
BKG302864,CUST101069,HTL200842,2026-05-05,2026-05-13,2026-05-20,27507.74,2640.74,5501.55,24646.93,Call Center,No Show,Paid,Shimla,Suite,3,Blue,0.0
BKG302865,CUST101058,HTL200044,2026-02-19,2026-03-15,2026-03-18,9290.15,947.6,1393.52,8844.23,Call Center,Completed,Paid,Goa,Standard,2,Blue,0.0
BKG302866,CUST100188,HTL200418,2026-04-17,2026-05-04,2026-05-11,33447.82,3813.05,1672.39,35588.48,Mobile App,  Confirmed  ,Partially Paid,Goa,Executive,2,Blue,0.0
BKG302867,CUST101112,HTL200722,2026-01-09,2026-01-21,2026-01-24,10812.81,1297.54,0.0,12110.35,Mobile App,Completed,Paid,Ahmedabad,Standard,4,Blue,0.0
BKG302868,CUST100946,HTL200755,2026-03-08,2026-04-08,2026-04-13,68530.67,7401.31,6853.07,69078.91,Mobile App,No Show,Paid,Jaipur,Standard,2,Blue,0.0
BKG302869,CUST100135,HTL200202,2026-02-22,2026-03-06,2026-03-08,32811.1,3543.6,3281.11,33073.59,Partner Desk,Completed,PAID,delhi,Family Room,4,Blue,0.0
BKG302870,CUST100545,HTL200714,2026-03-23,2026-03-25,2026-03-29,42003.63,4788.41,2100.18,44691.86,Mobile App,Completed,Paid,Pune,Standard,2,Blue,0.0
BKG302871,CUST100792,HTL200884,2026-04-20,2026-05-02,2026-05-06,33154.96,3580.74,3315.5,33420.2,Mobile App,No Show,Refund Pending,Chennai,Standard,3,Silver,16710.1
BKG302872,CUST101136,HTL200538,2026-05-25,2026-06-21,2026-06-26,67391.06,7278.23,6739.11,67930.18,Partner Desk,Cancelled,Refund Pending,Agra,Suite,2,Blue,47551.13
BKG302873,CUST101195,HTL200385,2026-02-22,2026-03-01,2026-03-06,19268.11,1965.35,2890.22,18343.24,Partner Desk,No Show,Paid,Shimla,Deluxe,1,Silver,5502.97
BKG302874,CUST100554,HTL200949,2026-04-24,2026-05-07,2026-05-14,81691.3,9312.81,4084.57,86919.54,Website,No Show,Refunded,Udaipur,Standard,5,Blue,43459.77
BKG302875,CUST100893,HTL200629,2026-03-04,2026-04-09,2026-04-10,17837.28,1819.4,2675.59,16981.09,Website,Completed,Paid,Agra,Standard,1,Blue,0.0
BKG302876,CUST100945,HTL200967,2026-05-23,2026-05-24,2026-05-30,17489.92,2098.79,0.0,19588.71,Website,Cancelled,Refund Pending,varanasi,Family Room,1,Gold,13712.1
BKG302877,CUST100524,HTL200737,2026-01-19,2026-02-23,2026-02-25,13282.98,1434.56,1328.3,13389.24,Website,Completed,Paid,Shimla,Executive,4,Silver,0.0
BKG302878,CUST100173,HTL200359,2026-05-04,2026-06-03,2026-06-06,51470.6,6176.47,0.0,57647.07,Mobile App,Confirmed,Paid,Shimla,Family Room,2,Blue,0.0
BKG302879,CUST100636,HTL200467,2026-03-27,2026-04-27,2026-05-03,17689.29,2122.71,0.0,19812.0,Call Center,Completed,Paid,Kochi,Executive,3,Platinum,0.0
BKG302880,CUST100206,HTL200982,2026-03-11,2026-03-28,2026-03-31,31153.77,3738.45,0.0,34892.22,Website,Completed,Paid,Jaipur,Executive,2,Gold,0.0
BKG302881,CUST100948,HTL200974,2026-02-16,2026-02-24,2026-03-02,19277.24,2313.27,0.0,21590.51,Mobile App,Confirmed,Paid,Bengaluru,Executive,5,Silver,0.0
BKG302882,CUST100103,HTL200943,2026-04-18,2026-04-21,2026-04-25,23608.53,2266.42,4721.71,21153.24,MoBiLe aPp,Pending,Paid,Manali,Suite,2,Blue,0.0
BKG302883,CUST101063,HTL200204,2026-01-20,2026-01-30,2026-02-05,56504.73,6441.54,2825.24,60121.03,Website,Confirmed,Paid,Jaipur,Suite,5,Blue,0.0
BKG302884,CUST101046,HTL200246,2026-02-06,2026-03-12,2026-03-17,27376.44,2628.14,5475.29,24529.29,Mobile App,Check-in Denied,Refund Pending,Ahmedabad,Deluxe,5,Blue,7358.79
BKG302885,CUST100289,HTL200990,2026-05-10,2026-06-01,2026-06-03,28937.18,3472.46,0.0,32409.64,Website,Confirmed,Partially Paid,Agra,Executive,1,Blue,0.0
BKG302886,CUST101178,HTL200048,2026-02-05,2026-02-09,2026-02-13,51881.03,6225.72,0.0,58106.75,Mobile App,Completed,PaId,Pune,Suite,5,Blue,0.0
BKG302887,CUST100566,HTL200365,2026-05-13,2026-06-14,2026-06-21,131426.98,14194.11,13142.7,132478.39,Partner Desk,Completed,Paid,Udaipur,Suite,5,Gold,0.0
BKG302888,CUST101129,HTL200252,2026-03-05,2026-04-03,2026-04-09,61912.52,7058.03,3095.63,65874.92,Mobile App,CANCELLED,REFUND PENDING,Jaipur,Standard,3,Blue,29643.71
BKG302889,CUST100963,HTL200077,2026-01-07,2026-01-18,2026-01-20,6804.24,734.86,680.42,6858.68,Mobile App,Confirmed,Paid,Hyderabad,Executive,4,Gold,0.0
BKG302890,CUST100837,HTL200768,2026-04-30,2026-05-13,2026-05-18,41115.09,4687.12,2055.75,43746.46,WeBsItE,Pending,Paid,Shimla,Family Room,2,Blue,0.0
BKG302891,CUST100410,HTL200631,2026-01-22,2026-01-26,2026-02-02,41382.94,4221.06,6207.44,39396.56,Mobile App,Cancelled,Refunded,Goa,Standard,3,Blue,39396.56
BKG302892,CUST100881,HTL200986,2026-02-15,2026-02-17,2026-02-20,47117.69,5371.42,2355.88,50133.23,Website,Cancelled,REFUND PENDING,VaRaNaSi,Suite,4,Blue,0.0
BKG302893,CUST101140,HTL200416,2026-04-20,2026-05-24,2026-05-31,76369.28,8247.88,7636.93,76980.23,Mobile App,  Confirmed  ,Paid,Goa,Suite,1,Gold,0.0
BKG302894,CUST100885,HTL200034,2026-02-15,2026-03-30,2026-03-31,8624.6,983.2,431.23,9176.57,Call Center,Completed,Paid,Udaipur,Suite,3,Silver,0.0
BKG302895,CUST100423,HTL200437,2026-01-28,2026-02-19,2026-02-21,25775.37,2783.74,2577.54,25981.57,Mobile App,Check-in Denied,Refund Pending,Goa,Suite,3,Blue,25981.57
BKG302896,CUST100154,HTL200311,2026-03-28,2026-04-02,2026-04-05,18016.76,1945.81,1801.68,18160.89,MoBiLe aPp,Confirmed,Paid,Kolkata,Family Room,1,Blue,0.0
BKG302897,CUST100150,HTL200142,2026-02-04,2026-02-13,2026-02-15,7541.63,859.75,377.08,8024.3,Call Center,Confirmed,Paid,Jaipur,Deluxe,5,Platinum,0.0
BKG302898,CUST100211,HTL200196,2026-05-09,2026-05-29,2026-05-31,2529.97,303.6,0.0,2833.57,Mobile App,Completed,Paid,Pune,Deluxe,1,Silver,0.0
BKG302899,CUST100880,HTL200996,2026-01-09,2026-01-30,2026-02-01,35988.4,3886.75,3598.84,36276.31,Call Center,Check-in Denied,Paid,Kochi,Executive,2,Blue,10882.89
BKG302900,CUST100754,HTL200259,2026-01-09,2026-01-26,2026-01-31,86421.63,8296.48,17284.33,77433.78,Website,Completed,Paid,Chennai,Suite,1,Blue,0.0
BKG302901,CUST101121,HTL200365,2026-01-22,2026-02-03,2026-02-07,68271.01,8192.52,0.0,76463.53,Mobile App,Completed,Paid,Udaipur,Executive,3,Blue,0.0
BKG302902,CUST100540,HTL200595,2026-03-11,2026-04-08,2026-04-10,24397.56,2488.55,3659.63,23226.48,Mobile App,Completed,  Paid  ,Shimla,Family Room,1,Silver,0.0
BKG302903,CUST100700,HTL200191,2026-05-21,2026-06-08,2026-06-13,9158.37,989.1,915.84,9231.63,MOBILE APP,Check-in Denied,Refund Pending,Chennai,Executive,2,Blue,4615.81
BKG302904,CUST100171,HTL200486,2026-05-27,2026-05-30,2026-05-31,1394.02,158.92,69.7,1483.24,Mobile App,Confirmed,Paid,Bengaluru,Deluxe,5,Gold,0.0
BKG302905,CUST100370,HTL200533,2026-03-06,2026-03-11,2026-03-15,11555.06,1109.29,2311.01,10353.34,MOBILE APP,Confirmed,Paid,Agra,Deluxe,5,Silver,0.0
BKG302906,CUST101178,HTL200023,2026-05-20,2026-06-03,2026-06-08,85660.2,9251.3,8566.02,86345.48,Mobile App,Confirmed,Paid,Varanasi,Deluxe,4,Blue,0.0
BKG302907,CUST101163,HTL200942,2026-02-12,2026-03-10,2026-03-17,20562.37,2097.36,3084.36,19575.37,Call Center,Confirmed,Paid,Delhi,Executive,4,Blue,0.0
BKG302908,CUST100912,HTL200074,2026-01-17,2026-02-05,2026-02-06,4247.42,484.21,212.37,4519.26,Mobile App,CONFIRMED,Paid,Pune,Suite,2,Blue,0.0
BKG302909,CUST100801,HTL200877,2026-03-09,2026-04-19,2026-04-26,47342.65,5681.12,0.0,53023.77,Mobile App,Confirmed,Paid,Goa,Standard,4,Blue,0.0
BKG302910,CUST100255,HTL200645,2026-01-29,2026-02-15,2026-02-19,43554.5,4703.89,4355.45,43902.94,Mobile App,Completed,Paid,Varanasi,Deluxe,5,Silver,0.0
BKG302911,CUST100989,HTL200922,2026-05-15,2026-06-23,2026-06-28,41330.9,3967.77,8266.18,37032.49,Mobile App,Confirmed,Paid,Kolkata,Executive,5,Blue,0.0
BKG302912,CUST100675,HTL200393,2026-02-13,2026-03-27,2026-03-28,10850.85,1106.79,1627.63,10330.01,Website,Completed,paid,Mumbai,Standard,4,Blue,0.0
BKG302913,CUST100863,HTL200678,2026-05-13,2026-05-17,2026-05-22,68071.21,8168.55,0.0,76239.76,Mobile App,Check-in Denied,Refunded,Hyderabad,Deluxe,1,Blue,22871.93
BKG302914,CUST100415,HTL200457,2026-05-14,2026-06-25,2026-06-26,3027.47,345.13,151.37,3221.23,Call Center,Confirmed,Payment Failed,Mumbai,Deluxe,5,Blue,0.0
BKG302915,CUST100328,HTL200109,2026-01-07,2026-02-11,2026-02-13,27675.08,3154.96,1383.75,29446.29,Website,COMPLETED,Payment Failed,Manali,Family Room,4,Blue,0.0
BKG302916,CUST100917,HTL200089,2026-02-23,2026-03-19,2026-03-21,35515.61,3835.69,3551.56,35799.74,Mobile App,Confirmed,PAID,Chennai,Deluxe,4,Blue,0.0
BKG302917,CUST101162,HTL200036,2026-02-15,2026-03-28,2026-04-01,20144.24,2417.31,0.0,22561.55,Website,Completed,Paid,Pune,Standard,2,Silver,0.0
BKG302918,CUST100961,HTL200821,2026-05-18,2026-05-31,2026-06-01,7495.82,899.5,0.0,8395.32,  Website  ,Cancelled,Paid,Mumbai,Standard,2,Blue,8395.32
BKG302919,CUST100823,HTL200992,2026-01-04,2026-02-06,2026-02-08,11034.28,1191.7,1103.43,11122.55,Website,Cancelled,Paid,Chennai,Suite,5,Blue,5005.15
BKG302920,CUST100248,HTL200562,2026-04-01,2026-04-16,2026-04-20,64972.03,7016.98,6497.2,65491.81,Mobile App,  Completed  ,Payment Failed,Delhi,Standard,3,Blue,0.0
BKG302921,CUST100744,HTL200571,2026-03-02,2026-03-17,2026-03-20,35922.43,3664.09,5388.36,34198.16,MoBiLe aPp,Cancelled,Refund Pending,Pune,Executive,4,Blue,34198.16
BKG302922,CUST100307,HTL200583,2026-04-21,2026-05-22,2026-05-24,15553.45,1493.13,3110.69,13935.89,Mobile App,Cancelled,Refund Pending,bengaluru,Executive,1,Silver,0.0
BKG302923,CUST100572,HTL200639,2026-02-06,2026-03-21,2026-03-23,24370.71,2778.26,1218.54,25930.43,Mobile App,Confirmed,Paid,Ahmedabad,Deluxe,3,Blue,0.0
BKG302924,CUST100797,HTL200306,2026-01-03,2026-01-31,2026-02-06,65880.73,6719.83,9882.11,62718.45,Mobile App,Confirmed,Payment Failed,Pune,Suite,4,Silver,0.0
BKG302925,CUST101000,HTL200061,2026-01-13,2026-01-23,2026-01-28,51330.64,5543.71,5133.06,51741.29,Website,Completed,Paid,Jaipur,Deluxe,3,Silver,0.0
BKG302926,CUST100760,HTL200304,2026-03-29,2026-04-05,2026-04-08,44173.35,4240.64,8834.67,39579.32,  Mobile App  ,Pending,Paid,Kochi,Suite,4,Silver,0.0
BKG302927,CUST100292,HTL200178,2026-03-17,2026-04-19,2026-04-20,14454.79,1734.58,0.0,16189.37,Mobile App,Completed,Paid,Bengaluru,Family Room,4,Gold,0.0
BKG302928,CUST100409,HTL200539,2026-01-08,2026-01-15,2026-01-19,7160.33,859.24,0.0,8019.57,Mobile App,Confirmed,Paid,Ahmedabad,Suite,3,Gold,0.0
BKG302929,CUST100197,HTL200751,2026-03-24,2026-03-29,2026-04-01,43927.76,4744.2,4392.78,44279.18,Mobile App,No Show,Paid,Jaipur,Family Room,2,Blue,44279.18
BKG302930,CUST100079,HTL200931,2026-01-09,2026-02-04,2026-02-05,16315.03,1566.24,3263.01,14618.26,Mobile App,Confirmed,Paid,Hyderabad,Family Room,4,Blue,0.0
BKG302931,CUST100136,HTL200743,2026-03-19,2026-04-04,2026-04-06,31081.02,3170.26,4662.15,29589.13,Website,Cancelled,Refund Pending,Manali,Deluxe,5,Silver,29589.13
BKG302932,CUST100212,HTL200664,2026-05-04,2026-05-12,2026-05-19,54647.52,5901.93,5464.75,55084.7,Call Center,Confirmed,Paid,Udaipur,Executive,3,Blue,0.0
BKG302933,CUST100618,HTL200931,2026-05-26,2026-06-17,2026-06-23,118104.89,13463.96,5905.24,125663.61,Mobile App,Confirmed,Paid,Hyderabad,Suite,2,Blue,0.0
BKG302934,CUST100959,HTL200844,2026-02-11,2026-03-17,2026-03-24,15779.53,1704.19,1577.95,15905.77,Mobile App,Completed,Paid,Hyderabad,Deluxe,1,Silver,0.0
BKG302935,CUST101156,HTL200443,2026-02-10,2026-03-22,2026-03-26,52960.02,5401.92,7944.0,50417.94,Website,Completed,Paid,Kolkata,Family Room,4,Blue,0.0
BKG302936,CUST100165,HTL200518,2026-03-30,2026-04-27,2026-05-01,57735.57,6235.44,5773.56,58197.45,Mobile App,Confirmed,Paid,Varanasi,Family Room,4,Silver,0.0
BKG302937,CUST100429,HTL200576,2026-03-18,2026-04-23,2026-04-26,52458.87,5665.56,5245.89,52878.54,mobile app,Cancelled,ReFuNdEd,Hyderabad,Standard,5,Blue,23795.34
BKG302938,CUST100120,HTL200968,2026-02-23,2026-03-02,2026-03-07,50122.26,6014.67,0.0,56136.93,Mobile App,Confirmed,Paid,Jaipur,Standard,2,Blue,0.0
BKG302939,CUST101197,HTL200634,2026-04-07,2026-05-17,2026-05-18,2342.4,252.98,234.24,2361.14,Mobile App,Completed,Partially Paid,Agra,Suite,4,Silver,0.0
BKG302940,CUST100330,HTL200987,2026-04-08,2026-05-21,2026-05-27,59109.34,6738.46,2955.47,62892.33,Website,Confirmed,Paid,Hyderabad,Executive,2,Blue,0.0
BKG302941,CUST101091,HTL200035,2026-02-25,2026-03-25,2026-03-31,113052.75,10853.06,22610.55,101295.26,Partner Desk,Cancelled,Paid,varanasi,Standard,4,Blue,45582.87
BKG302942,CUST101161,HTL200749,2026-04-10,2026-04-12,2026-04-19,48576.23,5246.23,4857.62,48964.84,Mobile App,Cancelled,Refunded,Delhi,Family Room,1,Blue,48964.84
BKG302943,CUST101099,HTL200477,2026-05-25,2026-06-03,2026-06-06,26460.34,2857.72,2646.03,26672.03,Mobile App,Confirmed,Paid,Mumbai,Deluxe,5,Silver,0.0
BKG302944,CUST101174,HTL200072,2026-01-10,2026-01-16,2026-01-21,46217.9,4436.92,9243.58,41411.24,MOBILE APP,Confirmed,Paid,Kolkata,Executive,1,Gold,0.0
BKG302945,CUST100619,HTL200029,2026-02-13,2026-02-14,2026-02-19,35301.41,4236.17,0.0,39537.58,Mobile App,No Show,Refunded,Chennai,Suite,1,Blue,11861.27
BKG302946,CUST100036,HTL200738,2026-05-10,2026-05-13,2026-05-18,25553.64,3066.44,0.0,28620.08,Partner Desk,Completed,Paid,Shimla,Deluxe,3,Blue,0.0
BKG302947,CUST100963,HTL200302,2026-05-22,2026-06-01,2026-06-05,5232.19,565.08,523.22,5274.05,MOBILE APP,completed,Paid,Shimla,Suite,1,Platinum,0.0
BKG302948,CUST100844,HTL200346,2026-05-10,2026-06-16,2026-06-17,12709.8,1448.92,635.49,13523.23,Mobile App,Confirmed,  Paid  ,Chennai,Deluxe,5,Platinum,0.0
BKG302949,CUST101149,HTL200796,2026-01-19,2026-03-04,2026-03-05,13480.85,1536.82,674.04,14343.63,Mobile App,Pending,Paid,HyDeRaBaD,Deluxe,5,Silver,0.0
BKG302950,CUST100796,HTL200510,2026-03-21,2026-04-13,2026-04-20,11553.1,1178.42,1732.96,10998.56,Mobile App,Check-in Denied,Paid,Udaipur,Executive,4,Gold,5499.28
BKG302951,CUST100285,HTL200516,2026-03-30,2026-05-02,2026-05-05,10010.36,1081.12,1001.04,10090.44,mobile app,Confirmed,Paid,Kochi,Suite,1,Gold,0.0
BKG302952,CUST100886,HTL200064,2026-01-01,2026-01-10,2026-01-12,35313.28,4237.59,0.0,39550.87,Mobile App,Completed,Paid,Hyderabad,Standard,2,Blue,0.0
BKG302953,CUST100219,HTL200746,2026-05-10,2026-05-23,2026-05-26,9413.51,1073.14,470.68,10015.97,WeBsItE,No Show,Refund Pending,Goa,Deluxe,3,Blue,5007.98
BKG302954,CUST101030,HTL200626,2026-01-27,2026-02-24,2026-02-25,14475.24,1737.03,0.0,16212.27,Mobile App,Completed,Paid,Mumbai,Deluxe,3,Gold,0.0
BKG302955,CUST100215,HTL200452,2026-01-02,2026-01-09,2026-01-16,77996.17,8423.59,7799.62,78620.14,Website,Completed,Payment Failed,Delhi,Standard,3,Blue,0.0
BKG302956,CUST100680,HTL200830,2026-05-18,2026-06-13,2026-06-17,72507.11,8700.85,0.0,81207.96,WEBSITE,Completed,Paid,Mumbai,Executive,5,Blue,0.0
BKG302957,CUST100292,HTL200757,2026-01-19,2026-02-04,2026-02-07,36607.2,3733.93,5491.08,34850.05,Website,Confirmed,Paid,Agra,Executive,5,Blue,0.0
BKG302958,CUST100042,HTL200860,2026-05-21,2026-06-30,2026-07-07,101845.45,10999.31,10184.54,102660.22,Mobile App,Cancelled,Refunded,Bengaluru,Executive,4,Blue,46197.1
BKG302959,CUST101116,HTL200951,2026-04-24,2026-05-20,2026-05-22,33204.72,3984.57,0.0,37189.29,Website,Completed,Paid,Kochi,Family Room,1,Silver,0.0
BKG302960,CUST100692,HTL200528,2026-02-25,2026-04-05,2026-04-11,111834.88,12749.18,5591.74,118992.32,Website,Completed,Partially Paid,Jaipur,Family Room,5,Silver,0.0
BKG302961,CUST100958,HTL200894,2026-04-05,2026-05-07,2026-05-10,25691.8,2774.71,2569.18,25897.33,Mobile App,Confirmed,Partially Paid,Goa,Executive,3,Silver,0.0
BKG302962,CUST100113,HTL200818,2026-05-29,2026-07-04,2026-07-11,88625.65,10103.32,4431.28,99727.97,Website,Cancelled,Refunded,Agra,Executive,5,Blue,0.0
BKG302963,CUST100920,HTL200368,2026-02-26,2026-04-09,2026-04-14,50639.78,5772.93,2531.99,53880.72,Mobile App,Cancelled,Refunded,Agra,Standard,1,Silver,37716.5
BKG302964,CUST101148,HTL200036,2026-04-12,2026-04-13,2026-04-15,10473.67,1068.31,1571.05,9970.93,Website,Completed,Paid,Pune,Family Room,5,Gold,0.0
BKG302965,CUST101128,HTL200855,2026-03-11,2026-04-01,2026-04-06,45083.0,5139.46,2254.15,47968.31,Mobile App,No Show,Refunded,Kochi,Suite,1,Silver,23984.16
BKG302966,CUST100236,HTL200883,2026-03-23,2026-04-05,2026-04-09,47214.97,5382.51,2360.75,50236.73,Website,Confirmed,Paid,Hyderabad,Executive,4,Gold,0.0
BKG302967,CUST100652,HTL200380,2026-02-18,2026-03-16,2026-03-17,15951.24,1627.03,2392.69,15185.58,Mobile App,Cancelled,Refunded,Agra,Executive,5,Silver,10629.91
BKG302968,CUST100157,HTL200218,2026-04-01,2026-04-10,2026-04-13,35739.86,4074.34,1786.99,38027.21,MOBILE APP,Completed,Paid,Shimla,Executive,1,Silver,0.0
BKG302969,CUST100907,HTL200648,2026-01-05,2026-02-11,2026-02-18,49640.26,5956.83,0.0,55597.09,Mobile App,Confirmed,Paid,Jaipur,Deluxe,1,Blue,0.0
BKG302970,CUST100960,HTL200245,2026-02-26,2026-03-21,2026-03-24,21523.46,2582.81,0.0,24106.27,Mobile App,Confirmed,Paid,Shimla,Family Room,2,Blue,0.0
BKG302971,CUST100852,HTL200549,2026-04-02,2026-04-03,2026-04-08,57200.3,5491.23,11440.06,51251.47,Call Center,Confirmed,Paid,Manali,Suite,4,Gold,0.0
BKG302972,CUST101140,HTL200250,2026-02-05,2026-02-07,2026-02-12,13475.07,1293.61,2695.01,12073.67,Mobile App,Cancelled,Refund Pending,Bengaluru,Deluxe,5,Blue,12073.67
BKG302973,CUST100885,HTL200564,2026-05-18,2026-06-30,2026-07-01,13733.08,1647.97,0.0,15381.05,Mobile App,Cancelled,Refunded,Ahmedabad,Deluxe,2,Blue,6921.47
BKG302974,CUST100059,HTL200908,2026-04-22,2026-05-20,2026-05-27,70235.53,7585.44,7023.55,70797.42,WEBSITE,COMPLETED,Paid,Shimla,Suite,5,Silver,0.0
BKG302975,CUST100400,HTL200345,2026-05-28,2026-07-03,2026-07-06,7977.91,957.35,0.0,8935.26,Mobile App,Confirmed,Paid,Mumbai,Suite,3,Blue,0.0
BKG302976,CUST100827,HTL200820,2026-01-13,2026-02-13,2026-02-20,40674.96,4392.9,4067.5,41000.36,Mobile App,Check-in Denied,Refund Pending,Bengaluru,Suite,3,Silver,0.0
BKG302977,CUST100475,HTL200714,2026-05-02,2026-06-12,2026-06-13,10692.9,1283.15,0.0,11976.05,Mobile App,Confirmed,Paid,Pune,Suite,1,Silver,0.0
BKG302978,CUST100654,HTL200886,2026-04-19,2026-04-24,2026-04-29,73823.65,8858.84,0.0,82682.49,Website,Completed,Partially Paid,Pune,Suite,2,Silver,0.0
BKG302979,CUST100844,HTL200471,2026-05-27,2026-07-03,2026-07-09,74897.46,7639.54,11234.62,71302.38,Partner Desk,Cancelled,Refund Pending,Delhi,Executive,1,Silver,49911.67
BKG302980,CUST100923,HTL200886,2026-04-02,2026-04-27,2026-05-04,109385.16,12469.91,5469.26,116385.81,Website,confirmed,Paid,Pune,Suite,1,Gold,0.0
BKG302981,CUST100637,HTL200992,2026-04-12,2026-04-20,2026-04-25,32520.89,3902.51,0.0,36423.4,  Call Center  ,Completed,PAID,Chennai,Suite,1,Blue,0.0
BKG302982,CUST100648,HTL200560,2026-02-25,2026-03-31,2026-04-02,17028.96,1736.95,2554.34,16211.57,Mobile App,Confirmed,Paid,Manali,Family Room,3,Silver,0.0
BKG302983,CUST100212,HTL200121,2026-02-14,2026-03-25,2026-03-30,52491.02,5669.03,5249.1,52910.95,Call Center,Confirmed,Partially Paid,Pune,Executive,1,Silver,0.0
BKG302984,CUST100989,HTL200325,2026-03-01,2026-04-02,2026-04-07,82101.32,8866.94,8210.13,82758.13,Mobile App,Cancelled,Paid,Kolkata,Deluxe,1,Blue,82758.13
BKG302985,CUST100803,HTL200930,2026-02-23,2026-03-06,2026-03-13,92995.15,9485.51,13949.27,88531.39,Mobile App,Confirmed,Payment Failed,Jaipur,Executive,1,Silver,0.0
BKG302986,CUST100127,HTL200527,2026-02-06,2026-03-03,2026-03-09,58415.23,6659.34,2920.76,62153.81,Mobile App,Completed,Paid,Manali,Standard,1,Silver,0.0
BKG302987,CUST100951,HTL200780,2026-02-06,2026-02-09,2026-02-10,5677.77,681.33,0.0,6359.1,Mobile App,  Confirmed  ,Payment Failed,UDAIPUR,Suite,2,Blue,0.0
BKG302988,CUST100216,HTL200747,2026-01-14,2026-02-15,2026-02-17,7554.36,906.52,0.0,8460.88,Website,Completed,Paid,Udaipur,Deluxe,5,Blue,0.0
BKG302989,,,2026-04-05,2026-05-10,2026-05-12,22696.72,2587.43,1134.84,24149.31,Mobile App,Confirmed,Paid,Mumbai,Standard,2,Platinum,0.0
BKG302990,CUST100019,HTL200138,2026-04-12,2026-05-14,2026-05-17,37537.89,4504.55,0.0,42042.44,Website,Cancelled,Refunded,Pune,Deluxe,4,Blue,29429.71
BKG302991,CUST101083,HTL200086,2026-02-11,2026-03-17,2026-03-23,94728.16,10230.64,9472.82,95485.98,Mobile App,Confirmed,Paid,Jaipur,Executive,2,Blue,0.0
BKG302992,CUST100674,HTL200129,2026-01-01,2026-02-07,2026-02-11,36227.27,4347.27,0.0,40574.54,Mobile App,Cancelled,Refund Pending,PuNe,Standard,4,Silver,18258.54
BKG302993,CUST100713,HTL200251,2026-01-23,2026-01-28,2026-01-31,46988.2,5356.66,2349.41,49995.45,Mobile App,Completed,Paid,Kolkata,Suite,3,Platinum,0.0
BKG302994,CUST100738,HTL200861,2026-01-28,2026-02-25,2026-02-28,50534.16,6064.1,0.0,56598.26,Mobile App,Completed,Paid,Mumbai,Suite,5,Blue,0.0
BKG302995,CUST101152,HTL200786,2026-05-12,2026-06-09,2026-06-12,21929.52,2499.96,1096.48,23333.0,Call Center,No Show,Paid,Kochi,Standard,1,Gold,23333.0
BKG302996,CUST100556,HTL200359,2026-01-18,2026-01-26,2026-01-28,32634.34,3524.51,3263.43,32895.42,Website,Confirmed,Paid,Shimla,Executive,4,Blue,0.0
BKG302997,CUST100196,HTL200812,2026-02-18,2026-03-17,2026-03-18,8819.82,1005.46,440.99,9384.29,Mobile App,Confirmed,Paid,Chennai,Standard,3,Blue,0.0
BKG302998,CUST100935,HTL200429,2026-02-16,2026-03-04,2026-03-11,136287.05,15536.72,6814.35,145009.42,Mobile App,Confirmed,Paid,Manali,Executive,5,Platinum,0.0
BKG302999,CUST100677,HTL200046,2026-04-25,2026-05-13,2026-05-18,89194.24,8562.65,17838.85,79918.04,Mobile App,Completed,Paid,Varanasi,Deluxe,4,Gold,0.0
BKG303000,CUST100503,HTL200944,2026-02-08,2026-03-05,2026-03-07,15791.96,1705.53,1579.2,15918.29,mobile app,Pending,Paid,Bengaluru,Executive,3,Blue,0.0
BKG303001,CUST100737,HTL200590,2026-01-06,2026-01-07,2026-01-12,75858.44,8647.86,3792.92,80713.38,Website,Confirmed,Paid,Jaipur,Standard,1,Blue,0.0
BKG303002,CUST100791,HTL200500,2026-02-22,2026-03-02,2026-03-07,86343.22,9325.07,8634.32,87033.97,Mobile App,Cancelled,Paid,Kochi,Standard,3,Blue,60923.78
BKG303003,CUST100196,HTL200809,2026-01-25,2026-02-15,2026-02-19,16759.85,1810.06,1675.99,16893.92,Mobile App,Completed,Paid,Shimla,Deluxe,3,Silver,0.0
BKG303004,CUST101130,HTL200928,2026-04-09,2026-05-13,2026-05-20,96373.44,11564.81,0.0,107938.25,Website,Confirmed,Paid,Ahmedabad,Standard,1,Blue,0.0
BKG303005,CUST100780,HTL200875,2026-03-06,2026-03-30,2026-04-02,59061.1,7087.33,0.0,66148.43,Mobile App,Check-in Denied,Paid,Pune,Family Room,4,Blue,0.0
BKG303006,CUST100743,HTL200424,2026-05-13,2026-06-19,2026-06-23,38827.8,4193.4,3882.78,39138.42,Website,Pending,PaId,Kochi,Standard,3,Blue,0.0
BKG303007,CUST101183,HTL200374,2026-01-08,2026-02-03,2026-02-06,7923.74,903.31,396.19,8430.86,Website,Check-in Denied,Paid,Pune,Family Room,1,Platinum,8430.86
BKG303008,CUST100421,HTL200964,2026-02-08,2026-02-22,2026-02-24,2639.55,316.75,0.0,2956.3,Mobile App,Completed,Paid,Ahmedabad,Standard,4,Blue,0.0
BKG303009,CUST100431,HTL200853,2026-04-21,2026-05-20,2026-05-25,59760.12,6812.65,2988.01,63584.76,Mobile App,Confirmed,Paid,Jaipur,Standard,1,Blue,0.0
BKG303010,CUST100925,HTL200730,2026-02-12,2026-03-14,2026-03-18,29781.62,3573.79,0.0,33355.41,Website,CoMpLeTeD,Paid,Delhi,Deluxe,2,Blue,0.0
BKG303011,CUST100234,HTL200110,2026-03-23,2026-03-26,2026-04-01,35286.03,3599.18,5292.9,33592.31,Mobile App,Completed,Paid,Goa,Family Room,4,Silver,0.0
BKG303012,CUST100326,HTL200226,2026-05-03,2026-05-10,2026-05-12,15708.5,1885.02,0.0,17593.52,Mobile App,Completed,Paid,Bengaluru,Deluxe,2,Blue,0.0
BKG303013,CUST100933,HTL200786,2026-05-13,2026-06-18,2026-06-20,13423.62,1610.83,0.0,15034.45,Mobile App,Cancelled,Refund Pending,Kochi,Family Room,3,Gold,10524.12
BKG303014,CUST100478,HTL200767,2026-01-04,2026-01-15,2026-01-21,13720.09,1481.77,1372.01,13829.85,Call Center,Cancelled,Refund Pending,Kolkata,Family Room,3,Gold,13829.85
BKG303015,CUST100427,HTL200038,2026-04-18,2026-05-20,2026-05-23,31372.17,3576.43,1568.61,33379.99,Mobile App,Confirmed,PAID,Agra,Suite,3,Platinum,0.0
BKG303016,CUST100665,HTL200134,2026-04-03,2026-04-15,2026-04-20,89822.07,9700.78,8982.21,90540.64,Mobile App,Completed,Paid,  Varanasi  ,Family Room,4,Blue,0.0
BKG303017,CUST101123,HTL200294,2026-05-09,2026-05-24,2026-05-27,10153.81,1157.53,507.69,10803.65,Mobile App,Check-in Denied,Paid,Goa,Deluxe,5,Platinum,5401.82
BKG303018,CUST101130,HTL200609,2026-04-04,2026-05-12,2026-05-15,22009.96,2509.13,1100.5,23418.59,Mobile App,Confirmed,Paid,Hyderabad,Deluxe,4,Blue,0.0
BKG303019,CUST100857,HTL200033,2026-02-25,2026-03-21,2026-03-23,15756.02,1607.11,2363.4,14999.73,Mobile App,Confirmed,Paid,Agra,Executive,4,Silver,0.0
BKG303020,CUST100641,HTL200986,2026-01-03,2026-01-04,2026-01-07,45301.5,5436.18,0.0,50737.68,Mobile App,Confirmed,Paid,Varanasi,Standard,5,Blue,0.0
BKG303021,CUST100810,HTL200427,2026-01-22,2026-02-09,2026-02-10,8246.81,940.14,412.34,8774.61,Mobile App,Confirmed,Paid,Varanasi,Suite,4,Blue,0.0
BKG303022,CUST101066,HTL200964,2026-02-25,2026-03-04,2026-03-10,9609.55,922.52,1921.91,8610.16,Website,Completed,Paid,Ahmedabad,Standard,2,Blue,0.0
BKG303023,CUST100574,HTL200067,2026-01-18,2026-03-01,2026-03-08,111044.16,13325.3,0.0,124369.46,Website,Confirmed,Paid,Bengaluru,Deluxe,5,Silver,0.0
BKG303024,CUST101096,HTL200702,2026-04-26,2026-06-06,2026-06-12,68276.74,7783.55,3413.84,72646.45,Mobile App,Confirmed,Paid,Bengaluru,Suite,5,Blue,0.0
BKG303025,CUST101018,HTL200198,2026-03-25,2026-03-27,2026-04-01,30469.46,3656.34,0.0,34125.8,Website,Completed,Paid,Shimla,Family Room,2,Silver,0.0
BKG303026,CUST101028,HTL200559,2026-01-30,2026-03-11,2026-03-17,26833.23,3219.99,0.0,30053.22,Mobile App,Confirmed,Paid,JAIPUR,Deluxe,5,Silver,0.0
BKG303027,CUST100802,HTL200258,2026-03-21,2026-04-21,2026-04-24,42180.1,5061.61,0.0,47241.71,Website,Confirmed,Paid,Delhi,Deluxe,5,Blue,0.0
BKG303028,CUST100399,HTL200724,2026-03-07,2026-04-09,2026-04-12,45216.13,5425.94,0.0,50642.07,Mobile App,Cancelled,Refunded,  Pune  ,Deluxe,2,Platinum,0.0
BKG303029,CUST100594,HTL200673,2026-01-10,2026-02-09,2026-02-13,8231.91,987.83,0.0,9219.74,Mobile App,Completed,Paid,Pune,Deluxe,1,Blue,0.0
BKG303030,CUST101130,HTL200624,2026-02-28,2026-03-31,2026-04-05,9685.84,1104.19,484.29,10305.74,Mobile App,Confirmed,Paid,Shimla,Suite,1,Blue,0.0
BKG303031,CUST100116,HTL200136,2026-02-20,2026-03-26,2026-03-31,23546.64,2825.6,0.0,26372.24,Mobile App,No Show,Paid,Kolkata,Standard,1,Blue,0.0
BKG303032,CUST100382,HTL200828,2026-05-03,2026-05-10,2026-05-16,60880.57,6575.1,6088.06,61367.61,Website,Confirmed,Paid,Shimla,Standard,2,Silver,0.0
BKG303033,CUST100858,HTL200915,2026-05-17,2026-06-11,2026-06-14,10773.53,1098.9,1616.03,10256.4,Mobile App,Confirmed,Paid,Shimla,Family Room,3,Gold,0.0
BKG303034,CUST100081,HTL200935,2026-02-23,2026-03-11,2026-03-12,13722.81,1564.4,686.14,14601.07,Mobile App,No sHoW,Paid,Pune,Deluxe,4,Silver,4380.32
BKG303035,CUST100831,HTL200380,2026-03-22,2026-04-13,2026-04-17,57309.36,5501.7,11461.87,51349.19,Partner Desk,Confirmed,Paid,Agra,Deluxe,5,Blue,0.0
BKG303036,CUST100872,HTL200523,2026-05-17,2026-06-22,2026-06-23,17017.98,1837.94,1701.8,17154.12,Website,No Show,Paid,Shimla,Standard,2,Gold,0.0
BKG303037,CUST100652,HTL200870,2026-01-09,2026-02-05,2026-02-08,5866.1,633.54,586.61,5913.03,Mobile App,Cancelled,Refund Pending,Goa,Family Room,4,Blue,0.0
BKG303038,CUST100733,HTL200237,2026-04-11,2026-04-28,2026-05-03,66038.22,7924.59,0.0,73962.81,Mobile App,Confirmed,Payment Failed,Pune,Executive,2,Blue,0.0
BKG303039,CUST100069,HTL200283,2026-02-08,2026-02-12,2026-02-17,13083.64,1334.53,1962.55,12455.62,Website,Confirmed,Paid,Ahmedabad,Suite,5,Blue,0.0
BKG303040,CUST100386,HTL200687,2026-05-16,2026-06-20,2026-06-27,49756.38,4776.61,9951.28,44581.71,Mobile App,Confirmed,Paid,Jaipur,Standard,3,Gold,0.0
BKG303041,,HTL200736,2026-04-20,2026-05-31,2026-06-01,1473.66,176.84,0.0,1650.5,Mobile App,Confirmed,Paid,Bengaluru,Suite,2,Blue,0.0
BKG303042,CUST100296,HTL200457,2026-03-07,2026-03-29,2026-04-05,21802.86,2354.71,2180.29,21977.28,Website,No Show,Paid,Mumbai,Standard,4,Silver,0.0
BKG303043,CUST100616,HTL200586,2026-01-10,2026-02-14,2026-02-21,65058.01,7026.26,6505.8,65578.47,Mobile App,Completed,Paid,Mumbai,Family Room,4,Blue,0.0
BKG303044,CUST100718,HTL200134,2026-04-27,2026-06-10,2026-06-12,39535.34,4507.03,1976.77,42065.6,Partner Desk,Confirmed,Paid,Varanasi,Deluxe,5,Silver,0.0
BKG303045,CUST101088,HTL200081,2026-03-24,2026-04-08,2026-04-11,13382.78,1525.64,669.14,14239.28,Mobile App,Completed,Paid,Hyderabad,Executive,1,Blue,0.0
BKG303046,CUST100177,HTL200594,2026-05-19,2026-06-28,2026-07-03,9273.03,1112.76,0.0,10385.79,Website,Confirmed,Paid,Agra,Suite,5,Platinum,0.0
BKG303047,CUST101031,HTL200653,2026-05-14,2026-06-27,2026-07-03,105891.4,12706.97,0.0,118598.37,Mobile App,Confirmed,Paid,Agra,Executive,5,Blue,0.0
BKG303048,CUST101182,HTL200208,2026-03-11,2026-04-01,2026-04-03,10541.1,1264.93,0.0,11806.03,Mobile App,Confirmed,PAID,Chennai,Deluxe,1,Blue,0.0
BKG303049,CUST100010,HTL200726,2026-02-08,2026-02-21,2026-02-26,35352.42,3818.06,3535.24,35635.24,Call Center,Cancelled,Refund Pending,Agra,Standard,3,Blue,16035.86
BKG303050,CUST100784,HTL200402,2026-01-13,2026-01-24,2026-01-30,89129.36,9625.97,8912.94,89842.39,Mobile App,Confirmed,Paid,Ahmedabad,Family Room,2,Gold,0.0
BKG303051,CUST100410,HTL200821,2026-02-28,2026-03-27,2026-04-01,49816.54,5081.29,7472.48,47425.35,Website,Completed,Partially Paid,Mumbai,Deluxe,4,Blue,0.0
BKG303052,CUST100891,HTL200766,2026-03-08,2026-04-08,2026-04-10,28881.45,3119.2,2888.15,29112.5,Mobile App,Confirmed,Paid,Agra,Executive,2,Blue,0.0
BKG303053,CUST100606,HTL200187,2026-02-10,2026-03-26,2026-03-27,12963.09,1555.57,0.0,14518.66,Website,Completed,Paid,Kolkata,Executive,2,Blue,0.0
BKG303054,CUST100154,HTL200492,2026-02-04,2026-03-08,2026-03-11,45674.93,5480.99,0.0,51155.92,Website,Confirmed,Paid,Ahmedabad,Executive,4,Blue,0.0
BKG303055,CUST101138,HTL200758,2026-03-22,2026-04-21,2026-04-28,109121.83,11130.43,16368.27,103883.99,Call Center,Confirmed,Paid,Varanasi,Standard,1,Gold,0.0
BKG303056,CUST100598,HTL200254,2026-02-03,2026-02-21,2026-02-23,15411.29,1756.89,770.56,16397.62,Call Center,Completed,Paid,Varanasi,Executive,4,Platinum,0.0
BKG303057,CUST100823,HTL200322,2026-03-17,2026-04-02,2026-04-04,27177.14,2935.13,2717.71,27394.56,Mobile App,Completed,Paid,HyDeRaBaD,Standard,1,Gold,0.0
BKG303058,CUST100349,HTL200673,2026-03-11,2026-04-15,2026-04-22,13959.04,1675.08,0.0,15634.12,Mobile App,Confirmed,Paid,Pune,Executive,1,Gold,0.0
BKG303059,CUST101121,HTL200856,2026-01-11,2026-01-20,2026-01-25,26048.1,2969.48,1302.4,27715.18,Partner Desk,Cancelled,Refund Pending,Shimla,Suite,5,Blue,12471.83
BKG303060,CUST100942,HTL200424,2026-04-22,2026-05-31,2026-06-06,57966.79,6608.21,2898.34,61676.66,Website,Completed,Paid,Kochi,Suite,3,Gold,0.0
BKG303061,CUST100018,HTL200414,2026-01-27,2026-03-05,2026-03-12,95415.63,11449.88,0.0,106865.51,Mobile App,Cancelled,Refund Pending,Shimla,Deluxe,5,Gold,74805.86
BKG303062,CUST100312,HTL200166,2026-02-17,2026-02-27,2026-03-01,27965.54,2852.48,4194.83,26623.19,Mobile App,Completed,Paid,Mumbai,Deluxe,3,Blue,0.0
BKG303063,CUST100926,HTL200589,2026-01-24,2026-02-05,2026-02-08,18026.27,2055.0,901.31,19179.96,Mobile App,No Show,Paid,Udaipur,Family Room,1,Blue,0.0
BKG303064,CUST100527,HTL200484,2026-01-18,2026-01-26,2026-02-02,97666.37,11133.97,4883.32,103917.02,Website,Completed,PaRtIaLlY PaId,Agra,Executive,5,Silver,0.0
BKG303065,CUST100556,HTL200435,2026-01-27,2026-01-30,2026-02-06,116069.38,11839.08,17410.41,110498.05,Website,Confirmed,Paid,Varanasi,Executive,2,Platinum,0.0
BKG303066,CUST100444,HTL200686,2026-02-23,2026-03-14,2026-03-15,9175.64,1046.02,458.78,9762.88,Mobile App,Cancelled,Refunded,DELHI,Standard,4,Blue,9762.88
BKG303067,CUST100230,HTL200531,2026-02-24,2026-03-07,2026-03-13,88486.11,10618.33,0.0,99104.44,Mobile App,Cancelled,Paid,Hyderabad,Deluxe,4,Platinum,0.0
BKG303068,CUST100624,HTL200607,2026-04-30,2026-05-08,2026-05-09,8665.33,831.87,1733.07,7764.13,Website,Pending,Paid,Kolkata,Suite,4,Blue,0.0
BKG303069,CUST101010,HTL200480,2026-01-21,2026-02-16,2026-02-17,7862.27,943.47,0.0,8805.74,Partner Desk,Confirmed,Paid,Pune,Standard,3,Silver,0.0
BKG303070,CUST100888,HTL200179,2026-04-25,2026-05-18,2026-05-21,19052.16,1943.32,2857.82,18137.66,Mobile App,Completed,Partially Paid,Mumbai,Suite,4,Blue,0.0
BKG303071,CUST100358,HTL200606,2026-04-30,2026-99-99,2026-05-15,29375.18,2996.27,4406.28,27965.17,Partner Desk,Completed,Paid,Shimla,Standard,3,Blue,0.0
BKG303072,CUST100043,HTL200070,2026-02-27,2026-03-17,2026-03-23,64581.26,7749.75,0.0,72331.01,Mobile App,Completed,Paid,Hyderabad,Deluxe,3,Platinum,0.0
BKG303073,CUST100876,HTL200701,2026-02-23,2026-03-07,2026-03-13,67761.05,7724.76,3388.05,72097.76,Website,Pending,Paid,Jaipur,Executive,3,Silver,0.0
BKG303074,CUST101134,HTL200900,2026-05-26,2026-07-04,2026-07-11,42311.2,5077.34,0.0,47388.54,Website,Completed,Paid,pune,Executive,2,Blue,0.0
BKG303075,CUST100222,HTL200440,2026-01-03,2026-01-29,2026-02-01,25919.38,2954.81,1295.97,27578.22,Call Center,Cancelled,Refunded,Chennai,Deluxe,1,Silver,27578.22
BKG303076,CUST100901,HTL200643,2026-05-09,2026-05-20,2026-05-26,109541.96,11830.53,10954.2,110418.29,Website,CONFIRMED,Paid,  Manali  ,Suite,2,Silver,0.0
BKG303077,CUST100270,HTL200138,2026-01-06,2026-01-16,2026-01-18,24148.01,2897.76,0.0,27045.77,Mobile App,CoNfIrMeD,Payment Failed,Pune,Family Room,1,Platinum,0.0
BKG303078,CUST100211,HTL200786,2026-01-19,2026-01-22,2026-01-26,24636.07,2956.33,0.0,27592.4,Partner Desk,Confirmed,Paid,Kochi,Family Room,2,Blue,0.0
BKG303079,CUST100246,HTL200101,2026-03-27,2026-04-03,2026-04-10,31689.31,3612.58,1584.47,33717.42,WEBSITE,Confirmed,Paid,Shimla,Deluxe,3,Silver,0.0
BKG303080,CUST100947,HTL200467,2026-04-25,2026-04-29,2026-05-03,14159.35,1529.21,1415.93,14272.63,Mobile App,Confirmed,Paid,Kochi,Standard,1,Gold,0.0
BKG303081,CUST100820,HTL200282,2026-05-03,2026-06-12,2026-06-16,41002.14,4428.23,4100.21,41330.16,Mobile App,Confirmed,Partially Paid,Hyderabad,Executive,4,Platinum,0.0
BKG303082,CUST100071,HTL200028,2026-05-16,2026-05-24,2026-05-25,8632.28,932.29,863.23,8701.34,Mobile App,Completed,Paid,  Delhi  ,Suite,2,Gold,0.0
BKG303083,CUST100294,HTL200017,2026-03-14,2026-04-21,2026-04-27,103614.1,11190.32,10361.41,104443.01,Website,COMPLETED,Paid,Goa,Family Room,1,Platinum,0.0
BKG303084,CUST100170,HTL200932,2026-02-16,2026-03-01,2026-03-08,22944.05,2340.29,3441.61,21842.73,Mobile App,Cancelled,Refunded,Ahmedabad,Executive,4,Silver,15289.91
BKG303085,CUST100245,HTL200956,2026-03-26,2026-04-07,2026-04-10,15805.4,1896.65,0.0,17702.05,Mobile App,Completed,Paid,Bengaluru,Deluxe,5,Gold,0.0
BKG303086,CUST101164,HTL200755,2026-01-28,2026-03-04,2026-03-10,68329.13,7379.55,6832.91,68875.77,Mobile App,Completed,Partially Paid,Jaipur,Executive,3,Blue,0.0
BKG303087,CUST100616,HTL200686,2026-02-15,2026-03-25,2026-03-28,30337.91,3458.52,1516.9,32279.53,Mobile App,Confirmed,Paid,Delhi,Family Room,2,Silver,0.0
BKG303088,CUST100239,HTL200507,2026-05-12,2026-06-24,2026-06-30,8822.35,846.95,1764.47,7904.83,Mobile App,Cancelled,Refunded,Manali,Suite,2,Blue,3557.17
BKG303089,CUST100310,HTL200600,2026-04-30,2026-06-05,2026-06-12,121694.12,13873.13,6084.71,129482.54,Mobile App,confirmed,Paid,Pune,Standard,5,Blue,0.0
BKG303090,CUST100397,HTL200019,2026-05-16,2026-05-18,2026-05-25,29716.48,2852.78,5943.3,26625.96,Call Center,Pending,Paid,Hyderabad,Standard,1,Silver,0.0
BKG303091,CUST100922,HTL200325,2026-04-26,2026-05-11,2026-05-12,17113.24,1848.23,1711.32,17250.15,Website,Completed,PAID,Kolkata,Executive,2,Blue,0.0
BKG303092,CUST100791,HTL200355,2026-03-02,2026-04-05,2026-04-12,113873.53,12298.34,11387.35,114784.52,Mobile App,Confirmed,  Paid  ,Pune,Standard,2,Blue,0.0
BKG303093,CUST100021,HTL200432,2026-01-17,2026-02-25,2026-02-27,29657.03,3380.9,1482.85,31555.08,Mobile App,Confirmed,Paid,Ahmedabad,Family Room,2,Blue,0.0
BKG303094,CUST101101,HTL200398,2026-02-03,2026-03-01,2026-03-05,73020.59,8324.35,3651.03,77693.91,Mobile App,Confirmed,Paid,pune,Suite,2,Gold,0.0
BKG303095,CUST100812,HTL200017,2026-01-20,2026-01-25,2026-01-29,62607.64,7137.27,3130.38,66614.53,Mobile App,Confirmed,Paid,Goa,Standard,5,Silver,0.0
BKG303096,CUST100903,HTL200549,2026-02-12,2026-03-09,2026-03-15,83239.85,9489.34,4161.99,88567.2,Call Center,Confirmed,Paid,Manali,Standard,3,Gold,0.0
BKG303097,CUST100831,HTL200375,2026-01-10,2026-02-13,2026-02-14,13361.2,1362.84,2004.18,12719.86,Mobile App,Completed,PAID,Ahmedabad,Deluxe,2,Blue,0.0
BKG303098,CUST101044,HTL200600,2026-04-04,2026-04-08,2026-04-12,73235.52,7470.02,10985.33,69720.21,Mobile App,Confirmed,Paid,Pune,Standard,5,Blue,0.0
BKG303099,CUST100506,HTL200339,2026-04-25,2026-05-29,2026-06-04,97753.72,9970.88,14663.06,93061.54,website,Completed,Paid,Chennai,Standard,4,Silver,0.0
BKG303100,CUST100159,HTL200149,2026-05-07,2026-06-03,2026-06-10,104262.48,11885.92,5213.12,110935.28,Mobile App,Cancelled,Refunded,Delhi,Family Room,2,Gold,49920.88
BKG303101,CUST100743,HTL200715,2026-04-20,2026-06-01,2026-06-06,31590.58,3790.87,0.0,35381.45,Mobile App,Completed,PaId,Varanasi,Standard,1,Blue,0.0
BKG303102,CUST100812,HTL200232,2026-04-17,2026-05-16,2026-05-22,37724.11,4074.2,3772.41,38025.9,Mobile App,Confirmed,Paid,mumbai,Deluxe,5,Blue,0.0
BKG303103,CUST100179,HTL200103,2026-04-15,2026-04-20,2026-04-23,24436.05,2785.71,1221.8,25999.96,Mobile App,Confirmed,Paid,Kochi,Deluxe,1,Silver,0.0
BKG303104,CUST100212,HTL200955,2026-03-12,2026-03-30,2026-04-03,63945.0,6522.39,9591.75,60875.64,Mobile App,Confirmed,Partially Paid,Manali,Deluxe,3,Gold,0.0
BKG303105,CUST100529,HTL200622,2026-03-25,2026-03-29,2026-04-02,52806.85,5386.3,7921.03,50272.12,Partner Desk,Cancelled,refunded,Udaipur,Standard,4,Silver,50272.12
BKG303106,CUST100026,HTL200736,2026-01-03,2026-01-04,2026-01-09,9281.43,1113.77,0.0,10395.2,Website,Completed,Paid,Bengaluru,Executive,1,Blue,0.0
BKG303107,CUST100938,HTL200220,2026-02-15,2026-03-07,2026-03-14,37282.28,4026.49,3728.23,37580.54,Partner Desk,CoMpLeTeD,Paid,Bengaluru,Executive,2,Silver,0.0
BKG303108,CUST100869,HTL200961,2026-01-26,2026-02-01,2026-02-03,34411.64,3716.46,3441.16,34686.94,Website,Confirmed,Paid,Pune,Family Room,5,Platinum,0.0
BKG303109,CUST100437,HTL200025,2026-05-18,2026-06-07,2026-06-13,73504.08,7938.44,7350.41,74092.11,Website,Confirmed,Paid,Kochi,Executive,4,Silver,0.0
BKG303110,CUST100284,HTL200063,2026-01-08,2026-01-28,2026-01-30,29092.18,3316.51,1454.61,30954.08,Mobile App,Cancelled,Refunded,Kochi,Family Room,5,Blue,30954.08
BKG303111,CUST100660,HTL200253,2026-02-24,2026-03-23,2026-03-29,90247.6,10829.71,0.0,101077.31,Mobile App,Completed,Paid,Delhi,Family Room,4,Blue,0.0
BKG303112,,HTL200248,2026-04-01,2026-04-27,2026-05-02,45631.02,5475.72,0.0,51106.74,Mobile App,PENDING,Paid,Delhi,Deluxe,1,Platinum,0.0
BKG303113,CUST100188,HTL200735,2026-05-18,2026-06-19,2026-06-21,20899.49,2257.14,2089.95,21066.68,Mobile App,Pending,Paid,GoA,Suite,3,Gold,0.0
BKG303114,CUST101125,HTL200825,2026-04-24,2026-05-04,2026-05-05,11653.96,1398.48,0.0,13052.44,Website,Cancelled,PAID,Hyderabad,Family Room,5,Blue,9136.71
BKG303115,CUST100478,HTL200130,2026-03-20,2026-04-07,2026-04-12,41455.14,4228.42,6218.27,39465.29,Website,Confirmed,Paid,Agra,Standard,2,Blue,0.0
BKG303116,CUST100602,HTL200029,2026-04-11,2026-05-22,2026-05-29,43307.82,4937.09,2165.39,46079.52,Mobile App,Confirmed,Paid,Chennai,Deluxe,5,Gold,0.0
BKG303117,CUST101014,HTL200786,2026-03-27,2026-04-08,2026-04-14,39189.67,3762.21,7837.93,35113.95,Mobile App,Confirmed,Paid,Kochi,Standard,3,Platinum,0.0
BKG303118,CUST100516,HTL200009,2026-02-14,2026-02-24,2026-02-27,16131.19,1548.59,3226.24,14453.54,Mobile App,Pending,PARTIALLY PAID,Goa,Standard,1,Silver,0.0
BKG303119,CUST100915,HTL200088,2026-02-19,2026-03-15,2026-03-22,100715.28,10877.25,10071.53,101521.0,Website,CoNfIrMeD,Payment Failed,Jaipur,Executive,2,Blue,0.0
BKG303120,CUST100229,HTL200429,2026-03-05,2026-03-29,2026-04-05,132030.87,15051.52,6601.54,140480.85,CaLl cEnTeR,Cancelled,Paid,Manali,Standard,2,Blue,63216.38
BKG303121,CUST100868,HTL200146,2026-04-05,2026-05-13,2026-05-16,56274.22,6415.26,2813.71,59875.77,Website,Check-in Denied,Refund Pending,mumbai,Family Room,1,Gold,59875.77
BKG303122,CUST101137,HTL200126,2026-01-02,2026-01-27,2026-01-30,28453.06,3414.37,0.0,31867.43,Website,Cancelled,Refunded,Hyderabad,Standard,5,Silver,14340.34
BKG303123,CUST100758,HTL200697,2026-04-05,2026-04-13,2026-04-19,44126.59,5295.19,0.0,49421.78,Mobile App,Completed,Paid,Pune,Standard,2,Silver,0.0
BKG303124,CUST100033,HTL200123,2026-03-03,2026-03-17,2026-03-24,96815.71,10456.1,9681.57,97590.24,Mobile App,Confirmed,Paid,udaipur,Executive,5,Blue,0.0
BKG303125,CUST100295,HTL200618,2026-05-22,2026-07-04,2026-07-08,43595.18,4446.71,6539.28,41502.61,Website,Confirmed,Partially Paid,DELHI,Standard,5,Blue,0.0
BKG303126,CUST100452,HTL200340,2026-03-15,2026-04-15,2026-04-20,20558.77,2467.05,0.0,23025.82,Mobile App,Completed,Paid,Manali,Family Room,1,Blue,0.0
BKG303127,CUST101150,HTL200517,2026-04-10,2026-05-04,2026-05-09,7424.15,846.35,371.21,7899.29,Mobile App,Check-in Denied,Paid,Manali,Family Room,3,Gold,2369.79
BKG303128,CUST100141,HTL200050,2026-04-21,2026-05-07,2026-05-09,22988.94,2482.81,2298.89,23172.86,Website,No Show,Refunded,Jaipur,Standard,3,Blue,6951.86
BKG303129,CUST100647,HTL200397,2026-04-14,2026-05-04,2026-05-09,74180.86,7566.45,11127.13,70620.18,Partner Desk,Confirmed,Paid,Varanasi,Family Room,5,Gold,0.0
BKG303130,CUST100127,HTL200313,2026-01-15,2026-02-22,2026-03-01,69894.46,8387.34,0.0,78281.8,Mobile App,Confirmed,Paid,Bengaluru,Family Room,1,Gold,0.0
BKG303131,CUST100834,HTL200647,2026-01-14,2026-01-29,2026-02-03,20048.36,2405.8,0.0,22454.16,Call Center,Completed,Paid,Kochi,Executive,3,Silver,0.0
BKG303132,CUST100924,HTL200513,2026-01-27,2026-02-10,2026-02-17,53804.65,5488.07,8070.7,51222.02,Mobile App,Completed,Partially Paid,Pune,Deluxe,5,Blue,0.0
BKG303133,CUST100729,HTL200501,2026-03-26,2026-04-07,2026-04-09,18010.93,2161.31,0.0,20172.24,Mobile App,Confirmed,Paid,Goa,Deluxe,2,Blue,0.0
BKG303134,CUST100462,HTL200529,2026-01-09,2026-02-12,2026-02-17,12828.26,1385.45,1282.83,12930.88,Mobile App,Completed,PaId,Pune,Suite,2,Blue,0.0
BKG303135,CUST100563,HTL200760,2026-01-20,2026-01-28,2026-02-02,37752.93,4077.32,3775.29,38054.96,Website,Check-In Denied,Refund Pending,Pune,Deluxe,4,Blue,19027.48
BKG303136,CUST100513,HTL200981,2026-03-20,2026-04-08,2026-04-09,4770.11,543.79,238.51,5075.39,Mobile App,Check-in Denied,Paid,Delhi,Standard,4,Silver,1522.62
BKG303137,CUST100000,HTL200696,2026-02-26,2026-03-03,2026-03-09,40207.47,4583.65,2010.37,45790.12,Website,Completed,  Paid  ,Ahmedabad,Family Room,4,Gold,0.0
BKG303138,CUST101078,HTL200733,2026-05-24,2026-06-20,2026-06-22,29824.67,3042.12,4473.7,28393.09,Mobile App,  Completed  ,Paid,Shimla,Deluxe,3,Silver,0.0
BKG303139,CUST100337,HTL200739,2026-04-10,2026-05-21,2026-05-22,10665.49,1279.86,0.0,11945.35,Mobile App,Confirmed,Paid,Pune,Executive,2,Gold,0.0
BKG303140,CUST100907,HTL200859,2026-03-16,2026-03-29,2026-04-02,40794.69,4895.36,0.0,45690.05,Mobile App,Cancelled,Refund Pending,Bengaluru,Suite,2,Blue,45690.05
BKG303141,CUST100817,HTL200418,2026-05-16,2026-06-17,2026-06-19,7790.69,888.14,389.53,8289.3,Mobile App,Confirmed,Payment Failed,Goa,Standard,3,Silver,0.0
BKG303142,CUST101033,HTL200193,2026-03-08,2026-04-08,2026-04-15,30386.85,3464.1,1519.34,32331.61,Mobile App,Confirmed,Paid,Udaipur,Deluxe,2,Blue,0.0
BKG303143,CUST101127,HTL200311,2026-01-19,2026-03-01,2026-03-07,36291.58,3919.49,3629.16,36581.91,Mobile App,confirmed,Partially Paid,Kolkata,Family Room,2,Platinum,0.0
BKG303144,CUST100344,HTL200995,2026-04-15,2026-05-22,2026-05-27,88726.22,8517.72,17745.24,79498.7,Website,Completed,Paid,Udaipur,Executive,5,Blue,0.0
BKG303145,CUST100976,HTL200721,2026-01-11,2026-99-99,2026-01-20,117685.89,12003.96,17652.88,112036.97,Website,Cancelled,Paid,  Delhi  ,Deluxe,2,Silver,78425.88
BKG303146,CUST100882,HTL200298,2026-02-20,2026-02-27,2026-03-04,39782.17,4773.86,0.0,44556.03,Mobile App,Pending,Paid,varanasi,Family Room,5,Blue,0.0
BKG303147,CUST100197,HTL200328,2026-05-06,2026-05-17,2026-05-18,11607.77,1323.29,580.39,12350.67,Mobile App,CoMpLeTeD,Paid,Kochi,Deluxe,4,Blue,0.0
BKG303148,CUST101037,HTL200475,2026-03-21,2026-04-01,2026-04-02,6741.73,809.01,0.0,7550.74,Mobile App,Cancelled,Refunded,bengaluru,Standard,1,Silver,7550.74
BKG303149,CUST100871,HTL200583,2026-02-23,2026-03-18,2026-03-22,28297.65,2716.57,5659.53,25354.69,Mobile App,Confirmed,Paid,Bengaluru,Suite,5,Platinum,0.0
BKG303150,CUST100541,HTL200116,2026-01-17,2026-02-17,2026-02-21,32335.49,3686.25,1616.77,34404.97,Website,Completed,Paid,Mumbai,Family Room,2,Blue,0.0
BKG303151,CUST100456,HTL200263,2026-01-24,2026-03-09,2026-03-15,24516.85,2794.92,1225.84,26085.93,Mobile App,Cancelled,ReFuNdEd,PUNE,Suite,4,Gold,0.0
BKG303152,CUST100749,HTL200516,2026-05-25,2026-06-02,2026-06-07,19342.44,1972.93,2901.37,22314.37,Partner Desk,Completed,Paid,Kochi,Suite,1,Blue,0.0
BKG303153,CUST100365,HTL200780,2026-02-17,2026-03-21,2026-03-28,49192.36,5607.93,2459.62,52340.67,Call Center,Confirmed,Paid,  Udaipur  ,Executive,1,Blue,0.0
BKG303154,CUST100400,HTL200518,2026-03-25,2026-04-15,2026-04-18,46403.83,5568.46,0.0,51972.29,Mobile App,Cancelled,Refund Pending,Varanasi,Family Room,4,Silver,36380.6
BKG303155,CUST100573,HTL200020,2026-01-07,2026-02-07,2026-02-14,97432.85,11107.34,4871.64,103668.55,Website,Confirmed,Paid,Ahmedabad,Executive,4,Blue,0.0
BKG303156,CUST100481,HTL200476,2026-05-22,2026-05-23,2026-05-27,62110.27,6707.91,6211.03,62607.15,Mobile App,Confirmed,paid,Goa,Suite,1,Silver,0.0
BKG303157,CUST100109,HTL200548,2026-01-11,2026-01-24,2026-01-29,80093.19,8650.06,8009.32,80733.93,Mobile App,Completed,Paid,Agra,Standard,1,Blue,0.0
BKG303158,CUST101018,HTL200172,2026-01-12,2026-01-23,2026-01-30,101436.77,10955.17,10143.68,102248.26,Call Center,Confirmed,Paid,Manali,Standard,2,Blue,0.0
BKG303159,CUST100405,HTL200947,2026-04-20,2026-05-19,2026-05-26,92534.97,11104.2,0.0,103639.17,Website,Completed,Paid,Pune,Deluxe,5,Blue,0.0
BKG303160,CUST100308,HTL200943,2026-05-13,2026-05-17,2026-05-21,23252.45,2650.78,1162.62,24740.61,Mobile App,Completed,Paid,Manali,Deluxe,5,Gold,0.0
BKG303161,CUST100159,HTL200061,2026-05-13,2026-06-18,2026-06-25,64853.17,7004.14,6485.32,65371.99,Website,Confirmed,  Paid  ,Jaipur,Family Room,1,Gold,0.0
BKG303162,CUST100843,HTL200205,2026-05-08,2026-05-23,2026-05-30,94035.45,9591.62,14105.32,89521.75,Website,Pending,Paid,Agra,Standard,1,Silver,0.0
BKG303163,CUST100054,HTL200612,2026-05-28,2026-05-31,2026-06-02,19458.24,2334.99,0.0,21793.23,Website,Cancelled,Refund Pending,Manali,Suite,3,Silver,9806.95
BKG303164,CUST100760,HTL200630,2026-02-23,2026-03-24,2026-03-25,2563.35,307.6,0.0,2870.95,Mobile App,CONFIRMED,Paid,Varanasi,Standard,1,Gold,0.0
BKG303165,CUST100255,HTL200178,2026-02-24,2026-03-17,2026-03-22,89327.75,9647.4,8932.78,90042.37,Website,Cancelled,Refund Pending,Bengaluru,Family Room,5,Blue,40519.07
BKG303166,CUST100533,HTL200643,2026-03-20,2026-03-22,2026-03-29,100881.64,10895.22,10088.16,101688.7,Website,Confirmed,Paid,Manali,Deluxe,2,Blue,0.0
BKG303167,CUST100421,HTL200887,2026-03-31,2026-04-06,2026-04-10,23870.13,2864.42,0.0,26734.55,Mobile App,Cancelled,Paid,Hyderabad,Deluxe,3,Blue,18714.18
BKG303168,CUST100945,HTL200341,2026-04-07,2026-05-08,2026-05-09,15603.21,1685.15,1560.32,15728.04,Mobile App,Cancelled,Refunded,Ahmedabad,Executive,5,Platinum,15728.04
BKG303169,CUST100961,HTL200439,2026-05-07,2026-05-31,2026-06-07,15296.11,1468.43,3059.22,13705.32,Mobile App,Confirmed,Payment Failed,Jaipur,Deluxe,2,Silver,0.0
BKG303170,CUST100812,HTL200074,2026-01-30,2026-03-11,2026-03-18,30135.39,3254.62,3013.54,30376.47,Mobile App,Completed,Payment Failed,Pune,Suite,3,Platinum,0.0
BKG303171,CUST100886,HTL200289,2026-01-24,2026-02-10,2026-02-13,48517.7,5531.02,2425.89,51622.83,Mobile App,No Show,Paid,Bengaluru,Family Room,3,Silver,51622.83
BKG303172,CUST100263,HTL200556,2026-05-11,2026-05-16,2026-05-20,35229.65,3593.42,5284.45,33538.62,Website,Confirmed,Paid,Ahmedabad,Deluxe,3,Silver,0.0
BKG303173,CUST100747,HTL200143,2026-05-02,2026-05-04,2026-05-09,10482.27,1257.87,0.0,11740.14,Website,Confirmed,Payment Failed,AHMEDABAD,Deluxe,3,Blue,0.0
BKG303174,CUST100832,HTL200648,2026-04-10,2026-04-22,2026-04-24,11160.74,1272.32,558.04,11875.02,Mobile App,Confirmed,Paid,Jaipur,Suite,3,Blue,0.0
BKG303175,CUST100232,HTL200207,2026-03-12,2026-03-17,2026-03-18,3702.58,422.09,185.13,3939.54,Website,Confirmed,Partially Paid,Delhi,Deluxe,3,Silver,0.0
BKG303176,CUST100679,HTL200742,2026-05-30,2026-07-11,2026-07-12,12815.11,1460.92,640.76,13635.27,Website,Confirmed,Payment Failed,Goa,Suite,4,Silver,0.0
BKG303177,CUST100232,HTL200271,2026-01-14,2026-02-24,2026-02-26,20358.16,1954.38,4071.63,18240.91,Mobile App,Confirmed,Paid,Hyderabad,Deluxe,2,Gold,0.0
BKG303178,CUST101068,HTL200606,2026-02-17,2026-03-09,2026-03-14,35481.3,4044.87,1774.07,37752.1,Mobile App,Confirmed,Partially Paid,Shimla,Suite,5,Blue,0.0
BKG303179,CUST100557,HTL200414,2026-01-29,2026-02-06,2026-02-12,76120.82,9134.5,0.0,85255.32,Mobile App,Confirmed,Paid,Shimla,Deluxe,1,Gold,0.0
BKG303180,CUST100912,HTL200396,2026-02-19,2026-02-20,2026-02-23,26905.41,2744.35,4035.81,25613.95,MoBiLe aPp,Completed,Paid,Ahmedabad,Family Room,5,Blue,0.0
BKG303181,CUST100680,HTL200383,2026-05-18,2026-05-24,2026-05-30,41584.0,4990.08,0.0,46574.08,Mobile App,Pending,Payment Failed,Udaipur,Executive,4,Blue,0.0
BKG303182,CUST100334,HTL200260,2026-01-27,2026-02-07,2026-02-14,21642.35,2467.23,1082.12,23027.46,Mobile App,No Show,Refund Pending,Varanasi,Executive,4,Silver,11513.73
BKG303183,CUST100403,HTL200890,2026-03-20,2026-03-23,2026-03-25,27164.97,2933.82,2716.5,27382.29,Website,confirmed,Paid,Varanasi,Standard,3,Platinum,0.0
BKG303184,CUST101187,HTL200638,2026-04-06,2026-05-07,2026-05-10,14492.2,1391.25,2898.44,12985.01,Mobile App,Cancelled,Refunded,Hyderabad,Executive,4,Platinum,9089.51
BKG303185,CUST100255,HTL200942,2026-05-17,2026-06-14,2026-06-19,14785.98,1596.89,1478.6,14904.27,Mobile App,Check-in Denied,Refund Pending,Delhi,Suite,5,Blue,14904.27
BKG303186,CUST101089,HTL200166,2026-03-12,2026-04-24,2026-04-28,45487.0,5185.52,2274.35,48398.17,Call Center,No Show,Refunded,Mumbai,Suite,4,Gold,14519.45
BKG303187,CUST101019,HTL200017,2026-03-21,2026-03-26,2026-03-30,71477.49,7719.57,7147.75,72049.31,Website,No Show,Paid,Goa,Executive,5,Silver,0.0
BKG303188,CUST100940,HTL200659,2026-03-22,2026-04-17,2026-04-23,63416.02,6087.94,12683.2,56820.76,Website,Cancelled,Paid,Mumbai,Suite,3,Silver,39774.53
BKG303189,CUST100771,HTL200246,2026-03-28,2026-04-13,2026-04-18,25304.35,2581.04,3795.65,24089.74,Mobile App,Confirmed,Paid,Ahmedabad,Family Room,3,Silver,0.0
BKG303190,CUST100945,HTL200641,2026-01-08,2026-02-08,2026-02-11,43354.84,5202.58,0.0,48557.42,Website,Confirmed,Paid,Shimla,Suite,4,Silver,0.0
BKG303191,CUST101111,HTL200295,2026-01-02,2026-01-30,2026-02-05,22989.89,2344.97,3448.48,21886.38,Mobile App,Completed,Paid,Bengaluru,Family Room,1,Gold,0.0
BKG303192,CUST100310,HTL200413,2026-05-03,2026-05-10,2026-05-12,9524.12,971.46,1428.62,9066.96,Website,Confirmed,Paid,Kochi,Family Room,3,Silver,0.0
BKG303193,CUST100681,HTL200777,2026-05-01,2026-06-08,2026-06-14,10453.91,1129.02,1045.39,10537.54,Mobile App,Pending,Paid,Delhi,Family Room,2,Blue,0.0
BKG303194,CUST100128,HTL200319,2026-04-06,2026-04-15,2026-04-20,70204.93,7582.13,7020.49,70766.57,Mobile App,Confirmed,Paid,Ahmedabad,Deluxe,2,Platinum,0.0
BKG303195,CUST100780,HTL200553,2026-04-03,2026-05-12,2026-05-19,97666.21,11133.95,4883.31,103916.85,Call Center,Check-in Denied,Refund Pending,Udaipur,Standard,3,Blue,51958.42
BKG303196,CUST100325,HTL200714,2026-01-03,2026-02-07,2026-02-12,56530.24,6105.27,5653.02,56982.49,Mobile App,Cancelled,Refund Pending,Pune,Suite,4,Platinum,25642.12
BKG303197,CUST100789,HTL200692,2026-05-16,2026-06-28,2026-07-02,60332.45,6515.9,6033.24,60815.11,Mobile App,Completed,Paid,Delhi,Deluxe,3,Blue,0.0
BKG303198,CUST100016,HTL200860,2026-01-02,2026-01-29,2026-01-31,30370.0,3644.4,0.0,34014.4,Mobile App,Confirmed,Paid,Bengaluru,Standard,4,Gold,0.0
BKG303199,CUST100698,HTL200180,2026-04-25,2026-05-07,2026-05-11,20836.67,2500.4,0.0,23337.07,Mobile App,Confirmed,Paid,Udaipur,Deluxe,5,Silver,0.0
BKG303200,CUST101008,HTL200295,2026-02-18,2026-03-15,2026-03-18,12852.71,1542.33,0.0,14395.04,Mobile App,Completed,Partially Paid,Bengaluru,Suite,1,Blue,0.0
BKG303201,CUST100341,HTL200655,2026-04-11,2026-05-24,2026-05-27,15328.99,1563.56,2299.35,14593.2,Website,Cancelled,Refunded,Udaipur,Family Room,1,Platinum,0.0
BKG303202,CUST101002,HTL200943,2026-05-28,2026-06-26,2026-06-27,5215.95,563.32,521.59,5257.68,Mobile App,Pending,Paid,Manali,Deluxe,5,Silver,0.0
BKG303203,CUST100837,HTL200892,2026-01-29,2026-03-01,2026-03-06,61634.53,7026.34,3081.73,65579.14,Mobile App,Confirmed,Paid,Pune,Standard,5,Gold,0.0
BKG303204,CUST100627,HTL200060,2026-05-25,2026-06-28,2026-06-30,16991.4,1733.12,2548.71,16175.81,Website,Confirmed,Paid,Kochi,Standard,5,Gold,0.0
BKG303205,CUST100770,HTL200987,2026-03-15,2026-04-17,2026-04-19,20787.61,2245.06,2078.76,20953.91,Website,Confirmed,Paid,Hyderabad,Standard,1,Blue,0.0
BKG303206,CUST100877,HTL200208,2026-04-15,2026-05-12,2026-05-16,20081.72,2048.34,3012.26,19117.8,Call Center,CONFIRMED,Paid,Chennai,Deluxe,3,Blue,0.0
BKG303207,CUST100709,HTL200165,2026-05-30,2026-06-01,2026-06-07,33127.82,3975.34,0.0,37103.16,Mobile App,Cancelled,Refund Pending,Udaipur,Standard,2,Silver,37103.16
BKG303208,CUST100848,HTL200881,2026-01-06,2026-01-20,2026-01-26,100829.01,11494.51,5041.45,107282.07,Mobile App,Confirmed,Paid,Jaipur,Executive,4,Platinum,0.0
BKG303209,CUST100738,HTL200299,2026-03-03,2026-03-16,2026-03-20,59865.91,6465.52,5986.59,60344.84,Mobile App,Completed,Paid,Kolkata,Standard,2,Blue,0.0
BKG303210,CUST100176,HTL200654,2026-01-31,2026-02-24,2026-03-03,112398.01,13487.76,0.0,125885.77,website,Completed,Paid,Pune,Standard,4,Blue,0.0
BKG303211,CUST100945,HTL200350,2026-04-29,2026-05-04,2026-05-10,83707.01,9542.6,4185.35,89064.26,Mobile App,CONFIRMED,Partially Paid,Manali,Deluxe,1,Silver,0.0
BKG303212,CUST100356,HTL200060,2026-01-12,2026-02-15,2026-02-17,15952.59,1818.6,797.63,16973.56,Website,Completed,Partially Paid,Kochi,Suite,3,Silver,0.0
BKG303213,CUST100494,HTL200262,2026-01-12,2026-02-04,2026-02-08,27207.25,2775.14,4081.09,25901.3,Call Center,Completed,Paid,Hyderabad,Deluxe,2,Blue,0.0
BKG303214,CUST100034,HTL200123,2026-05-24,2026-06-12,2026-06-18,95977.99,10941.49,4798.9,102120.58,Mobile App,Confirmed,Paid,Udaipur,Deluxe,5,Platinum,0.0
BKG303215,CUST100817,HTL200237,2026-01-25,2026-02-24,2026-02-25,10643.73,1213.39,532.19,11324.93,Mobile App,Cancelled,Refunded,Pune,Executive,5,Blue,5096.22
BKG303216,CUST100009,HTL200541,2026-05-30,2026-07-12,2026-07-17,38373.97,4374.63,1918.7,40829.9,Mobile App,CONFIRMED,Paid,Bengaluru,Suite,5,Blue,0.0
BKG303217,CUST100985,HTL200931,2026-04-01,2026-04-17,2026-04-18,19945.1,2393.41,0.0,22338.51,Mobile App,Completed,PAID,Hyderabad,Deluxe,2,Silver,0.0
BKG303218,CUST100530,HTL200766,2026-03-29,2026-05-08,2026-05-14,76148.36,7310.24,15229.67,68228.93,Website,Check-in Denied,Refund Pending,Agra,Executive,3,Blue,34114.46
BKG303219,CUST100094,HTL200880,2026-03-17,2026-04-20,2026-04-23,27032.68,3081.73,1351.63,28762.78,Mobile App,Cancelled,Refund Pending,Ahmedabad,Deluxe,3,Blue,12943.25
BKG303220,CUST100575,HTL200089,2026-01-18,2026-01-29,2026-01-31,33777.1,3647.93,3377.71,34047.32,mobile app,Completed,Paid,CHENNAI,Executive,5,Platinum,0.0
BKG303221,CUST100449,HTL200138,2026-02-14,2026-02-28,2026-03-01,11573.23,1388.79,0.0,12962.02,Mobile App,  Cancelled  ,Refund Pending,Pune,Family Room,2,Blue,0.0
BKG303222,CUST101017,HTL200890,2026-04-21,2026-05-06,2026-05-07,13749.39,1567.43,687.47,14629.35,Mobile App,cancelled,Refunded,VARANASI,Standard,5,Blue,14629.35
BKG303223,CUST100095,HTL200965,2026-03-21,2026-04-25,2026-04-29,80454.07,8206.32,12068.11,76592.28,Mobile App,Confirmed,Paid,ChEnNaI,Standard,4,Gold,0.0
BKG303224,CUST100864,HTL200361,2026-03-09,2026-03-16,2026-03-20,49829.91,4783.67,9965.98,44647.6,Mobile App,Cancelled,Refunded,Goa,Deluxe,4,Blue,44647.6
BKG303225,CUST100668,HTL200412,2026-05-20,2026-06-18,2026-06-22,27197.39,3100.5,1359.87,28938.02,Mobile App,Completed,Paid,Jaipur,Executive,2,Gold,0.0
BKG303226,CUST100206,HTL200859,2026-01-18,2026-03-03,2026-03-09,53195.09,6383.41,0.0,59578.5,Mobile App,Cancelled,Refund Pending,Bengaluru,Family Room,4,Blue,26810.32
BKG303227,CUST100849,HTL200718,2026-02-23,2026-03-17,2026-03-24,34039.39,3880.49,1701.97,36217.91,Website,Confirmed,Paid,Hyderabad,Standard,1,Blue,0.0
BKG303228,CUST100245,HTL200092,2026-04-22,2026-05-15,2026-05-22,53622.28,6112.94,2681.11,57054.11,Call Center,Check-in Denied,Paid,Varanasi,Deluxe,1,Blue,0.0
BKG303229,CUST100883,HTL200133,2026-04-07,2026-05-01,2026-05-04,36972.38,3993.02,3697.24,37268.16,Partner Desk,Completed,Paid,Kolkata,Deluxe,1,Gold,0.0
BKG303230,CUST100082,HTL200879,2026-01-27,2026-03-03,2026-03-04,7372.56,840.47,368.63,7844.4,Mobile App,Confirmed,paid,Bengaluru,Executive,4,Silver,0.0
BKG303231,CUST100316,HTL200203,2026-03-19,2026-03-29,2026-04-03,23325.02,2519.1,2332.5,23511.62,WEBSITE,Completed,  Paid  ,Delhi,Suite,3,Blue,0.0
BKG303232,CUST100644,HTL200818,2026-03-29,2026-04-06,2026-04-10,52258.0,5643.86,5225.8,52676.06,Mobile App,Confirmed,Paid,Agra,Deluxe,1,Silver,0.0
BKG303233,CUST101128,HTL200847,2026-02-23,2026-03-07,2026-03-10,9756.66,1170.8,0.0,10927.46,mobile app,Confirmed,Paid,Mumbai,Family Room,5,Silver,0.0
BKG303234,CUST100369,HTL200621,2026-03-28,2026-04-26,2026-05-02,67326.32,6867.28,10098.95,64094.65,Mobile App,Confirmed,Paid,Chennai,Family Room,3,Silver,0.0
BKG303235,CUST100748,HTL200037,2026-01-05,2026-02-03,2026-02-06,31401.93,3203.0,4710.29,29894.64,Mobile App,CoNfIrMeD,Paid,Kolkata,Suite,2,Platinum,0.0
BKG303236,CUST100629,HTL200456,2026-05-03,2026-05-26,2026-05-30,12401.42,1339.35,1240.14,12500.63,Website,Completed,Partially Paid,Mumbai,Family Room,4,Gold,0.0
BKG303237,CUST100179,HTL200533,2026-02-23,2026-03-21,2026-03-23,5371.28,515.64,1074.26,4812.66,Mobile App,Completed,Paid,Agra,Executive,5,Gold,0.0
BKG303238,CUST100601,HTL200736,2026-02-08,2026-03-17,2026-03-18,1759.02,179.42,263.85,1674.59,Mobile App,Confirmed,Paid,Bengaluru,Deluxe,2,Blue,0.0
BKG303239,CUST100599,HTL200857,2026-04-19,2026-05-21,2026-05-25,27898.91,3013.08,2789.89,28122.1,Mobile App,COMPLETED,Paid,Chennai,Executive,4,Silver,0.0
BKG303240,CUST101106,HTL200437,2026-05-12,2026-06-19,2026-06-24,75577.6,7708.92,11336.64,71949.88,Website,Confirmed,Partially Paid,Goa,Suite,4,Blue,0.0
BKG303241,CUST100840,HTL200679,2026-03-15,2026-03-21,2026-03-22,9490.11,1024.93,949.01,9566.03,Mobile App,Confirmed,Paid,PUNE,Suite,5,Blue,0.0
BKG303242,CUST100347,HTL200646,2026-03-06,2026-03-14,2026-03-17,32766.73,3735.41,1638.34,34863.8,Mobile App,Confirmed,Paid,Manali,Executive,4,Silver,0.0
BKG303243,CUST100330,HTL200621,2026-02-06,2026-02-23,2026-03-02,80492.18,9176.11,4024.61,85643.68,Website,Completed,Paid,ChEnNaI,Standard,4,Gold,0.0
BKG303244,CUST100609,HTL200223,2026-03-08,2026-03-20,2026-03-25,24259.69,2474.49,3638.95,23095.23,Mobile App,Confirmed,Paid,Shimla,Suite,4,Blue,0.0
BKG303245,CUST100743,HTL200167,2026-04-21,2026-05-13,2026-05-14,11251.13,1350.14,0.0,12601.27,Call Center,Confirmed,Paid,ahmedabad,Deluxe,3,Blue,0.0
BKG303246,CUST100568,HTL200106,2026-05-05,2026-05-19,2026-05-24,18816.9,2145.13,940.85,20021.18,Partner Desk,Completed,Paid,Delhi,Suite,1,Platinum,0.0
BKG303247,CUST100388,HTL200379,2026-03-28,2026-05-01,2026-05-04,42595.57,4600.32,4259.56,42936.33,Mobile App,Confirmed,Paid,Agra,Executive,5,Blue,0.0
BKG303248,CUST100970,HTL200023,2026-02-16,2026-03-07,2026-03-11,71315.64,7702.09,7131.56,71886.17,Website,Completed,Paid,Varanasi,Executive,3,Silver,0.0
BKG303249,CUST100746,HTL200510,2026-05-28,2026-06-03,2026-06-10,11322.38,1222.82,1132.24,11412.96,Call Center,Confirmed,Paid,Udaipur,Family Room,5,Blue,0.0
BKG303250,CUST100136,HTL200808,2026-01-13,2026-01-31,2026-02-05,7001.51,798.17,350.08,7449.6,Mobile App,No Show,Paid,Goa,Standard,3,Blue,0.0
BKG303251,CUST100281,HTL200306,2026-02-13,2026-03-21,2026-03-25,51092.02,6131.04,0.0,57223.06,Mobile App,Cancelled,Refunded,Pune,Executive,4,Blue,0.0
BKG303252,CUST101018,HTL200934,2026-05-05,2026-06-11,2026-06-18,124546.39,12703.73,18681.96,118568.16,Website,Pending,Paid,  Chennai  ,Family Room,4,Blue,0.0
BKG303253,CUST100743,HTL200357,2026-04-29,2026-06-06,2026-06-09,44611.4,4818.03,4461.14,44968.29,Mobile App,  Completed  ,  Paid  ,Chennai,Family Room,3,Silver,0.0
BKG303254,CUST100530,HTL200369,2026-05-11,2026-05-26,2026-06-02,87126.52,8886.9,13068.98,82944.44,Mobile App,Completed,Paid,Manali,Deluxe,4,Blue,0.0
BKG303255,CUST100015,HTL200996,2026-05-06,2026-06-13,2026-06-16,46351.9,5562.23,0.0,51914.13,Website,  Check-in Denied  ,Refund Pending,Kochi,Family Room,1,Blue,25957.06
BKG303256,CUST101004,HTL200722,2026-05-18,2026-06-27,2026-07-02,20346.94,2197.47,2034.69,20509.72,Mobile App,Completed,Partially Paid,Ahmedabad,Standard,5,Gold,0.0
BKG303257,CUST100567,HTL200170,2026-02-18,2026-02-27,2026-03-04,25644.06,2769.56,2564.41,25849.21,Website,Completed,PaId,Delhi,Deluxe,4,Blue,0.0
BKG303258,CUST101137,HTL200580,2026-05-04,2026-05-10,2026-05-13,52965.6,6038.08,2648.28,56355.4,Mobile App,Completed,Paid,Kochi,Executive,2,Blue,0.0
BKG303259,CUST101091,HTL200221,2026-03-19,2026-03-21,2026-03-26,81139.91,8276.27,12170.99,77245.19,Website,Completed,Paid,Kochi,Executive,3,Platinum,0.0
BKG303260,CUST100029,HTL200442,2026-05-10,2026-05-26,2026-05-31,72563.33,8707.6,0.0,81270.93,Mobile App,Confirmed,Paid,Udaipur,Family Room,3,Blue,0.0
BKG303261,CUST100663,HTL200152,2026-04-13,2026-04-14,2026-04-19,11480.61,1239.91,1148.06,11572.46,Mobile App,Cancelled,Paid,Ahmedabad,Suite,4,Platinum,8100.72
BKG303262,CUST100998,HTL200861,2026-04-15,2026-05-15,2026-05-21,96143.82,10383.53,9614.38,96912.97,Mobile App,Pending,Paid,Mumbai,Standard,3,Blue,0.0
BKG303263,CUST100874,HTL200375,2026-04-30,2026-06-02,2026-06-07,72845.28,7867.29,7284.53,73428.04,Mobile App,Confirmed,Payment Failed,Ahmedabad,Standard,2,Gold,0.0
BKG303264,CUST100021,HTL200280,2026-01-31,2026-02-01,2026-02-02,14479.81,1563.82,1447.98,14595.65,  Mobile App  ,Cancelled,Refunded,Mumbai,Family Room,3,Blue,14595.65
BKG303265,CUST101053,HTL200712,2026-03-09,2026-04-17,2026-04-20,57497.6,6899.71,0.0,64397.31,Mobile App,Confirmed,Paid,Kochi,Standard,2,Blue,0.0
BKG303266,CUST100955,HTL200218,2026-02-06,2026-02-22,2026-02-25,32800.99,3542.51,3280.1,33063.4,Call Center,Confirmed,Payment Failed,Shimla,Deluxe,3,Blue,0.0
BKG303267,CUST100659,HTL200919,2026-01-24,2026-02-10,2026-02-12,18094.69,2062.8,904.73,19252.76,Mobile App,Cancelled,Paid,Varanasi,Family Room,3,Platinum,0.0
BKG303268,CUST101072,HTL200957,2026-02-13,2026-03-23,2026-03-27,71260.32,8123.68,3563.02,75820.98,Mobile App,Confirmed,Paid,Delhi,Suite,2,Silver,0.0
BKG303269,CUST100324,HTL200615,2026-03-24,2026-04-11,2026-04-13,32127.21,3662.5,1606.36,34183.35,Mobile App,Completed,Partially Paid,Delhi,Executive,5,Blue,0.0
BKG303270,,HTL200810,2026-02-10,2026-03-04,2026-03-09,74551.62,8498.88,3727.58,79322.92,Call Center,Confirmed,Paid,Bengaluru,Standard,1,Silver,0.0
BKG303271,CUST100121,HTL200826,2026-02-11,2026-03-05,2026-03-10,60129.86,6494.02,6012.99,60610.89,Website,Completed,Paid,Shimla,Executive,2,Gold,0.0
BKG303272,CUST100123,HTL200821,2026-04-18,2026-05-23,2026-05-30,52367.97,5341.53,7855.2,49854.3,Website,Completed,Partially Paid,Mumbai,Suite,1,Blue,0.0
BKG303273,CUST100265,,2026-02-09,2026-03-12,2026-03-13,3070.72,350.06,153.54,3267.24,Mobile App,No Show,Paid,Hyderabad,Suite,3,Blue,0.0
BKG303274,CUST100027,HTL200509,2026-02-17,2026-03-29,2026-03-30,4511.86,514.35,225.59,4800.62,Mobile App,Cancelled,Paid,AgRa,Deluxe,5,Silver,3360.43
BKG303275,CUST100076,HTL200334,2026-04-23,2026-05-20,2026-05-21,13087.72,1492.0,654.39,13925.33,Mobile App,Confirmed,Payment Failed,Manali,Suite,2,Platinum,0.0
BKG303276,CUST100431,HTL200741,2026-03-25,2026-04-30,2026-05-01,10526.61,1136.87,1052.66,10610.82,Website,Confirmed,Paid,Bengaluru,Suite,5,Silver,0.0
BKG303277,CUST100878,HTL200409,2026-01-04,2026-01-08,2026-01-09,7195.3,820.26,359.77,7655.79,Mobile App,Check-in Denied,Paid,Mumbai,Standard,2,Silver,7655.79
BKG303278,CUST100893,HTL200053,2026-04-18,2026-04-23,2026-04-24,7111.98,810.77,355.6,7567.15,Website,Cancelled,REFUNDED,Mumbai,Executive,4,Blue,7567.15
BKG303279,CUST101058,HTL200700,2026-03-01,2026-03-26,2026-03-27,5489.33,592.85,548.93,5533.25,Mobile App,Completed,Paid,Varanasi,Standard,2,Gold,0.0
BKG303280,CUST100435,HTL200733,2026-04-24,2026-05-25,2026-05-26,19197.4,2188.5,959.87,20426.03,Mobile App,Completed,Paid,Shimla,Standard,1,Blue,0.0
BKG303281,CUST101137,HTL200074,2026-01-05,2026-01-19,2026-01-26,24012.15,2881.46,0.0,26893.61,Mobile App,Completed,Paid,Pune,Family Room,4,Blue,0.0
BKG303282,CUST101085,HTL200348,2026-04-16,2026-05-16,2026-05-22,76815.64,9217.88,0.0,86033.52,Mobile App,Completed,Paid,Jaipur,Family Room,3,Silver,0.0
BKG303283,CUST100051,HTL200974,2026-01-06,2026-01-18,2026-01-19,2829.3,322.54,141.47,3010.37,Mobile App,Cancelled,Paid,Bengaluru,Deluxe,2,Silver,2107.26
BKG303284,CUST100115,HTL200683,2026-01-14,2026-02-10,2026-02-13,10916.25,1309.95,0.0,12226.2,Mobile App,Confirmed,Paid,Kochi,Deluxe,1,Blue,0.0
BKG303285,CUST100046,HTL200392,2026-05-06,2026-05-30,2026-05-31,8048.54,869.24,804.85,8112.93,mobile app,Pending,Paid,AGRA,Suite,3,Gold,0.0
BKG303286,CUST100437,HTL200553,2026-05-20,2026-06-19,2026-06-23,66299.33,7955.92,0.0,74255.25,Website,Confirmed,PaId,Udaipur,Deluxe,1,Gold,0.0
BKG303287,CUST100100,HTL200156,2026-03-03,2026-03-21,2026-03-22,9374.65,1068.71,468.73,9974.63,Mobile App,Completed,Paid,Jaipur,Deluxe,3,Silver,0.0
BKG303288,CUST100106,HTL200846,2026-01-27,2026-02-10,2026-02-16,100993.83,12119.26,0.0,113113.09,Mobile App,Confirmed,Paid,kochi,Suite,2,Blue,0.0
BKG303289,CUST100982,HTL200080,2026-02-23,2026-03-14,2026-03-21,33515.13,3619.63,3351.51,33783.25,Mobile App,Completed,Paid,Jaipur,Executive,5,Gold,0.0
BKG303290,CUST101058,HTL200207,2026-03-31,2026-04-22,2026-04-27,24194.99,2467.89,3629.25,23033.63,Mobile App,Completed,Paid,Delhi,Suite,3,Silver,0.0
BKG303291,CUST101000,HTL200825,2026-01-12,2026-02-07,2026-02-13,63464.04,6854.12,6346.4,63971.76,Mobile App,Confirmed,Paid,Hyderabad,Suite,5,Blue,0.0
BKG303292,CUST100358,HTL200085,2026-05-16,2026-05-23,2026-05-29,45334.55,4896.13,4533.46,45697.22,Mobile App,Pending,Paid,Varanasi,Executive,3,Platinum,0.0
BKG303293,CUST100886,HTL200743,2026-03-15,2026-04-12,2026-04-17,92736.59,10015.55,9273.66,93478.48,Mobile App,Completed,Paid,Manali,Suite,5,Platinum,0.0
BKG303294,CUST100799,HTL200446,2026-05-24,2026-07-01,2026-07-02,9096.02,1091.52,0.0,10187.54,Mobile App,Completed,Paid,Goa,Family Room,2,Silver,0.0
BKG303295,CUST101025,HTL200176,2026-01-26,2026-01-31,2026-02-07,70783.59,8494.03,0.0,79277.62,  Website  ,Completed,Partially Paid,Kolkata,Deluxe,1,Gold,0.0
BKG303296,CUST101167,HTL200510,2026-05-16,2026-06-21,2026-06-28,11760.78,1411.29,0.0,13172.07,Mobile App,Confirmed,Partially Paid,UDAIPUR,Suite,2,Blue,0.0
BKG303297,CUST100434,HTL200618,2026-02-14,2026-03-04,2026-03-05,9414.0,1129.68,0.0,10543.68,Mobile App,Completed,Payment Failed,Delhi,Standard,3,Blue,0.0
BKG303298,CUST100603,HTL200138,2026-03-25,2026-04-08,2026-04-13,68448.2,8213.78,0.0,76661.98,Mobile App,Confirmed,Paid,Pune,Deluxe,4,Silver,0.0
BKG303299,CUST100565,HTL200101,2026-05-27,2026-06-19,2026-06-23,18751.62,2025.18,1875.16,18901.64,Mobile App,Completed,Partially Paid,Shimla,Family Room,1,Platinum,0.0
BKG303300,CUST100915,HTL200472,2026-05-25,2026-06-08,2026-06-10,28918.64,3470.24,0.0,32388.88,Mobile App,Cancelled,Refunded,Agra,Family Room,5,Gold,22672.22
BKG303301,CUST100227,HTL200821,2026-04-13,2026-05-15,2026-05-18,24614.01,2362.95,4922.8,22054.16,Mobile App,Confirmed,Paid,Mumbai,Suite,1,Gold,0.0
BKG303302,CUST100544,HTL200541,2026-05-04,2026-05-09,2026-05-14,37479.38,3822.9,5621.91,35680.37,Mobile App,Completed,Paid,Bengaluru,Executive,1,Blue,0.0
BKG303303,CUST100647,HTL200193,2026-05-03,2026-05-25,2026-05-26,3700.32,355.23,740.06,3315.49,Website,Confirmed,Partially Paid,Udaipur,Standard,2,Blue,0.0
BKG303304,CUST100247,HTL200832,2026-04-26,2026-05-24,2026-05-27,7516.93,902.03,0.0,8418.96,Mobile App,Confirmed,Partially Paid,Chennai,Suite,3,Blue,0.0
BKG303305,CUST101076,HTL200755,2026-01-14,2026-02-26,2026-02-27,12800.0,1305.6,1920.0,12185.6,Website,Completed,Paid,Jaipur,Executive,2,Blue,0.0
BKG303306,CUST100313,HTL200485,2026-01-17,2026-01-29,2026-01-31,6473.51,660.3,971.03,6162.78,Website,Confirmed,Paid,Hyderabad,Family Room,3,Silver,0.0
BKG303307,CUST100036,HTL200313,2026-01-13,2026-01-31,2026-02-02,18153.22,1851.63,2722.98,17281.87,Mobile App,Completed,Paid,Bengaluru,Deluxe,4,Blue,0.0
BKG303308,CUST100723,HTL200696,2026-04-03,2026-05-09,2026-05-14,28712.24,3273.2,1435.61,30549.83,Partner Desk,Confirmed,Paid,Ahmedabad,Family Room,2,Blue,0.0
BKG303309,CUST100979,HTL200804,2026-03-04,2026-04-04,2026-04-07,20371.21,2077.86,3055.68,19393.39,Mobile App,Pending,Paid,Varanasi,Suite,4,Blue,0.0
BKG303310,CUST100083,HTL200246,2026-02-02,2026-02-15,2026-02-21,32948.77,3953.85,0.0,36902.62,Mobile App,Completed,Paid,Ahmedabad,Executive,3,Blue,0.0
BKG303311,CUST100899,HTL200629,2026-01-29,2026-02-18,2026-02-25,110411.45,13249.37,0.0,123660.82,Website,Confirmed,Payment Failed,Agra,Suite,1,Gold,0.0
BKG303312,CUST101117,HTL200437,2026-02-06,2026-03-14,2026-03-21,108179.58,12981.55,0.0,121161.13,Mobile App,Confirmed,Payment Failed,Goa,Family Room,4,Blue,0.0
BKG303313,CUST100718,HTL200072,2026-04-13,2026-04-20,2026-04-23,29253.4,2983.85,4388.01,27849.24,Call Center,Confirmed,Paid,Kolkata,Standard,4,Blue,0.0
BKG303314,CUST100549,HTL200068,2026-01-24,2026-02-16,2026-02-22,64470.18,7736.42,0.0,72206.6,Mobile App,Confirmed,Partially Paid,Varanasi,Family Room,3,Blue,0.0
BKG303315,CUST100714,HTL200753,2026-05-22,2026-06-25,2026-06-27,31308.45,3757.01,0.0,35065.46,Mobile App,Cancelled,Paid,Hyderabad,Suite,3,Gold,35065.46
BKG303316,CUST100586,HTL200151,2026-05-13,2026-06-14,2026-06-15,11548.15,1108.62,2309.63,10347.14,Mobile App,Cancelled,Refunded,Chennai,Executive,2,Blue,4656.21
BKG303317,CUST101151,HTL200830,2026-05-05,2026-05-26,2026-06-02,116448.25,13973.79,0.0,130422.04,Mobile App,Confirmed,Paid,Mumbai,Suite,2,Blue,0.0
BKG303318,CUST100151,HTL200986,2026-02-22,2026-02-28,2026-03-06,88684.28,9045.8,13302.64,84427.44,Mobile App,Completed,Paid,Varanasi,Deluxe,3,Silver,0.0
BKG303319,CUST101061,HTL200093,2026-03-29,2026-04-14,2026-04-20,39131.15,3991.38,5869.67,37252.86,Partner Desk,Confirmed,Payment Failed,Kolkata,Deluxe,4,Blue,0.0
BKG303320,CUST101128,HTL200434,2026-04-08,2026-05-13,2026-05-18,76154.4,9138.53,0.0,85292.93,Mobile App,Completed,paid,Goa,Executive,5,Gold,0.0
BKG303321,CUST100164,HTL200782,2026-04-24,2026-05-14,2026-05-18,55517.34,6662.08,0.0,62179.42,Mobile App,Confirmed,Paid,Goa,Family Room,2,Silver,0.0
BKG303322,CUST100937,HTL200430,2026-04-05,2026-05-17,2026-05-19,14280.85,1542.33,1428.09,14395.09,Mobile App,Check-in Denied,Refunded,Kolkata,Suite,3,Blue,0.0
BKG303323,CUST100211,HTL200456,2026-04-30,2026-06-10,2026-06-16,17428.68,1673.15,3485.74,15616.09,Mobile App,Cancelled,Refund Pending,  Mumbai  ,Deluxe,5,Blue,10931.26
BKG303324,CUST100525,HTL200429,2026-03-14,2026-03-25,2026-03-27,33128.83,3379.14,4969.32,31538.65,Mobile App,Check-in Denied,Refunded,Manali,Standard,5,Silver,15769.32
BKG303325,CUST100741,HTL200228,2026-04-16,2026-05-18,2026-05-23,17204.3,1961.29,860.22,18305.37,Mobile App,Confirmed,Paid,Kolkata,Deluxe,5,Platinum,0.0
BKG303326,CUST100131,HTL200029,2026-01-26,2026-02-09,2026-02-10,7690.22,876.68,384.51,8182.39,Mobile App,COMPLETED,Paid,Chennai,Family Room,5,Silver,0.0
BKG303327,CUST101175,HTL200624,2026-01-18,2026-02-11,2026-02-14,5815.56,662.97,290.78,6187.75,Call Center,Cancelled,Refunded,Shimla,Executive,1,Blue,0.0
BKG303328,CUST100095,HTL200334,2026-05-16,2026-06-29,2026-07-01,25956.85,2803.34,2595.68,26164.51,Website,Cancelled,Refunded,Manali,Standard,2,Silver,26164.51
BKG303329,CUST101012,HTL200659,2026-05-26,2026-07-04,2026-07-09,61832.77,7048.94,3091.64,65790.07,Website,confirmed,Paid,Mumbai,Suite,5,Silver,0.0
BKG303330,CUST100521,HTL200568,2026-02-27,2026-04-11,2026-04-16,34949.67,4193.96,0.0,39143.63,Mobile App,Pending,Paid,Kolkata,Suite,5,Silver,0.0
BKG303331,CUST100373,HTL200176,2026-04-03,2026-05-04,2026-05-09,56157.64,6065.03,5615.76,56606.91,Mobile App,Check-in Denied,Refunded,Kolkata,Executive,3,Silver,0.0
BKG303332,CUST101039,HTL200823,2026-02-18,2026-03-07,2026-03-14,110527.34,12600.12,5526.37,117601.09,Mobile App,Confirmed,Paid,Kochi,Standard,3,Blue,0.0
BKG303332,CUST100607,HTL200567,2026-03-12,2026-04-06,2026-04-13,41348.17,4961.78,0.0,46309.95,Website,Completed,Paid,Pune,Standard,1,Gold,0.0
BKG303334,CUST100017,HTL200408,2026-03-06,2026-03-15,2026-03-22,38714.08,3948.84,5807.11,36855.81,Mobile App,confirmed,Paid,Pune,Standard,5,Blue,0.0
BKG303335,CUST101030,HTL200776,2026-02-02,2026-02-24,2026-02-27,27739.2,2995.83,2773.92,27961.11,Mobile App,No Show,Refund Pending,Udaipur,Executive,1,Silver,27961.11
BKG303336,CUST100977,HTL200236,2026-02-19,2026-03-26,2026-04-02,93673.62,10678.79,4683.68,99668.73,Mobile App,Cancelled,Refunded,Udaipur,Executive,3,Blue,99668.73
BKG303337,CUST100878,HTL200277,2026-01-04,2026-02-10,2026-02-12,27537.67,2974.07,2753.77,27757.97,Mobile App,Confirmed,Paid,Pune,Suite,2,Blue,0.0
BKG303338,CUST100593,HTL200076,2026-04-29,2026-05-16,2026-05-22,95198.64,10852.65,4759.93,101291.36,WEBSITE,Confirmed,Paid,Shimla,Deluxe,4,Silver,0.0
BKG303339,CUST100642,HTL200932,2026-03-25,2026-04-22,2026-04-27,17828.99,1925.53,1782.9,17971.62,Mobile App,Confirmed,Paid,Ahmedabad,Family Room,4,Gold,0.0
BKG303340,CUST100128,HTL200635,2026-04-27,2026-04-28,2026-05-01,52344.17,5339.11,7851.63,49831.65,Mobile App,Confirmed,Paid,goa,Suite,1,Gold,0.0
BKG303341,CUST100800,HTL200539,2026-04-12,2026-04-21,2026-04-28,12121.36,1309.11,1212.14,12218.33,Website,Confirmed,Paid,Ahmedabad,Standard,3,Silver,0.0
BKG303342,CUST100454,HTL200653,2026-05-11,2026-05-24,2026-05-25,17129.07,1849.94,1712.91,17266.1,Mobile App,Completed,Paid,AgRa,Deluxe,4,Silver,0.0
BKG303343,CUST100875,HTL200157,2026-01-06,2026-02-07,2026-02-11,14418.11,1557.16,1441.81,14533.46,Website,Cancelled,Paid,Goa,Family Room,5,Blue,0.0
BKG303344,CUST100570,HTL200166,2026-01-23,2026-02-20,2026-02-22,26309.85,2841.46,2630.99,26520.32,Partner Desk,Completed,Paid,Mumbai,Standard,2,Silver,0.0
BKG303345,CUST101095,HTL200184,2026-05-15,2026-06-15,2026-06-18,33707.33,4044.88,0.0,37752.21,Mobile App,CoMpLeTeD,Paid,SHIMLA,Executive,3,Blue,0.0
BKG303346,CUST101013,HTL200388,2026-04-30,2026-05-08,2026-05-12,46622.09,5314.92,2331.1,49605.91,Mobile App,Confirmed,Paid,Varanasi,Deluxe,1,Platinum,0.0
BKG303347,CUST101183,HTL200011,2026-03-02,2026-03-10,2026-03-14,20675.32,2232.93,2067.53,20840.72,Mobile App,Confirmed,Paid,Ahmedabad,Executive,3,Blue,0.0
BKG303348,CUST101110,HTL200930,2026-04-10,2026-99-99,2026-05-21,96662.51,11019.53,4833.13,102848.91,Mobile App,Cancelled,Refunded,Jaipur,Family Room,2,Silver,71994.24
BKG303349,CUST100400,HTL200168,2026-03-06,2026-03-29,2026-04-01,19832.26,2260.88,991.61,21101.53,Website,Completed,Paid,Varanasi,Family Room,3,Blue,0.0
BKG303350,CUST100461,HTL200830,2026-05-14,2026-05-24,2026-05-30,109211.27,11794.82,10921.13,110084.96,Mobile App,Confirmed,Paid,mumbai,Standard,1,Platinum,0.0
BKG303351,CUST100088,HTL200425,2026-01-24,2026-03-02,2026-03-08,66100.23,7932.03,0.0,74032.26,Website,Confirmed,PaId,Goa,Executive,5,Silver,0.0
BKG303352,CUST100822,HTL200892,2026-02-06,2026-03-03,2026-03-06,41063.95,4434.91,4106.4,41392.46,Website,Completed,Payment Failed,Pune,Suite,3,Blue,0.0
BKG303353,CUST100005,HTL200448,2026-02-14,2026-03-19,2026-03-22,59505.5,6783.63,2975.27,63313.86,Mobile App,Cancelled,Refund Pending,Pune,Suite,1,Blue,44319.7
BKG303354,CUST100944,HTL200493,2026-04-10,2026-04-14,2026-04-19,40951.62,4668.48,2047.58,43572.52,Website,Completed,PAID,Manali,Executive,5,Silver,0.0
BKG303355,CUST100083,HTL200448,2026-04-12,2026-04-19,2026-04-20,19606.18,2235.1,980.31,20860.97,Website,Confirmed,Partially Paid,Pune,Family Room,4,Blue,0.0
BKG303356,CUST101095,HTL200105,2026-03-04,2026-04-06,2026-04-12,54395.99,6527.52,0.0,60923.51,Mobile App,Cancelled,refund pending,Chennai,Deluxe,3,Blue,27415.58
BKG303357,CUST100620,HTL200765,2026-01-29,2026-01-31,2026-02-05,96682.56,11021.81,4834.13,102870.24,Call Center,Confirmed,Paid,Chennai,Executive,5,Blue,0.0
BKG303358,CUST101135,HTL200426,2026-04-11,2026-05-13,2026-05-17,58367.52,6653.9,2918.38,62103.04,Mobile App,Completed,Paid,Jaipur,Standard,4,Blue,0.0
BKG303359,CUST100171,HTL200955,2026-04-19,2026-04-24,2026-04-28,70660.42,8055.29,3533.02,75182.69,Website,Confirmed,Paid,Manali,Suite,3,Silver,0.0
BKG303360,CUST100698,HTL200915,2026-04-06,2026-04-23,2026-04-27,14693.43,1586.89,1469.34,14810.98,Website,Check-in Denied,Paid,Shimla,Standard,3,Silver,7405.49
BKG303361,CUST100272,HTL200097,2026-01-10,2026-01-22,2026-01-25,50207.52,5723.66,2510.38,53420.8,Mobile App,Cancelled,Paid,Kochi,Deluxe,2,Gold,53420.8
BKG303362,CUST100529,HTL200630,2026-02-04,2026-02-16,2026-02-18,5713.65,582.79,857.05,5439.39,Mobile App,Completed,Paid,  Varanasi  ,Suite,3,Gold,0.0
BKG303363,CUST100318,HTL200225,2026-02-24,2026-03-31,2026-04-05,46289.68,4999.29,4628.97,46660.0,Mobile App,  Completed  ,Paid,Shimla,Suite,3,Silver,0.0
BKG303364,CUST101105,HTL200446,2026-04-06,2026-04-27,2026-04-29,20249.5,2429.94,0.0,22679.44,Mobile App,Completed,Paid,Goa,Suite,5,Silver,0.0
BKG303365,CUST101098,HTL200886,2026-05-03,2026-05-24,2026-05-31,129603.29,15552.39,0.0,145155.68,Mobile App,Confirmed,Paid,Pune,Standard,1,Gold,0.0
BKG303366,CUST100428,HTL200663,2026-01-12,2026-01-14,2026-01-15,7382.41,885.89,0.0,8268.3,Mobile App,Cancelled,Paid,Hyderabad,Family Room,2,Gold,0.0
BKG303367,CUST100846,HTL200475,2026-01-04,2026-01-25,2026-01-26,6348.43,609.45,1269.69,5688.19,Mobile App,COMPLETED,Paid,Bengaluru,Standard,3,Blue,0.0
BKG303368,CUST100248,HTL200202,2026-04-16,2026-05-01,2026-05-06,66980.38,6832.0,10047.06,63765.32,Mobile App,Completed,PaId,Delhi,Family Room,5,Blue,0.0
BKG303369,CUST100386,HTL200967,2026-03-31,2026-04-11,2026-04-15,13670.26,1640.43,0.0,15310.69,Mobile App,Confirmed,Payment Failed,Varanasi,Executive,5,Gold,0.0
BKG303370,CUST100362,HTL200674,2026-03-08,2026-03-18,2026-03-25,33367.9,3603.73,3336.79,33634.84,mobile app,Confirmed,Paid,Chennai,Suite,1,Blue,0.0
BKG303371,CUST100067,HTL200296,2026-05-25,2026-06-12,2026-06-18,44602.45,4281.83,8920.49,39963.79,Mobile App,Completed,Payment Failed,Hyderabad,Standard,4,Gold,0.0
BKG303372,CUST100437,HTL200633,2026-03-06,2026-03-29,2026-03-30,11314.92,1222.01,1131.49,11405.44,Website,Completed,Paid,Ahmedabad,Deluxe,3,Silver,0.0
BKG303373,CUST101015,HTL200015,2026-03-23,2026-04-23,2026-04-25,2499.89,284.99,124.99,2659.89,Mobile App,Confirmed,PaId,Goa,Deluxe,4,Blue,0.0
BKG303374,CUST101156,HTL200377,2026-04-15,2026-05-11,2026-05-13,25778.72,3093.45,0.0,28872.17,Mobile App,Confirmed,Paid,Shimla,Family Room,1,Gold,0.0
BKG303375,CUST100295,HTL200335,2026-03-25,2026-03-27,2026-04-02,16261.69,1951.4,0.0,18213.09,Call Center,Completed,Paid,Pune,Family Room,5,Silver,0.0
BKG303376,CUST100646,HTL200617,2026-04-15,2026-05-24,2026-05-27,6662.8,719.58,666.28,6716.1,Mobile App,Confirmed,Paid,Kolkata,Suite,4,Silver,0.0
BKG303377,CUST100032,HTL200773,2026-04-25,2026-05-02,2026-05-06,67260.7,6860.59,10089.11,64032.18,Website,Completed,Paid,Goa,Family Room,1,Blue,0.0
BKG303378,CUST100031,HTL200019,2026-01-28,2026-02-21,2026-02-24,13287.13,1514.73,664.36,14137.5,Mobile App,Completed,Payment Failed,Hyderabad,Deluxe,4,Platinum,0.0
BKG303379,CUST100554,HTL200439,2026-01-16,2026-02-24,2026-03-01,10734.59,1288.15,0.0,12022.74,Mobile App,Confirmed,Paid,Jaipur,Standard,5,Gold,0.0
BKG303380,CUST100304,HTL200243,2026-01-21,2026-02-22,2026-02-23,7008.56,672.82,1401.71,6279.67,website,Cancelled,Paid,Udaipur,Standard,3,Blue,2825.85
BKG303381,CUST100792,HTL200243,2026-03-18,2026-04-13,2026-04-19,43896.7,4477.46,6584.5,41789.66,Call Center,Confirmed,Paid,Udaipur,Family Room,2,Gold,0.0
BKG303382,CUST101131,HTL200970,2026-02-11,2026-03-06,2026-03-12,70788.83,8494.66,0.0,79283.49,  Website  ,No Show,Refunded,kolkata,Family Room,5,Blue,23785.05
BKG303383,CUST100095,HTL200391,2026-02-23,2026-03-09,2026-03-15,88049.91,10565.99,0.0,98615.9,Website,Cancelled,Refunded,Varanasi,Deluxe,4,Blue,0.0
BKG303384,CUST101089,HTL200723,2026-02-01,2026-03-02,2026-03-05,32809.01,3543.37,3280.9,37351.38,Mobile App,CoMpLeTeD,Partially Paid,Jaipur,Executive,3,Platinum,0.0
BKG303385,CUST100520,HTL200735,2026-04-24,2026-05-19,2026-05-22,25354.44,2890.41,1267.72,26977.13,Mobile App,Check-in Denied,Refund Pending,Goa,Standard,2,Gold,26977.13
BKG303386,CUST100229,HTL200864,2026-02-07,2026-03-10,2026-03-15,77623.33,8849.06,3881.17,82591.22,Mobile App,Cancelled,Refunded,Kolkata,Family Room,1,Silver,57813.85
BKG303387,CUST100732,HTL200261,2026-04-24,2026-04-26,2026-04-28,12559.89,1507.19,0.0,14067.08,Mobile App,Check-in Denied,Refunded,Pune,Suite,3,Silver,4220.12
BKG303388,CUST100357,HTL200219,2026-04-20,2026-04-22,2026-04-24,12432.0,1193.47,2486.4,11139.07,Partner Desk,Completed,Payment Failed,Goa,Family Room,5,Blue,0.0
BKG303389,CUST100401,HTL200007,2026-04-13,2026-05-06,2026-05-13,28383.69,2895.14,4257.55,27021.28,Mobile App,Completed,Paid,Pune,Family Room,4,Blue,0.0
BKG303390,CUST100789,HTL200445,2026-03-18,2026-03-29,2026-04-03,67682.55,8121.91,0.0,75804.46,Mobile App,Completed,Paid,Kolkata,Standard,2,Blue,0.0
BKG303391,CUST100098,HTL200013,2026-05-20,2026-06-18,2026-06-24,12216.35,1246.07,1832.45,11629.97,Mobile App,Confirmed,Paid,Ahmedabad,Family Room,3,Blue,0.0
BKG303392,CUST100270,HTL200386,2026-02-22,2026-04-05,2026-04-07,22496.99,2429.67,2249.7,22676.96,Mobile App,No Show,Refunded,Udaipur,Suite,2,Silver,22676.96
BKG303393,CUST100361,HTL200641,2026-05-01,2026-06-05,2026-06-10,56516.8,6442.91,2825.84,60133.87,Mobile App,Completed,Paid,Shimla,Suite,2,Blue,0.0
BKG303394,CUST101187,HTL200021,2026-01-03,2026-01-12,2026-01-14,16403.85,1673.19,2460.58,15616.46,Mobile App,  Completed  ,Paid,Ahmedabad,Suite,3,Silver,0.0
BKG303395,CUST100527,HTL200224,2026-02-23,2026-03-27,2026-04-03,39706.89,4288.34,3970.69,40024.54,Mobile App,Check-in Denied,Paid,Agra,Deluxe,4,Blue,12007.36
BKG303396,CUST101192,HTL200234,2026-02-09,2026-03-11,2026-03-16,46630.53,4756.31,6994.58,44392.26,Website,Pending,Paid,Kolkata,Suite,1,Blue,0.0
BKG303397,CUST101044,HTL200340,2026-03-09,2026-03-24,2026-03-26,6976.4,795.31,348.82,7422.89,Mobile App,  Confirmed  ,Paid,Manali,Standard,3,Blue,0.0
BKG303398,CUST100539,HTL200965,2026-04-24,2026-05-08,2026-05-14,101591.12,11581.39,5079.56,108092.95,Mobile App,Cancelled,Refund Pending,Chennai,Executive,1,Silver,75665.06
BKG303399,CUST100594,HTL200999,2026-05-10,2026-05-27,2026-05-30,9646.71,1099.72,482.34,10264.09,Website,Completed,Paid,Delhi,Family Room,2,Silver,0.0
BKG303400,CUST100832,HTL200710,2026-02-11,2026-03-05,2026-03-08,9498.77,1082.86,474.94,10106.69,Website,Completed,Paid,Varanasi,Family Room,2,Blue,0.0
BKG303401,CUST100396,HTL200133,2026-04-04,2026-05-04,2026-05-11,112583.28,12158.99,11258.33,113483.94,Mobile App,Pending,Paid,Kolkata,Family Room,4,Silver,0.0
BKG303402,CUST101059,HTL200177,2026-05-29,2026-06-15,2026-06-21,98863.77,9490.92,19772.75,88581.94,Mobile App,  Cancelled  ,Paid,Jaipur,Suite,3,Silver,62007.36
BKG303403,CUST100494,HTL200555,2026-04-11,2026-04-27,2026-04-29,14064.02,1518.91,1406.4,14176.53,Website,Cancelled,Refunded,Agra,Suite,3,Platinum,6379.44
BKG303404,CUST100313,HTL200519,2026-05-04,2026-05-12,2026-05-18,47971.51,5756.58,0.0,53728.09,Mobile App,Completed,Paid,Ahmedabad,Suite,5,Gold,0.0
BKG303405,CUST100489,HTL200791,2026-01-02,2026-02-10,2026-02-15,85888.85,10306.66,0.0,96195.51,Mobile App,Completed,Paid,Goa,Executive,4,Blue,0.0
BKG303406,CUST100232,HTL200538,2026-04-01,2026-05-02,2026-05-05,36736.74,3747.15,5510.51,34973.38,Mobile App,Completed,Paid,Agra,Executive,3,Blue,0.0
BKG303407,CUST101029,HTL200436,2026-02-28,2026-03-12,2026-03-13,12947.2,1475.98,647.36,13775.82,Website,Confirmed,Partially Paid,Chennai,Executive,2,Blue,0.0
BKG303408,CUST100663,HTL200050,2026-04-08,2026-05-11,2026-05-18,62453.35,7119.68,3122.67,66450.36,Website,Completed,Paid,Jaipur,Executive,4,Blue,0.0
BKG303409,CUST100243,HTL200923,2026-01-16,2026-01-28,2026-01-30,10793.11,1100.9,1618.97,10275.04,Call Center,Confirmed,Paid,Varanasi,Executive,5,Silver,0.0
BKG303410,CUST100240,HTL200442,2026-05-28,2026-06-22,2026-06-23,11899.81,1142.38,2379.96,10662.23,  Mobile App  ,Completed,Paid,Udaipur,Family Room,5,Gold,0.0
BKG303411,CUST100557,HTL200580,2026-01-16,2026-02-23,2026-02-24,18700.96,2019.7,1870.1,18850.56,Mobile App,Cancelled,Refunded,Kochi,Family Room,2,Blue,13195.39
BKG303412,CUST100074,HTL200978,2026-04-18,2026-05-06,2026-05-13,103120.19,12374.42,0.0,115494.61,Website,Confirmed,Paid,Ahmedabad,Executive,3,Platinum,0.0
BKG303413,CUST100282,HTL200968,2026-01-23,2026-02-11,2026-02-15,34032.85,3879.75,1701.64,36210.96,Mobile App,Cancelled,Refunded,Jaipur,Family Room,2,Blue,16294.93
BKG303414,CUST100086,HTL200280,2026-02-11,2026-02-14,2026-02-15,13608.52,1469.72,1360.85,13717.39,Mobile App,Confirmed,Paid,Mumbai,Executive,5,Silver,0.0
BKG303415,CUST100880,HTL200043,2026-02-06,2026-03-13,2026-03-14,1126.02,114.85,168.9,1071.97,Mobile App,  Completed  ,Payment Failed,Kochi,Executive,4,Blue,0.0
BKG303416,CUST100929,HTL200686,2026-03-13,2026-03-18,2026-03-24,69019.31,6625.85,13803.86,61841.3,MoBiLe aPp,Completed,Paid,Delhi,Executive,3,Blue,0.0
BKG303417,CUST101172,HTL200630,2026-05-14,2026-06-18,2026-06-22,12308.97,1403.22,615.45,13096.74,Website,Cancelled,Refund Pending,Varanasi,Family Room,2,Blue,0.0
BKG303418,CUST101173,HTL200364,2026-04-26,2026-05-23,2026-05-27,50170.82,5117.42,7525.62,47762.62,Mobile App,Cancelled,Refund Pending,Manali,Deluxe,3,Blue,47762.62
BKG303419,CUST100159,HTL200887,2026-05-30,2026-07-06,2026-07-10,25672.53,3080.7,0.0,28753.23,Mobile App,Completed,Paid,Hyderabad,Deluxe,4,Silver,0.0
BKG303420,CUST100445,HTL200268,2026-01-06,2026-01-27,2026-02-03,41940.83,4781.25,2097.04,44625.04,Mobile App,Confirmed,Paid,Delhi,Deluxe,5,Gold,0.0
BKG303421,CUST100081,HTL200692,2026-02-01,2026-02-17,2026-02-22,79984.07,9118.18,3999.2,85103.05,Website,Cancelled,Paid,Delhi,Standard,2,Gold,59572.13
BKG303422,CUST101030,HTL200564,2026-05-25,2026-06-22,2026-06-26,67545.44,6484.36,13509.09,60520.71,Website,Completed,Paid,AHMEDABAD,Deluxe,5,Blue,0.0
BKG303423,CUST100181,HTL200292,2026-02-07,2026-03-04,2026-03-10,27546.24,3305.55,0.0,30851.79,Website,Confirmed,Payment Failed,Jaipur,Deluxe,2,Silver,0.0
BKG303424,CUST100869,HTL200702,2026-05-25,2026-06-27,2026-07-02,56867.2,6482.86,2843.36,60506.7,Mobile App,Confirmed,Paid,Bengaluru,Deluxe,3,Gold,0.0
BKG303425,CUST100965,HTL200193,2026-02-06,2026-02-23,2026-02-25,7599.4,729.54,1519.88,6809.06,Website,Confirmed,Paid,Udaipur,Suite,1,Gold,0.0
BKG303426,CUST100477,HTL200370,2026-03-02,2026-04-14,2026-04-19,49521.49,5645.45,2476.07,52690.87,Mobile App,Confirmed,Paid,goa,Executive,2,Silver,0.0
BKG303427,CUST100182,HTL200551,2026-03-18,2026-04-17,2026-04-19,11717.75,1406.13,0.0,13123.88,Mobile App,Completed,Paid,Kolkata,Family Room,2,Blue,0.0
BKG303428,CUST100173,HTL200077,2026-05-07,2026-06-17,2026-06-21,14183.1,1531.78,1418.31,14296.57,Mobile App,Completed,Paid,Hyderabad,Suite,5,Silver,0.0
BKG303429,CUST100013,HTL200188,2026-03-27,2026-03-31,2026-04-04,50824.37,5489.03,5082.44,51230.96,Mobile App,Completed,Paid,Ahmedabad,Executive,1,Platinum,0.0
BKG303430,CUST100072,HTL200606,2026-01-07,2026-01-09,2026-01-11,13931.81,1588.23,696.59,14823.45,Website,Completed,Payment Failed,Shimla,Deluxe,1,Gold,0.0
BKG303431,CUST100513,HTL200389,2026-05-30,2026-06-08,2026-06-11,40219.77,3861.1,8043.95,36036.92,Website,No Show,REFUND PENDING,Udaipur,Deluxe,1,Gold,36036.92
BKG303432,CUST100601,HTL200024,2026-03-26,2026-04-26,2026-05-02,62925.57,7551.07,0.0,70476.64,Website,Completed,  Paid  ,Shimla,Suite,1,Blue,0.0
BKG303433,CUST100342,HTL200614,2026-01-06,2026-01-31,2026-02-05,23042.26,2350.31,3456.34,21936.23,Partner Desk,Completed,Payment Failed,Shimla,Family Room,4,Gold,0.0
BKG303434,CUST100332,HTL200301,2026-05-22,2026-06-28,2026-07-04,31522.93,3404.48,3152.29,31775.12,Mobile App,Confirmed,Paid,Manali,Suite,3,Blue,0.0
BKG303435,CUST100354,HTL200670,2026-05-24,2026-06-29,2026-07-05,22237.38,2535.06,1111.87,23660.57,Mobile App,Completed,Paid,Agra,Suite,2,Gold,0.0
BKG303436,CUST100846,HTL200357,2026-01-03,2026-01-08,2026-01-09,18540.06,1891.09,2781.01,17650.14,Website,Completed,Paid,Chennai,Executive,3,Blue,0.0
BKG303437,CUST100162,HTL200719,2026-05-17,2026-06-10,2026-06-14,13590.83,1630.9,0.0,15221.73,Website,Completed,Paid,Mumbai,Standard,3,Silver,0.0
BKG303438,CUST100115,HTL200958,2026-02-16,2026-03-12,2026-03-17,35648.81,4277.86,0.0,39926.67,Call Center,No Show,Paid,Hyderabad,Family Room,3,Blue,39926.67
BKG303439,CUST101102,HTL200858,2026-03-26,2026-04-24,2026-04-30,47057.51,4517.52,9411.5,42163.53,  Mobile App  ,Cancelled,Refund Pending,Varanasi,Family Room,3,Blue,0.0
BKG303440,CUST101031,HTL200093,2026-04-04,2026-05-05,2026-05-10,39106.35,4692.76,0.0,43799.11,Website,No Show,Paid,Kolkata,Suite,4,Blue,0.0
BKG303441,CUST101046,HTL200835,2026-01-23,2026-03-01,2026-03-07,27655.89,3318.71,0.0,30974.6,Website,Confirmed,Paid,DeLhI,Suite,5,Silver,0.0
BKG303442,CUST100790,HTL200550,2026-01-03,2026-01-22,2026-01-26,24204.04,2759.26,1210.2,25753.1,Mobile App,Confirmed,Paid,Delhi,Deluxe,4,Gold,0.0
BKG303443,CUST100542,HTL200335,2026-05-09,2026-06-01,2026-06-07,18528.06,2223.37,0.0,20751.43,Website,Confirmed,Paid,Pune,Suite,2,Blue,0.0
BKG303444,CUST100413,HTL200163,2026-03-08,2026-04-12,2026-04-14,31337.77,3196.45,4700.67,29833.55,Mobile App,Completed,Paid,Varanasi,Executive,1,Blue,0.0
BKG303445,CUST100681,HTL200902,2026-03-12,2026-03-18,2026-03-22,9926.59,952.95,1985.32,8894.22,Mobile App,Completed,Paid,Pune,Deluxe,5,Blue,0.0
BKG303446,CUST100641,HTL200340,2026-05-11,2026-05-17,2026-05-22,17466.91,1991.23,873.35,18584.79,Website,Cancelled,Refunded,Manali,Standard,2,Blue,13009.35
BKG303447,CUST100668,HTL200833,2026-03-08,2026-04-14,2026-04-21,86871.42,9903.34,4343.57,92431.19,Website,completed,Paid,Jaipur,Executive,1,Blue,0.0
BKG303448,CUST100021,HTL200566,2026-02-24,2026-03-26,2026-03-29,20472.82,2211.06,2047.28,20636.6,Mobile App,Confirmed,Paid,Jaipur,Family Room,4,Blue,0.0
BKG303449,CUST100968,HTL200071,2026-05-12,2026-05-13,2026-05-19,110692.42,13283.09,0.0,123975.51,Website,Confirmed,Paid,Pune,Family Room,3,Blue,0.0
BKG303450,CUST101180,HTL200041,2026-01-31,2026-02-08,2026-02-10,8694.16,991.13,434.71,9250.58,Mobile App,Confirmed,Paid,Bengaluru,Executive,2,Platinum,0.0
BKG303451,CUST100329,HTL200410,2026-03-07,2026-04-04,2026-04-08,15656.77,1878.81,0.0,17535.58,Mobile App,Confirmed,Payment Failed,Goa,Suite,3,Blue,0.0
BKG303452,CUST101045,HTL200897,2026-04-11,2026-05-06,2026-05-07,12944.08,1475.63,647.2,13772.51,Mobile App,Confirmed,Paid,DELHI,Suite,3,Silver,0.0
BKG303453,CUST100901,HTL200837,2026-03-05,2026-04-07,2026-04-14,124731.2,13470.97,12473.12,125729.05,Website,Confirmed,Paid,Kochi,Suite,3,Gold,0.0
BKG303454,CUST100723,HTL200643,2026-01-31,2026-03-10,2026-03-17,128860.8,12370.64,25772.16,115459.28,Partner Desk,Cancelled,Refund Pending,Manali,Family Room,5,Silver,80821.5
BKG303455,CUST101187,HTL200020,2026-04-27,2026-05-11,2026-05-15,69719.09,7529.66,6971.91,70276.84,Mobile App,Completed,Paid,Ahmedabad,Executive,1,Silver,0.0
BKG303456,CUST101159,HTL200000,2026-03-07,2026-03-18,2026-03-25,68633.94,7412.47,6863.39,69183.02,Call Center,Confirmed,Partially Paid,Chennai,Suite,3,Platinum,0.0
BKG303457,CUST100251,HTL200677,2026-02-16,2026-02-18,2026-02-23,25410.76,2896.83,1270.54,27037.05,Website,Completed,Paid,Goa,Deluxe,2,Blue,0.0
BKG303458,CUST100204,HTL200571,2026-01-22,2026-02-21,2026-02-26,57170.29,5831.37,8575.54,54426.12,Mobile App,No Show,Paid,Pune,Family Room,5,Blue,0.0
BKG303459,CUST100831,HTL200075,2026-04-04,2026-05-04,2026-05-05,7626.19,732.11,1525.24,6833.06,Mobile App,Completed,PAID,Ahmedabad,Executive,1,Blue,0.0
BKG303460,CUST100790,HTL200602,2026-03-24,2026-03-28,2026-03-30,7618.19,731.35,1523.64,6825.9,Website,Pending,Paid,Chennai,Executive,2,Silver,0.0
BKG303461,CUST101084,HTL200397,2026-02-15,2026-02-28,2026-03-05,71733.35,8608.0,0.0,80341.35,MoBiLe aPp,Completed,Paid,Varanasi,Executive,5,Silver,0.0
BKG303462,CUST100464,HTL200718,2026-03-30,2026-04-06,2026-04-08,9756.66,1053.72,975.67,9834.71,Mobile App,  Pending  ,Paid,Hyderabad,Executive,5,Silver,0.0
BKG303463,CUST100393,HTL200087,2026-04-29,2026-06-06,2026-06-08,19005.27,2052.57,1900.53,19157.31,Mobile App,Confirmed,Paid,Bengaluru,Standard,1,Gold,0.0
BKG303464,CUST101020,HTL200593,2026-02-15,2026-02-18,2026-02-22,16010.4,1825.19,800.52,17035.07,Partner Desk,Confirmed,PAID,Shimla,Deluxe,3,Silver,0.0
BKG303465,CUST100659,HTL200016,2026-01-01,2026-01-10,2026-01-12,20988.96,2014.94,4197.79,18806.11,Call Center,Cancelled,Refunded,Pune,Standard,2,Blue,0.0
BKG303466,CUST100911,HTL200328,2026-04-06,2026-04-20,2026-04-26,69654.09,7940.57,3482.7,74111.96,Mobile App,Pending,Paid,KOCHI,Suite,4,Blue,0.0
BKG303467,CUST100529,HTL200942,2026-03-02,2026-03-13,2026-03-18,14005.82,1680.7,0.0,15686.52,Partner Desk,Cancelled,Refund Pending,Delhi,Standard,3,Blue,0.0
BKG303468,CUST101058,HTL200209,2026-04-15,2026-05-22,2026-05-27,47999.86,5471.98,2399.99,51071.85,  Mobile App  ,Completed,Paid,Pune,Standard,4,Blue,0.0
BKG303469,CUST101170,HTL200823,2026-03-22,2026-04-05,2026-04-08,47121.25,5371.82,2356.06,50137.01,Mobile App,Confirmed,Paid,Kochi,Family Room,2,Blue,0.0
BKG303470,CUST100056,HTL200382,2026-01-14,2026-02-02,2026-02-09,55183.76,5297.64,11036.75,49444.65,Website,Completed,Paid,Goa,Executive,4,Platinum,0.0
BKG303471,CUST100521,HTL200564,2026-02-14,2026-02-22,2026-02-24,29950.13,3414.31,1497.51,31866.93,Mobile App,Confirmed,Paid,Ahmedabad,Standard,4,Gold,0.0
BKG303472,CUST100360,HTL200639,2026-03-18,2026-03-25,2026-03-28,31992.94,3647.19,1599.65,34040.48,Mobile App,Confirmed,Paid,Ahmedabad,Executive,1,Blue,0.0
BKG303473,CUST100233,HTL200145,2026-03-07,2026-03-14,2026-03-18,62728.54,6774.68,6272.85,63230.37,Mobile App,Confirmed,Paid,Bengaluru,Deluxe,1,Platinum,0.0
BKG303474,CUST100222,HTL200452,2026-02-01,2026-02-04,2026-02-07,37195.4,4463.45,0.0,41658.85,Mobile App,Completed,Paid,Delhi,Standard,1,Gold,0.0
BKG303475,CUST100326,HTL200815,2026-04-06,2026-04-09,2026-04-16,26167.56,2826.1,2616.76,26376.9,Website,Cancelled,Refund Pending,Varanasi,Family Room,4,Gold,11869.61
BKG303476,CUST101121,HTL200392,2026-02-27,2026-03-17,2026-03-19,13315.02,1438.02,1331.5,13421.54,Mobile App,Confirmed,Paid,Agra,Family Room,4,Blue,0.0
BKG303477,CUST100835,HTL200309,2026-04-14,2026-05-17,2026-05-24,66884.91,7624.88,3344.25,71165.54,Website,Confirmed,Paid,Chennai,Suite,5,Blue,0.0
BKG303478,CUST100488,HTL200930,2026-02-25,2026-04-03,2026-04-08,76856.25,7378.2,15371.25,68863.2,Website,Confirmed,Paid,Jaipur,Standard,5,Blue,0.0
BKG303479,CUST100477,HTL200491,2026-05-14,2026-06-11,2026-06-15,15479.6,1671.8,1547.96,15603.44,MoBiLe aPp,Confirmed,Paid,Udaipur,Deluxe,1,Platinum,0.0
BKG303480,CUST100984,HTL200759,2026-03-08,2026-04-13,2026-04-15,12196.86,1317.26,1219.69,12294.43,Website,Completed,Paid,Jaipur,Executive,5,Silver,0.0
BKG303481,CUST100791,HTL200429,2026-04-28,2026-05-14,2026-05-18,79558.97,7637.66,15911.79,71284.84,call center,Confirmed,PAID,Manali,Standard,3,Blue,0.0
BKG303482,CUST100511,HTL200000,2026-02-07,2026-02-22,2026-02-23,10200.04,1101.6,1020.0,10281.64,Mobile App,Check-in Denied,Refunded,Chennai,Suite,5,Platinum,3084.49
BKG303483,CUST101012,HTL200040,2026-05-11,2026-06-09,2026-06-11,36444.93,4154.72,1822.25,38777.4,Mobile App,Completed,Paid,Kolkata,Family Room,5,Silver,0.0
BKG303484,CUST100381,HTL200584,2026-04-22,2026-05-10,2026-05-11,12715.49,1525.86,0.0,14241.35,Website,Confirmed,Payment Failed,Agra,Standard,3,Gold,0.0
BKG303485,CUST101176,HTL200671,2026-05-13,2026-06-01,2026-06-04,37782.97,4080.56,3778.3,38085.23,Mobile App,Completed,Paid,Bengaluru,Suite,3,Silver,0.0
BKG303486,CUST100451,HTL200211,2026-02-23,2026-03-24,2026-03-26,23560.57,2261.81,4712.11,21110.27,Mobile App,Confirmed,Paid,Kochi,Deluxe,2,Silver,0.0
BKG303487,CUST101142,HTL200332,2026-02-03,2026-02-09,2026-02-10,13865.01,1580.61,693.25,14752.37,Mobile App,Confirmed,Payment Failed,Udaipur,Executive,4,Blue,0.0
BKG303488,CUST100213,HTL200807,2026-02-08,2026-03-07,2026-03-13,11355.62,1294.54,567.78,12082.38,Mobile App,Confirmed,Paid,Manali,Deluxe,4,Blue,0.0
BKG303489,CUST100564,HTL200650,2026-04-22,2026-04-29,2026-05-04,19305.76,2200.86,965.29,20541.33,Mobile App,Confirmed,Paid,Ahmedabad,Deluxe,1,Blue,0.0
BKG303490,CUST100731,HTL200445,2026-03-29,2026-04-25,2026-04-28,40672.01,4392.58,4067.2,40997.39,Mobile App,Cancelled,Refunded,Kolkata,Executive,2,Blue,40997.39
BKG303491,CUST100438,HTL200941,2026-02-17,2026-03-08,2026-03-10,30071.68,3608.6,0.0,33680.28,Mobile App,Cancelled,Refund Pending,Mumbai,Standard,2,Platinum,33680.28
BKG303492,CUST100754,HTL200303,2026-02-18,2026-03-07,2026-03-09,26320.69,2684.71,3948.1,25057.3,Mobile App,Completed,Paid,Agra,Executive,2,Platinum,0.0
BKG303493,CUST100628,HTL200554,2026-02-03,2026-03-16,2026-03-21,65830.9,6714.75,9874.64,62671.01,WeBsItE,Cancelled,Refunded,Jaipur,Suite,2,Silver,43869.71
BKG303494,CUST100902,HTL200690,2026-04-10,2026-04-21,2026-04-26,12352.73,1334.09,1235.27,12451.55,Website,Completed,Paid,Agra,Deluxe,5,Blue,0.0
BKG303495,CUST101065,HTL200700,2026-05-15,2026-05-20,2026-05-27,39382.65,4725.92,0.0,44108.57,Mobile App,Confirmed,Paid,Varanasi,Executive,2,Blue,0.0
BKG303496,CUST100394,HTL200757,2026-01-18,2026-01-20,2026-01-21,12528.64,1353.09,1252.86,12628.87,Mobile App,Completed,Paid,Agra,Family Room,1,Silver,0.0
BKG303497,CUST100246,HTL200809,2026-03-11,2026-03-23,2026-03-24,3503.94,420.47,0.0,3924.41,Website,completed,Paid,  Shimla  ,Executive,4,Silver,0.0
BKG303498,CUST100904,HTL200153,2026-04-24,2026-06-05,2026-06-06,6176.46,704.12,308.82,6571.76,Mobile App,Confirmed,Paid,Udaipur,Executive,2,Blue,0.0
BKG303499,CUST100247,HTL200615,2026-02-03,2026-03-17,2026-03-24,115184.63,13822.16,0.0,129006.79,Website,Completed,Paid,Delhi,Suite,4,Blue,0.0
BKG303500,CUST100598,HTL200522,2026-02-20,2026-03-03,2026-03-07,10682.58,1153.72,1068.26,10768.04,Mobile App,Cancelled,Refund Pending,Agra,Deluxe,3,Silver,4845.62
BKG303501,CUST100864,HTL200024,2026-04-15,2026-04-25,2026-04-28,29073.55,3314.38,1453.68,30934.25,Mobile App,CANCELLED,PaId,  Shimla  ,Suite,1,Silver,13920.41
BKG303502,CUST100083,HTL200807,2026-04-03,2026-05-01,2026-05-03,3778.78,385.43,566.82,3597.39,Mobile App,Confirmed,Paid,Manali,Suite,3,Gold,0.0
BKG303503,CUST100772,HTL200024,2026-05-22,2026-05-29,2026-06-01,29114.29,2969.66,4367.14,27716.81,Website,Confirmed,Paid,Shimla,Family Room,2,Silver,0.0
BKG303504,CUST100050,HTL200595,2026-03-10,2026-03-24,2026-03-29,73644.97,7069.92,14728.99,65985.9,Mobile App,Confirmed,Paid,Shimla,Suite,5,Gold,0.0
BKG303505,CUST100549,HTL200105,2026-03-30,2026-99-99,2026-04-18,49186.51,5902.38,0.0,55088.89,Website,Check-in Denied,Paid,Chennai,Suite,5,Silver,27544.44
BKG303506,CUST100770,HTL200752,2026-04-13,2026-04-18,2026-04-21,18853.42,2262.41,0.0,21115.83,Mobile App,Cancelled,Refund Pending,Kolkata,Family Room,1,Blue,9502.12
BKG303507,CUST100980,HTL200118,2026-05-16,2026-06-27,2026-06-30,16146.62,1840.71,807.33,17180.0,Mobile App,Cancelled,Refunded,Mumbai,Standard,2,Blue,0.0
BKG303508,CUST100464,HTL200970,2026-05-23,2026-05-31,2026-06-01,12070.29,1448.43,0.0,13518.72,Mobile App,Completed,Payment Failed,Kolkata,Suite,2,Silver,0.0
BKG303509,CUST100418,HTL200107,2026-03-24,2026-03-25,2026-03-30,37343.79,4481.25,0.0,41825.04,Mobile App,Completed,Paid,Pune,Executive,2,Silver,0.0
BKG303510,CUST100086,HTL200329,2026-01-11,2026-01-16,2026-01-19,49541.75,5350.51,4954.17,49938.09,Mobile App,Confirmed,Payment Failed,Kochi,Suite,2,Silver,0.0
BKG303511,CUST100258,HTL200179,2026-05-28,2026-06-08,2026-06-10,13098.08,1414.59,1309.81,13202.86,Mobile App,  Cancelled  ,Refund Pending,Mumbai,Deluxe,1,Platinum,5941.29
BKG303512,CUST100310,HTL200880,2026-02-05,2026-03-20,2026-03-21,8160.69,979.28,0.0,9139.97,Mobile App,Cancelled,Refund Pending,Ahmedabad,Executive,1,Silver,6397.98
BKG303513,CUST100172,HTL200130,2026-03-23,2026-04-02,2026-04-09,65727.52,7492.94,3286.38,69934.08,Mobile App,Completed,Payment Failed,Agra,Executive,1,Blue,0.0
BKG303514,CUST100939,HTL200806,2026-05-22,2026-06-06,2026-06-09,32438.61,3503.37,3243.86,32698.12,Website,Confirmed,Paid,Ahmedabad,Standard,5,Blue,0.0
BKG303515,CUST100504,HTL200602,2026-02-07,2026-03-18,2026-03-23,20619.28,2474.31,0.0,23093.59,Website,Cancelled,Refund Pending,Chennai,Deluxe,2,Silver,16165.51
BKG303516,CUST100328,HTL200930,2026-03-30,2026-04-28,2026-05-04,87338.43,8908.52,13100.76,83146.19,Mobile App,Confirmed,Paid,Jaipur,Deluxe,3,Blue,0.0
BKG303517,CUST100195,HTL200752,2026-01-01,2026-01-26,2026-01-28,13331.68,1599.8,0.0,14931.48,Mobile App,Cancelled,Refunded,Kolkata,Deluxe,4,Blue,6719.17
BKG303518,CUST100061,HTL200758,2026-04-14,2026-04-20,2026-04-26,90693.55,10883.23,0.0,101576.78,mobile app,Completed,Paid,Varanasi,Suite,1,Platinum,0.0
BKG303519,CUST101048,HTL200167,2026-03-06,2026-03-17,2026-03-22,54554.25,6546.51,0.0,61100.76,Mobile App,Completed,Paid,ahmedabad,Suite,1,Gold,0.0
BKG303520,CUST100561,HTL200222,2026-01-01,2026-01-18,2026-01-23,99894.5,11987.34,0.0,111881.84,Mobile App,Completed,Payment Failed,Shimla,Executive,5,Blue,0.0
BKG303521,CUST100896,HTL200468,2026-05-05,2026-05-20,2026-05-25,54017.01,5509.73,8102.55,51424.19,Mobile App,Completed,Paid,Kochi,Standard,5,Blue,0.0
BKG303522,CUST101075,HTL200277,2026-03-01,2026-03-17,2026-03-23,100731.81,12087.82,0.0,112819.63,Website,Confirmed,Paid,Pune,Suite,4,Blue,0.0
BKG303523,CUST100843,HTL200189,2026-01-25,2026-01-27,2026-01-31,41750.28,4509.03,4175.03,42084.28,Website,Check-in Denied,Refund Pending,agra,Suite,5,Gold,0.0
BKG303524,CUST100039,HTL200530,2026-04-01,2026-05-07,2026-05-09,16754.55,1910.02,837.73,17826.84,Mobile App,Pending,Paid,Ahmedabad,Standard,1,Blue,0.0
BKG303525,CUST100727,HTL200525,2026-05-18,2026-06-06,2026-06-11,67420.7,7281.44,6742.07,67960.07,Website,Completed,Paid,Jaipur,Deluxe,2,Gold,0.0
BKG303526,CUST100456,HTL200996,2026-02-19,2026-03-29,2026-04-02,64664.39,6207.78,12932.88,57939.29,Mobile App,Completed,Paid,Kochi,Executive,2,Gold,0.0
BKG303527,CUST100877,HTL200754,2026-05-20,2026-06-10,2026-06-11,11947.69,1218.67,1792.15,11374.21,Mobile App,Completed,Paid,Bengaluru,Suite,5,Silver,0.0
BKG303528,CUST100787,HTL200620,2026-04-02,2026-04-13,2026-04-17,9459.34,1135.12,0.0,10594.46,Website,Completed,Paid,UDAIPUR,Standard,4,Platinum,0.0
BKG303529,CUST100001,HTL200945,2026-02-01,2026-03-14,2026-03-15,17372.51,1772.0,2605.88,16538.63,Mobile App,Check-in Denied,Paid,Pune,Standard,2,Blue,8269.32
BKG303530,CUST101129,HTL200189,2026-02-02,2026-02-05,2026-02-11,58177.55,6632.24,2908.88,61900.91,Website,Confirmed,Paid,Agra,Deluxe,1,Blue,0.0
BKG303531,CUST100215,HTL200982,2026-01-26,2026-03-01,2026-03-08,73906.18,8425.3,3695.31,78636.17,Mobile App,Confirmed,paid,Jaipur,Family Room,2,Blue,0.0
BKG303532,CUST100776,HTL200217,2026-02-11,2026-03-01,2026-03-08,94015.98,10153.73,9401.6,94768.11,Website,Check-in Denied,REFUND PENDING,Pune,Family Room,4,Blue,47384.06
BKG303533,CUST100678,HTL200298,2026-03-02,2026-03-17,2026-03-21,31872.41,3059.75,6374.48,28557.68,Mobile App,Confirmed,Paid,Varanasi,Family Room,5,Gold,0.0
BKG303534,CUST100413,HTL200310,2026-02-10,2026-03-07,2026-03-13,94351.63,11322.2,0.0,105673.83,Website,Cancelled,Refund Pending,ShImLa,Family Room,3,Blue,47553.22
BKG303535,CUST100209,HTL200235,2026-05-10,2026-05-25,2026-05-30,89227.8,9636.6,8922.78,89941.62,Mobile App,Confirmed,Paid,Goa,Suite,2,Blue,0.0
BKG303536,CUST101081,HTL200167,2026-04-09,2026-05-09,2026-05-13,41369.11,4964.29,0.0,46333.4,Mobile App,Pending,Paid,Ahmedabad,Standard,1,Blue,0.0
BKG303537,CUST100042,HTL200779,2026-04-08,2026-04-25,2026-04-29,19117.27,2179.37,955.86,20340.78,PARTNER DESK,Cancelled,Paid,Goa,Executive,4,Silver,9153.35
BKG303538,CUST100137,HTL200192,2026-01-31,2026-02-18,2026-02-23,25977.72,2649.73,3896.66,24730.79,Website,No Show,Refund Pending,Agra,Suite,2,Silver,12365.4
BKG303539,CUST100637,HTL200241,2026-04-25,2026-05-26,2026-05-27,13782.27,1488.48,1378.23,13892.52,Website,Check-in Denied,Refund Pending,Kolkata,Family Room,3,Gold,13892.52
BKG303540,CUST100468,HTL200161,2026-05-27,2026-07-09,2026-07-14,33412.17,4009.46,0.0,37421.63,Mobile App,Confirmed,Paid,Goa,Executive,5,Silver,0.0
BKG303541,CUST100725,HTL200875,2026-02-17,2026-03-07,2026-03-09,30828.01,3514.39,1541.4,32801.0,Mobile App,Completed,Paid,Pune,Executive,2,Blue,0.0
BKG303542,CUST100201,HTL200338,2026-01-02,2026-02-06,2026-02-13,77692.61,7924.65,11653.89,73963.37,Mobile App,Completed,Paid,Mumbai,Family Room,4,Blue,0.0
BKG303543,CUST100191,HTL200790,2026-05-19,2026-06-01,2026-06-08,48272.66,5503.08,2413.63,51362.11,Mobile App,Cancelled,Refund Pending,Udaipur,Executive,2,Silver,35953.48
BKG303544,CUST100106,HTL200454,2026-04-11,2026-04-25,2026-04-29,71210.57,8545.27,0.0,79755.84,Website,Confirmed,Paid,Agra,Suite,5,Blue,0.0
BKG303545,CUST100326,HTL200134,2026-05-08,2026-06-13,2026-06-15,32410.33,3694.78,1620.52,34484.59,Website,No Show,Refunded,VARANASI,Deluxe,4,Gold,10345.38
BKG303546,CUST100749,HTL200192,2026-02-28,2026-03-18,2026-03-23,27683.9,2657.65,5536.78,24804.77,Partner Desk,Confirmed,Paid,Agra,Suite,3,Silver,0.0
BKG303547,CUST100643,HTL200401,2026-04-30,2026-05-05,2026-05-12,72717.73,7853.51,7271.77,73299.47,Mobile App,No Show,Refund Pending,Bengaluru,Suite,1,Silver,21989.84
BKG303548,CUST100356,HTL200391,2026-02-07,2026-02-21,2026-02-27,103913.06,11222.61,10391.31,104744.36,Mobile App,completed,Paid,Varanasi,Deluxe,5,Silver,0.0
BKG303549,CUST100594,HTL200600,2026-04-17,2026-05-12,2026-05-17,97186.49,9913.02,14577.97,92521.54,Website,CoMpLeTeD,Paid,Pune,Family Room,2,Blue,0.0
BKG303550,CUST100500,HTL200041,2026-01-21,2026-03-06,2026-03-09,13274.31,1592.92,0.0,14867.23,Website,Completed,Payment Failed,Bengaluru,Family Room,3,Silver,0.0
BKG303551,CUST100467,HTL200092,2026-02-11,2026-03-22,2026-03-24,15844.9,1711.25,1584.49,15971.66,Website,Confirmed,Paid,Varanasi,Deluxe,4,Silver,0.0
BKG303552,CUST100507,HTL200214,2026-05-17,2026-05-29,2026-06-05,113913.05,12986.09,5695.65,121203.49,Website,Confirmed,Paid,Mumbai,Suite,4,Silver,0.0
BKG303553,CUST100105,HTL200348,2026-05-20,2026-06-29,2026-07-02,45093.79,5411.25,0.0,50505.04,Website,Completed,Paid,Jaipur,Standard,4,Blue,0.0
BKG303554,CUST101089,HTL200512,2026-01-10,2026-02-07,2026-02-09,7878.15,945.38,0.0,8823.53,Mobile App,Completed,Paid,Shimla,Executive,2,Silver,0.0
BKG303555,CUST100194,HTL200334,2026-05-13,2026-06-17,2026-06-23,69987.95,7138.77,10498.19,66628.53,Website,Cancelled,Refund Pending,MaNaLi,Executive,5,Gold,0.0
BKG303556,CUST100046,HTL200398,2026-02-02,2026-02-03,2026-02-06,58445.24,7013.43,0.0,65458.67,Mobile App,Confirmed,Paid,Pune,Executive,3,Blue,0.0
BKG303557,CUST101008,HTL200923,2026-03-10,2026-03-13,2026-03-16,16320.46,1860.53,816.02,17364.97,Website,CoMpLeTeD,Paid,Varanasi,Standard,4,Blue,0.0
BKG303558,CUST100536,HTL200163,2026-03-21,2026-05-03,2026-05-05,35959.52,4099.38,1797.98,38260.92,Website,No Show,ReFuNd pEnDiNg,Varanasi,Suite,1,Blue,11478.28
BKG303559,CUST100846,HTL200105,2026-04-11,2026-04-18,2026-04-23,44871.18,5384.54,0.0,50255.72,Mobile App,Cancelled,Refund Pending,Chennai,Family Room,5,Silver,35179.0
BKG303560,CUST100708,HTL200231,2026-01-29,2026-02-07,2026-02-08,6648.62,757.94,332.43,7074.13,Mobile App,Confirmed,Paid,Varanasi,Deluxe,3,Silver,0.0
BKG303561,CUST100807,HTL200991,2026-05-26,2026-07-01,2026-07-06,23589.77,2547.69,2358.98,23778.48,Mobile App,Cancelled,Refunded,Chennai,Executive,3,Blue,16644.94
BKG303562,CUST100611,HTL200557,2026-05-14,2026-06-06,2026-06-07,3469.8,416.38,0.0,3886.18,MOBILE APP,Pending,Paid,Delhi,Standard,4,Gold,0.0
BKG303563,CUST100114,HTL200716,2026-02-22,2026-03-18,2026-03-20,18940.19,2272.82,0.0,21213.01,Mobile App,Check-in Denied,Paid,pune,Deluxe,1,Gold,21213.01
BKG303564,CUST100679,HTL200532,2026-05-04,2026-05-14,2026-05-18,17463.64,1886.07,1746.36,17603.35,Mobile App,cancelled,Refunded,Bengaluru,Suite,4,Silver,7921.51
BKG303565,CUST100630,HTL200176,2026-02-11,2026-02-23,2026-02-28,51742.44,5588.18,5174.24,52156.38,Mobile App,Completed,  Paid  ,Kolkata,Standard,5,Blue,0.0
BKG303566,CUST101188,HTL200678,2026-02-16,2026-03-07,2026-03-10,44080.9,4760.74,4408.09,44433.55,Mobile App,Confirmed,Paid,Hyderabad,Standard,2,Blue,0.0
BKG303567,CUST100218,HTL200293,2026-01-11,2026-02-12,2026-02-17,16447.15,1973.66,0.0,18420.81,Mobile App,Completed,Paid,Kolkata,Deluxe,5,Blue,0.0
BKG303568,CUST100196,HTL200264,2026-03-24,2026-04-17,2026-04-19,9669.28,986.27,1450.39,9205.16,Mobile App,Cancelled,Refund Pending,Udaipur,Deluxe,1,Blue,9205.16
BKG303569,CUST100400,HTL200787,2026-04-19,2026-05-11,2026-05-15,29260.32,3335.68,1463.02,31132.98,Mobile App,Confirmed,Paid,Ahmedabad,Executive,2,Gold,0.0
BKG303570,CUST100748,HTL200851,2026-01-27,2026-01-30,2026-02-03,74968.0,8096.54,7496.8,75567.74,Mobile App,Confirmed,Paid,Hyderabad,Suite,3,Silver,0.0
BKG303571,CUST100680,HTL200519,2026-03-03,2026-04-12,2026-04-17,45168.46,5420.21,0.0,50588.67,Mobile App,Completed,Partially Paid,Ahmedabad,Deluxe,4,Gold,0.0
BKG303572,CUST100075,HTL200269,2026-05-28,2026-06-24,2026-06-29,9756.69,1170.8,0.0,10927.49,Call Center,Completed,Paid,Manali,Executive,5,Platinum,0.0
BKG303573,CUST100286,HTL200829,2026-05-11,2026-05-30,2026-06-05,99053.08,10103.41,14857.96,94298.53,Mobile App,Confirmed,Paid,Goa,Executive,4,Silver,0.0
BKG303574,CUST100860,HTL200211,2026-05-24,2026-06-02,2026-06-07,50685.25,6082.23,0.0,56767.48,  Website  ,Completed,Paid,kochi,Deluxe,5,Gold,0.0
BKG303575,CUST100741,HTL200162,2026-04-13,2026-04-26,2026-04-28,29890.58,3586.87,0.0,33477.45,Mobile App,No Show,Paid,Kochi,Standard,4,Silver,16738.72
BKG303576,CUST100293,HTL200822,2026-02-13,2026-02-15,2026-02-16,3382.38,365.3,338.24,3409.44,Mobile App,Confirmed,Paid,Goa,Standard,2,Blue,0.0
BKG303577,CUST100808,HTL200556,2026-04-03,2026-05-09,2026-05-15,46126.62,4981.67,4612.66,46495.63,Mobile App,Pending,Paid,Ahmedabad,Standard,4,Blue,0.0
BKG303578,CUST100885,HTL200916,2026-01-30,2026-02-28,2026-03-01,8180.08,883.45,818.01,8245.52,Mobile App,Completed,Paid,Mumbai,Executive,1,Silver,0.0
BKG303579,CUST100413,HTL200744,2026-04-29,2026-05-10,2026-05-13,44341.09,4788.84,4434.11,44695.82,Mobile App,Confirmed,Paid,Mumbai,Standard,1,Silver,0.0
BKG303580,CUST100430,HTL200052,2026-01-29,2026-03-04,2026-03-11,25926.13,2955.58,1296.31,27585.4,Website,Confirmed,Paid,Shimla,Suite,4,Gold,0.0
BKG303581,CUST101119,HTL200232,2026-01-30,2026-02-03,2026-02-05,13631.46,1553.99,681.57,14503.88,Website,Confirmed,Paid,mumbai,Standard,3,Silver,0.0
BKG303582,CUST100170,HTL200437,2026-04-14,2026-04-18,2026-04-24,74482.96,7150.36,14896.59,66736.73,Call Center,Confirmed,Paid,Goa,Standard,1,Blue,0.0
BKG303583,CUST100543,HTL200853,2026-04-20,2026-04-21,2026-04-25,48475.41,5235.34,4847.54,48863.21,Website,Cancelled,Refund Pending,Jaipur,Executive,5,Blue,48863.21
BKG303584,CUST100988,HTL200682,2026-02-01,2026-02-26,2026-03-04,47055.04,5081.95,4705.5,47431.49,Website,Cancelled,Paid,Shimla,Family Room,4,Blue,0.0
BKG303585,CUST100071,HTL200517,2026-05-18,2026-06-13,2026-06-16,4647.86,557.74,0.0,5205.6,Mobile App,No Show,Refunded,Manali,Suite,4,Blue,5205.6
BKG303586,CUST101022,HTL200950,2026-02-20,2026-03-03,2026-03-07,65005.77,6630.59,9750.87,61885.49,Website,Completed,Paid,Goa,Executive,1,Blue,0.0
BKG303587,CUST100531,HTL200043,2026-05-16,2026-06-08,2026-06-14,8084.88,970.19,0.0,9055.07,Website,Completed,Partially Paid,Kochi,Suite,3,Silver,0.0
BKG303588,CUST100238,HTL200602,2026-02-05,2026-02-07,2026-02-11,14867.51,1605.69,1486.75,14986.45,Mobile App,Confirmed,Paid,Chennai,Suite,5,Blue,0.0
BKG303589,CUST100710,HTL200707,2026-02-24,2026-03-15,2026-03-20,30460.48,3472.5,1523.02,32409.96,Website,Completed,Paid,DELHI,Standard,1,Silver,0.0
BKG303590,CUST100576,HTL200515,2026-02-05,2026-03-06,2026-03-10,45721.9,4937.96,4572.19,46087.67,MoBiLe aPp,Completed,Paid,Agra,Suite,1,Blue,0.0
BKG303591,CUST101112,HTL200632,2026-02-25,2026-04-06,2026-04-12,97471.31,11111.73,4873.57,103709.47,Mobile App,CoMpLeTeD,Paid,Manali,Standard,2,Blue,0.0
BKG303592,CUST100712,HTL200574,2026-02-05,2026-02-09,2026-02-13,19442.39,2099.78,1944.24,19597.93,Partner Desk,Check-in Denied,Refund Pending,Pune,Suite,1,Silver,0.0
BKG303593,CUST100641,HTL200091,2026-03-30,2026-04-15,2026-04-17,19555.28,2346.63,0.0,21901.91,Website,Completed,Paid,Bengaluru,Family Room,5,Blue,0.0
BKG303594,CUST101177,HTL200758,2026-03-03,2026-04-09,2026-04-14,79003.53,9006.4,3950.18,84059.75,Call Center,Cancelled,Refunded,Varanasi,Suite,2,Platinum,0.0
BKG303595,CUST100589,HTL200730,2026-04-19,2026-05-16,2026-05-21,36999.62,3773.96,5549.94,35223.64,WeBsItE,Completed,Paid,Delhi,Deluxe,3,Silver,0.0
BKG303596,CUST100189,HTL200953,2026-03-28,2026-04-02,2026-04-05,10168.32,1220.2,0.0,11388.52,Mobile App,Confirmed,Paid,Udaipur,Standard,3,Blue,0.0
BKG303597,CUST100811,HTL200437,2026-03-05,2026-03-20,2026-03-25,82284.25,9874.11,0.0,92158.36,Mobile App,Cancelled,Refunded,Goa,Family Room,1,Silver,41471.26
BKG303598,CUST101177,HTL200336,2026-02-26,2026-03-21,2026-03-22,7468.47,851.41,373.42,7946.46,Mobile App,Confirmed,Payment Failed,Kolkata,Standard,5,Blue,0.0
BKG303599,CUST101014,HTL200742,2026-04-23,2026-04-26,2026-04-28,23581.21,2263.8,4716.24,21128.77,Website,Completed,Paid,Goa,Family Room,3,Silver,0.0
BKG303600,CUST100624,HTL200293,2026-03-11,2026-03-29,2026-04-01,9701.02,1164.12,0.0,10865.14,Mobile App,Completed,Partially Paid,Kolkata,Standard,5,Blue,0.0
BKG303601,CUST100628,,2026-01-20,2026-03-04,2026-03-05,15426.84,1851.22,0.0,17278.06,Website,confirmed,Payment Failed,Chennai,Deluxe,5,Silver,0.0
BKG303602,CUST100888,HTL200819,2026-02-23,2026-03-21,2026-03-25,11925.66,1287.97,1192.57,12021.06,Mobile App,Completed,Payment Failed,Mumbai,Deluxe,2,Silver,0.0
BKG303603,CUST101058,HTL200924,2026-01-01,2026-01-07,2026-01-14,111582.0,13389.84,0.0,124971.84,Website,confirmed,Paid,Udaipur,Family Room,1,Gold,0.0
BKG303604,CUST100783,HTL200679,2026-03-31,2026-05-14,2026-05-15,10126.01,1154.37,506.3,10774.08,Mobile App,Confirmed,Paid,Pune,Executive,5,Blue,0.0
BKG303605,CUST100670,HTL200966,2026-05-18,2026-06-04,2026-06-07,4048.77,412.97,607.32,3854.42,Mobile App,Cancelled,Refunded,Goa,Standard,5,Silver,1734.49
BKG303606,CUST100721,HTL200263,2026-04-23,2026-05-31,2026-06-05,20209.05,2425.09,0.0,22634.14,Mobile App,Completed,Paid,PUNE,Executive,5,Silver,0.0
BKG303607,CUST100525,HTL200104,2026-01-13,2026-02-24,2026-02-26,12255.44,1323.59,1225.54,12353.49,Mobile App,Confirmed,Partially Paid,Udaipur,Suite,1,Silver,0.0
BKG303608,CUST100536,HTL200992,2026-04-20,2026-05-17,2026-05-24,44376.59,5058.93,2218.83,47216.69,Mobile App,Completed,Paid,Chennai,Deluxe,2,Gold,0.0
BKG303609,CUST100846,HTL200223,2026-04-01,2026-04-21,2026-04-24,13390.17,1365.8,2008.53,12747.44,WEBSITE,Cancelled,ReFuNd pEnDiNg,Shimla,Standard,5,Blue,0.0
BKG303610,CUST100995,HTL200418,2026-04-05,2026-04-11,2026-04-12,4782.06,459.08,956.41,4284.73,Mobile App,Confirmed,Paid,Goa,Deluxe,4,Gold,0.0
BKG303611,CUST101124,HTL200977,2026-02-12,2026-03-19,2026-03-26,98929.73,11277.99,4946.49,105261.23,Website,Completed,Paid,Pune,Suite,2,Blue,0.0
BKG303612,CUST100913,HTL200114,2026-05-18,2026-05-30,2026-05-31,2560.51,276.54,256.05,2581.0,Call Center,Completed,Paid,Kolkata,Family Room,1,Blue,0.0
BKG303613,CUST100177,HTL200890,2026-03-15,2026-03-18,2026-03-21,40278.98,4350.13,4027.9,40601.21,MOBILE APP,No Show,Paid,Varanasi,Standard,3,Blue,40601.21
BKG303614,CUST100275,HTL200234,2026-01-14,2026-01-18,2026-01-25,65513.71,7468.56,3275.69,69706.58,  Mobile App  ,Completed,Paid,Kolkata,Standard,5,Silver,0.0
BKG303615,CUST100311,HTL200783,2026-04-09,2026-04-13,2026-04-19,7761.02,931.32,0.0,8692.34,Website,Confirmed,Paid,Kolkata,Standard,4,Silver,0.0
BKG303616,CUST100790,HTL200273,2026-04-19,2026-04-23,2026-04-29,83626.46,8028.14,16725.29,74929.31,mobile app,Completed,Paid,Hyderabad,Family Room,3,Silver,0.0
BKG303617,CUST100697,HTL200954,2026-05-25,2026-07-03,2026-07-06,7294.78,831.61,364.74,7761.65,Mobile App,Completed,Partially Paid,Bengaluru,Deluxe,3,Blue,0.0
BKG303618,CUST100026,HTL200229,2026-05-29,2026-06-19,2026-06-25,96661.87,11599.42,0.0,108261.29,Mobile App,Confirmed,Paid,Varanasi,Family Room,5,Silver,0.0
BKG303619,CUST100912,HTL200728,2026-04-06,2026-05-20,2026-05-23,23785.0,2426.07,3567.75,22643.32,Mobile App,No Show,  Refund Pending  ,Goa,Deluxe,5,Blue,0.0
BKG303620,CUST100421,HTL200033,2026-02-27,2026-03-01,2026-03-06,34882.44,3767.3,3488.24,35161.5,Mobile App,Confirmed,Paid,Agra,Standard,3,Silver,0.0
BKG303621,CUST101037,HTL200387,2026-05-16,2026-06-01,2026-06-08,35826.34,4299.16,0.0,40125.5,Mobile App,Confirmed,Paid,Chennai,Family Room,4,Blue,0.0
BKG303622,CUST100500,HTL200708,2026-04-06,2026-04-13,2026-04-16,11386.73,1366.41,0.0,12753.14,Mobile App,Confirmed,Paid,Jaipur,Suite,2,Blue,0.0
BKG303623,CUST100907,HTL200500,2026-02-07,2026-02-26,2026-03-02,68548.67,7814.55,3427.43,72935.79,Mobile App,Cancelled,ReFuNd pEnDiNg,Kochi,Family Room,5,Silver,72935.79
BKG303624,CUST100324,HTL200894,2026-03-05,2026-04-17,2026-04-19,19249.78,1847.98,3849.96,17247.8,Mobile App,Completed,Paid,Goa,Deluxe,5,Gold,0.0
BKG303625,CUST100284,HTL200461,2026-01-09,2026-02-11,2026-02-13,27018.88,2593.81,5403.78,24208.91,Mobile App,Confirmed,Paid,Kochi,Standard,1,Blue,0.0
BKG303626,CUST101112,HTL200448,2026-05-01,2026-05-10,2026-05-14,75824.36,8643.98,3791.22,80677.12,Mobile App,Cancelled,Paid,Pune,Deluxe,5,Silver,0.0
BKG303627,CUST101068,HTL200828,2026-02-01,2026-03-10,2026-03-11,10403.47,1061.15,1560.52,9904.1,Mobile App,Confirmed,Partially Paid,Shimla,Executive,1,Blue,0.0
BKG303628,CUST100497,HTL200213,2026-01-11,2026-01-28,2026-01-29,16875.48,1923.8,843.77,17955.51,Mobile App,Confirmed,Partially Paid,Chennai,Standard,3,Gold,0.0
BKG303629,CUST100911,HTL200045,2026-04-15,2026-05-12,2026-05-13,11653.66,1258.59,1165.37,11746.88,WeBsItE,Confirmed,Paid,Goa,Suite,4,Blue,0.0
BKG303630,CUST100144,HTL200404,2026-05-26,2026-06-28,2026-07-05,64632.42,7368.1,3231.62,68768.9,Mobile App,Check-in Denied,Paid,Ahmedabad,Suite,1,Gold,0.0
BKG303630,CUST100947,HTL200332,2026-05-27,2026-06-08,2026-06-09,12099.29,1379.32,604.96,12873.65,Call Center,Cancelled,Refunded,Udaipur,Executive,1,Blue,9011.55
BKG303632,CUST100081,HTL200239,2026-03-23,2026-04-03,2026-04-08,9180.67,1046.6,459.03,9768.24,Mobile App,Cancelled,Refund Pending,Delhi,Deluxe,2,Gold,0.0
BKG303633,CUST100979,HTL200253,2026-02-06,2026-02-19,2026-02-23,58949.36,7073.92,0.0,66023.28,Website,Confirmed,Paid,Delhi,Suite,3,Blue,0.0
BKG303634,CUST101190,HTL200227,2026-03-23,2026-04-23,2026-04-25,39732.44,4767.89,0.0,44500.33,Mobile App,Completed,Partially Paid,Pune,Deluxe,1,Blue,0.0
BKG303635,CUST101128,HTL200732,2026-01-12,2026-01-25,2026-01-29,7743.03,882.71,387.15,8238.59,Website,COMPLETED,Paid,  Delhi  ,Standard,1,Silver,0.0
BKG303636,CUST100487,HTL200890,2026-01-04,2026-02-11,2026-02-13,22535.17,2163.38,4507.03,20191.52,Mobile App,Completed,Paid,Varanasi,Family Room,3,Blue,0.0
BKG303637,CUST100081,HTL200165,2026-02-12,2026-03-10,2026-03-11,5023.44,482.25,1004.69,4501.0,Mobile App,Confirmed,Paid,Udaipur,Standard,5,Blue,0.0
BKG303638,CUST100093,HTL200584,2026-02-20,2026-03-23,2026-03-28,66529.55,6786.01,9979.43,63336.13,Mobile App,Cancelled,Refunded,Agra,Deluxe,4,Blue,0.0
BKG303639,CUST100342,HTL200736,2026-01-05,2026-01-27,2026-01-30,5439.5,652.74,0.0,6092.24,Mobile App,Confirmed,Paid,Bengaluru,Executive,3,Blue,0.0
BKG303640,CUST100796,HTL200510,2026-05-14,2026-05-20,2026-05-23,4629.17,527.73,231.46,4925.44,Website,Completed,partially paid,Udaipur,Standard,2,Gold,0.0
BKG303641,CUST100360,HTL200597,2026-03-28,2026-04-17,2026-04-23,50836.05,5795.31,2541.8,54089.56,WEBSITE,Completed,Paid,Ahmedabad,Suite,2,Silver,0.0
BKG303642,CUST101089,HTL200592,2026-04-16,2026-05-07,2026-05-08,5313.42,605.73,265.67,5653.48,Mobile App,Completed,Partially Paid,Kolkata,Standard,4,Blue,0.0
BKG303643,CUST100623,HTL200955,2026-02-25,2026-03-07,2026-03-08,17859.03,2143.08,0.0,20002.11,MOBILE APP,Confirmed,Paid,Manali,Standard,2,Platinum,0.0
BKG303644,CUST100867,HTL200726,2026-04-20,2026-05-09,2026-05-13,30703.79,3316.01,3070.38,30949.42,Mobile App,Confirmed,Paid,Agra,Standard,3,Gold,0.0
BKG303645,CUST100428,HTL200675,2026-03-09,2026-04-13,2026-04-18,24097.08,2891.65,0.0,26988.73,Mobile App,Completed,Paid,Hyderabad,Executive,5,Blue,0.0
BKG303646,CUST100170,HTL200389,2026-04-06,2026-05-02,2026-05-07,54016.83,5509.72,8102.52,51424.03,Mobile App,Pending,Paid,Udaipur,Deluxe,2,Blue,0.0
BKG303647,CUST100577,HTL200751,2026-02-13,2026-02-20,2026-02-24,63028.47,6807.07,6302.85,63532.69,Mobile App,Pending,Paid,Jaipur,Executive,3,Blue,0.0
BKG303648,CUST100067,HTL200422,2026-05-23,2026-06-29,2026-07-04,9658.91,1101.11,482.95,10277.07,Website,Confirmed,Paid,Shimla,Suite,2,Silver,0.0
BKG303649,CUST101057,HTL200924,2026-03-31,2026-04-08,2026-04-15,135016.37,14581.77,13501.64,136096.5,Mobile App,Confirmed,Partially Paid,Udaipur,Deluxe,1,Silver,0.0
BKG303650,CUST100000,HTL200410,2026-02-11,2026-02-16,2026-02-23,28350.32,3402.04,0.0,31752.36,Website,Completed,Paid,Goa,Suite,1,Platinum,0.0
BKG303651,CUST100150,HTL200580,2026-05-19,2026-07-02,2026-07-07,90573.94,10868.87,0.0,101442.81,Website,Completed,Paid,Kochi,Deluxe,5,Blue,0.0
BKG303652,CUST100901,HTL200648,2026-03-14,2026-04-19,2026-04-26,48758.72,5558.49,2437.94,51879.27,Mobile App,Cancelled,Paid,Jaipur,Deluxe,1,Gold,51879.27
BKG303653,CUST100257,HTL200663,2026-01-11,2026-02-08,2026-02-11,20745.49,2116.04,3111.82,19749.71,Mobile App,Completed,Paid,HYDERABAD,Standard,1,Blue,0.0
BKG303654,CUST100749,HTL200446,2026-02-27,2026-03-02,2026-03-07,41258.36,4951.0,0.0,46209.36,Call Center,Completed,Paid,Goa,Standard,2,Blue,0.0
BKG303655,CUST100627,HTL200402,2026-05-08,2026-06-16,2026-06-23,123601.26,13348.94,12360.13,124590.07,Mobile App,Completed,Paid,Ahmedabad,Executive,2,Gold,0.0
BKG303656,CUST100794,HTL200096,2026-01-21,2026-01-29,2026-01-30,7591.39,910.97,0.0,8502.36,Mobile App,Confirmed,Paid,Shimla,Deluxe,4,Silver,0.0
BKG303657,CUST100018,HTL200378,2026-01-21,2026-02-05,2026-02-08,13432.07,1531.26,671.6,14291.73,Website,Completed,Partially Paid,Kolkata,Suite,5,Silver,0.0
BKG303658,CUST100034,HTL200669,2026-03-13,2026-04-09,2026-04-10,5972.25,716.67,0.0,6688.92,MOBILE APP,Completed,Paid,Bengaluru,Standard,1,Blue,0.0
BKG303659,CUST100370,HTL200185,2026-05-09,2026-06-14,2026-06-15,10935.59,1181.04,1093.56,11023.07,Website,Cancelled,Refund Pending,Hyderabad,Suite,4,Platinum,0.0
BKG303660,CUST100490,HTL200679,2026-04-12,2026-04-28,2026-05-05,63548.55,7244.53,3177.43,67615.65,Mobile App,Confirmed,Paid,Pune,Standard,2,Blue,0.0
BKG303661,CUST100816,HTL200243,2026-01-13,2026-02-08,2026-02-15,56605.84,6113.43,5660.58,57058.69,WEBSITE,Confirmed,Paid,Udaipur,Deluxe,4,Blue,0.0
BKG303662,CUST100006,HTL200630,2026-03-14,2026-04-27,2026-05-01,10669.92,1280.39,0.0,11950.31,Website,Check-in Denied,Paid,Varanasi,Suite,1,Silver,0.0
BKG303663,CUST100548,HTL200707,2026-01-06,2026-01-10,2026-01-16,36651.62,4398.19,0.0,41049.81,Mobile App,completed,Paid,Delhi,Executive,4,Blue,0.0
BKG303664,CUST100370,HTL200502,2026-04-22,2026-05-04,2026-05-09,78882.58,8519.32,7888.26,79513.64,Website,Check-in Denied,PaId,MANALI,Executive,3,Blue,79513.64
BKG303665,CUST100756,HTL200287,2026-01-17,2026-02-03,2026-02-08,55052.71,6606.33,0.0,61659.04,Website,Cancelled,Paid,Udaipur,Executive,5,Blue,43161.33
BKG303666,CUST101138,HTL200368,2026-03-14,2026-04-24,2026-04-29,44740.61,5368.87,0.0,50109.48,Mobile App,Check-in Denied,paid,Agra,Standard,1,Platinum,50109.48
BKG303667,CUST100573,HTL200064,2026-01-12,2026-02-25,2026-03-02,91171.71,10393.57,4558.59,97006.69,Partner Desk,Confirmed,Paid,Hyderabad,Standard,3,Blue,0.0
BKG303668,CUST100680,HTL200161,2026-03-27,2026-04-22,2026-04-29,43294.31,4675.79,4329.43,43640.67,Mobile App,Confirmed,Paid,Goa,Executive,4,Silver,0.0
BKG303669,CUST101165,HTL200596,2026-05-02,2026-06-02,2026-06-05,10007.17,1080.77,1000.72,10087.22,Partner Desk,Cancelled,Refunded,Ahmedabad,Suite,1,Gold,7061.05
BKG303670,CUST100087,HTL200926,2026-03-11,2026-03-26,2026-03-28,21084.02,2530.08,0.0,23614.1,Mobile App,Cancelled,Refunded,Goa,Standard,4,Gold,23614.1
BKG303671,CUST100462,HTL200570,2026-04-18,2026-05-22,2026-05-23,11251.09,1215.12,1125.11,11341.1,Mobile App,Completed,Paid,Delhi,Executive,5,Gold,0.0
BKG303672,CUST101071,HTL200973,2026-02-21,2026-03-22,2026-03-28,17610.54,1901.94,1761.05,17751.43,Mobile App,Completed,Partially Paid,Shimla,Standard,5,Silver,0.0
BKG303673,CUST100480,HTL200793,2026-02-06,2026-02-15,2026-02-21,47153.15,5375.46,2357.66,50170.95,Mobile App,No Show,Refunded,Hyderabad,Family Room,2,Blue,50170.95
BKG303674,CUST100822,HTL200661,2026-04-27,2026-05-11,2026-05-13,27057.07,3246.85,0.0,30303.92,Website,Confirmed,Paid,Varanasi,Suite,3,Blue,0.0
BKG303675,CUST100523,HTL200417,2026-01-03,2026-02-08,2026-02-10,25939.66,2801.48,2593.97,26147.17,Mobile App,Completed,Payment Failed,Varanasi,Deluxe,5,Silver,0.0
BKG303676,CUST100210,HTL200480,2026-01-08,2026-01-12,2026-01-14,14334.42,1548.12,1433.44,14449.1,Mobile App,Confirmed,Paid,Pune,Suite,3,Blue,0.0
BKG303677,CUST100243,HTL200632,2026-05-18,2026-06-25,2026-07-02,108222.83,12986.74,0.0,121209.57,Mobile App,  Confirmed  ,Paid,Manali,Deluxe,4,Platinum,0.0
BKG303678,CUST100238,HTL200268,2026-02-16,2026-03-25,2026-03-28,18148.12,1960.0,1814.81,18293.31,Mobile App,Completed,Paid,Delhi,Executive,3,Gold,0.0
BKG303679,CUST100768,HTL200766,2026-03-05,2026-03-29,2026-03-31,28098.44,3203.22,1404.92,29896.74,Mobile App,  Cancelled  ,Refund Pending,Agra,Standard,1,Gold,13453.53
BKG303680,CUST100234,HTL200735,2026-02-11,2026-02-28,2026-03-03,26190.27,2828.55,2619.03,26399.79,Mobile App,Cancelled,Refund Pending,Goa,Executive,2,Blue,18479.85
BKG303681,CUST100186,HTL200566,2026-02-12,2026-02-25,2026-03-04,53712.67,6445.52,0.0,60158.19,Partner Desk,Pending,Paid,Jaipur,Deluxe,3,Gold,0.0
BKG303682,CUST100712,HTL200647,2026-05-05,2026-05-25,2026-05-29,14828.99,1779.48,0.0,16608.47,Mobile App,Confirmed,Paid,Kochi,Family Room,3,Silver,0.0
BKG303683,CUST100496,HTL200189,2026-05-17,2026-06-03,2026-06-07,40422.24,4365.6,4042.22,40745.62,Website,Completed,Paid,Agra,Deluxe,5,Blue,0.0
BKG303684,CUST100186,HTL200405,2026-01-14,2026-02-10,2026-02-16,81090.73,9244.34,4054.54,86280.53,Website,CONFIRMED,Paid,Hyderabad,Standard,1,Blue,0.0
BKG303685,CUST100935,HTL200764,2026-04-01,2026-05-04,2026-05-08,34920.06,3980.89,1746.0,37154.95,Mobile App,Confirmed,Paid,Udaipur,Family Room,5,Gold,0.0
BKG303686,CUST100312,HTL200488,2026-05-12,2026-06-02,2026-06-05,37461.43,4045.84,3746.14,37761.13,Website,Confirmed,Paid,Chennai,Standard,3,Silver,0.0
BKG303687,CUST100818,HTL200311,2026-01-02,2026-01-19,2026-01-22,19613.63,2118.27,1961.36,19770.54,Mobile App,Confirmed,Paid,Kolkata,Family Room,4,Blue,0.0
BKG303688,CUST100021,HTL200595,2026-04-25,2026-05-17,2026-05-18,14870.43,1606.01,1487.04,14989.4,Mobile App,COMPLETED,Paid,Shimla,Standard,5,Blue,0.0
BKG303689,CUST100067,HTL200916,2026-01-01,2026-01-26,2026-01-28,16642.11,1997.05,0.0,18639.16,Mobile App,Confirmed,Paid,Mumbai,Deluxe,5,Gold,0.0
BKG303690,CUST100391,HTL200865,2026-03-16,2026-03-19,2026-03-24,35051.95,3785.61,3505.19,35332.37,Mobile App,Completed,Paid,Jaipur,Deluxe,1,Blue,0.0
BKG303691,CUST101088,HTL200688,2026-03-06,2026-99-99,2026-04-07,29717.54,3387.8,1485.88,31619.46,Mobile App,Check-in Denied,Paid,Bengaluru,Deluxe,5,Silver,0.0
BKG303692,CUST100728,HTL200093,2026-05-05,2026-06-01,2026-06-03,13605.54,1632.66,0.0,15238.2,Website,Cancelled,Paid,Kolkata,Deluxe,5,Silver,6857.19
BKG303693,CUST100540,HTL200389,2026-05-15,2026-05-27,2026-06-01,61011.6,7321.39,0.0,68332.99,Call Center,Cancelled,Refunded,Udaipur,Family Room,2,Gold,68332.99
BKG303694,CUST100567,HTL200546,2026-03-07,2026-03-22,2026-03-27,59762.08,7171.45,0.0,66933.53,Website,cancelled,Refund Pending,Goa,Suite,3,Silver,0.0
BKG303695,CUST100899,HTL200410,2026-05-23,2026-06-30,2026-07-07,24289.78,2769.04,1214.49,25844.33,Mobile App,Completed,Paid,Goa,Suite,1,Blue,0.0
BKG303696,CUST100211,HTL200211,2026-03-13,2026-04-02,2026-04-07,58885.44,6712.94,2944.27,62654.11,Mobile App,Cancelled,Refunded,Kochi,Executive,5,Blue,28194.35
BKG303697,CUST100199,HTL200637,2026-04-26,2026-05-18,2026-05-24,58573.87,5623.09,11714.77,52482.19,Website,Cancelled,Refund Pending,Ahmedabad,Suite,3,Blue,23616.99
BKG303698,CUST100986,HTL200368,2026-05-01,2026-05-03,2026-05-06,25482.38,2599.2,3822.36,24259.22,Mobile App,Confirmed,Paid,Agra,Executive,1,Blue,0.0
BKG303699,CUST100177,HTL200741,2026-02-16,2026-02-20,2026-02-23,28384.85,2895.25,4257.73,27022.37,Mobile App,No Show,Paid,Bengaluru,Deluxe,5,Gold,0.0
BKG303700,CUST100930,HTL200167,2026-03-31,2026-04-13,2026-04-16,31590.23,3601.29,1579.51,33612.01,Mobile App,Completed,Paid,ahmedabad,Standard,4,Gold,0.0
BKG303701,CUST100043,HTL200013,2026-02-09,2026-03-13,2026-03-15,3669.99,374.34,550.5,3493.83,Mobile App,Confirmed,Paid,Ahmedabad,Suite,2,Blue,0.0
BKG303702,CUST100167,HTL200585,2026-02-11,2026-03-05,2026-03-09,8997.54,1079.7,0.0,10077.24,Website,Completed,Paid,Jaipur,Suite,1,Silver,0.0
BKG303703,CUST100286,HTL200563,2026-02-04,2026-03-01,2026-03-07,85002.24,9180.24,8500.22,85682.26,Website,Completed,Paid,Bengaluru,Deluxe,4,Blue,0.0
BKG303704,CUST100708,HTL200873,2026-02-10,2026-03-09,2026-03-15,17153.04,1955.45,857.65,18250.84,MOBILE APP,Completed,Paid,UdAiPuR,Deluxe,1,Silver,0.0
BKG303705,CUST100336,HTL200206,2026-03-26,2026-04-12,2026-04-17,49329.41,5919.53,0.0,55248.94,Website,Confirmed,Partially Paid,Pune,Suite,1,Platinum,0.0
BKG303706,CUST100585,HTL200807,2026-05-04,2026-05-10,2026-05-11,1509.03,181.08,0.0,1690.11,Website,Completed,Paid,Manali,Deluxe,2,Silver,0.0
BKG303707,CUST101194,HTL200042,2026-02-26,2026-04-10,2026-04-13,30041.76,3244.51,3004.18,30282.09,Website,Completed,Paid,Ahmedabad,Suite,4,Gold,0.0
BKG303708,CUST100182,HTL200879,2026-02-07,2026-02-23,2026-03-02,50461.51,6055.38,0.0,56516.89,Mobile App,Pending,Paid,Bengaluru,Standard,5,Blue,0.0
BKG303709,CUST100015,HTL200441,2026-04-06,2026-04-14,2026-04-20,48854.42,5276.28,4885.44,49245.26,Mobile App,Cancelled,Paid,Ahmedabad,Standard,3,Blue,22160.37
BKG303710,CUST100886,HTL200514,2026-05-16,2026-06-18,2026-06-24,21319.16,2046.64,4263.83,19101.97,Mobile App,Cancelled,Refund Pending,Varanasi,Executive,4,Blue,19101.97
BKG303711,CUST100836,HTL200910,2026-03-04,2026-03-14,2026-03-15,4824.07,578.89,0.0,5402.96,Website,Confirmed,Paid,Mumbai,Suite,1,Silver,0.0
BKG303712,CUST100109,HTL200940,2026-03-28,2026-05-01,2026-05-06,30393.12,3464.82,1519.66,32338.28,Website,Confirmed,Paid,Goa,Standard,4,Silver,0.0
BKG303713,CUST100305,HTL200606,2026-05-12,2026-05-31,2026-06-06,36858.81,3980.75,3685.88,37153.68,MOBILE APP,Completed,Paid,Shimla,Standard,3,Blue,0.0
BKG303714,CUST100979,HTL200394,2026-02-21,2026-03-07,2026-03-13,67684.17,7716.0,3384.21,72015.96,Mobile App,Completed,Paid,Bengaluru,Family Room,4,Silver,0.0
BKG303715,CUST100005,HTL200237,2026-02-07,2026-02-10,2026-02-14,49413.34,4743.68,9882.67,44274.35,Website,Confirmed,  Paid  ,Pune,Standard,3,Silver,0.0
BKG303716,CUST100842,HTL200678,2026-03-28,2026-05-08,2026-05-09,15380.71,1568.83,2307.11,14642.43,Mobile App,Completed,Payment Failed,Hyderabad,Executive,2,Blue,0.0
BKG303717,CUST100360,HTL200530,2026-01-05,2026-01-28,2026-02-04,57430.33,6891.64,0.0,64321.97,Mobile App,Confirmed,Paid,Ahmedabad,Standard,1,Silver,0.0
BKG303718,CUST100655,HTL200718,2026-04-30,2026-06-09,2026-06-16,33179.29,3981.52,0.0,37160.81,Mobile App,Completed,Paid,Hyderabad,Deluxe,5,Blue,0.0
BKG303719,CUST101123,HTL200741,2026-03-11,2026-03-22,2026-03-27,51085.58,4904.22,10217.12,45772.68,Mobile App,CoNfIrMeD,Partially Paid,Bengaluru,Family Room,4,Blue,0.0
BKG303720,CUST101113,HTL200403,2026-04-23,2026-04-29,2026-05-04,39184.55,3761.72,7836.91,35109.36,Mobile App,CONFIRMED,Paid,MuMbAi,Suite,2,Gold,0.0
BKG303721,CUST100983,HTL200213,2026-01-24,2026-02-27,2026-03-02,50214.13,5724.41,2510.71,53427.83,Mobile App,  Cancelled  ,Refund Pending,Chennai,Executive,4,Silver,37399.48
BKG303722,CUST100723,HTL200966,2026-03-27,2026-03-28,2026-04-01,4684.24,562.11,0.0,5246.35,Website,Completed,Paid,Goa,Standard,2,Blue,0.0
BKG303723,CUST101104,HTL200567,2026-05-25,2026-06-29,2026-07-04,28159.74,3041.25,2815.97,28385.02,Call Center,Cancelled,  Refunded  ,Pune,Suite,3,Blue,0.0
BKG303724,CUST100114,HTL200845,2026-01-26,2026-02-20,2026-02-24,17616.44,2008.27,880.82,18743.89,Mobile App,Cancelled,Refunded,Manali,Standard,2,Platinum,13120.72
BKG303725,CUST100275,HTL200373,2026-01-03,2026-02-01,2026-02-04,41536.9,3987.54,8307.38,37217.06,Mobile App,Cancelled,Paid,VARANASI,Family Room,3,Blue,26051.94
BKG303726,CUST100079,HTL200131,2026-01-02,2026-01-25,2026-02-01,80234.96,8183.97,12035.24,76383.69,Mobile App,Confirmed,Paid,Kolkata,Suite,2,Silver,0.0
BKG303727,CUST100178,HTL200008,2026-04-02,2026-04-20,2026-04-21,14805.43,1598.99,1480.54,14923.88,Mobile App,Confirmed,Paid,Shimla,Deluxe,4,Silver,0.0
BKG303728,CUST100560,HTL200742,2026-01-02,2026-01-16,2026-01-22,65168.25,7429.18,3258.41,69339.02,Website,Completed,Paid,Goa,Deluxe,5,Blue,0.0
BKG303729,CUST100508,HTL200152,2026-05-30,2026-06-16,2026-06-22,17005.17,1836.56,1700.52,17141.21,Mobile App,Check-in Denied,Refund Pending,Ahmedabad,Suite,1,Blue,5142.36
BKG303730,CUST100259,HTL200430,2026-03-12,2026-03-14,2026-03-16,14413.71,1643.16,720.69,15336.18,Mobile App,Completed,Paid,Kolkata,Deluxe,5,Blue,0.0
BKG303731,CUST100291,HTL200482,2026-01-04,2026-02-04,2026-02-06,12224.64,1466.96,0.0,13691.6,Website,  Completed  ,Paid,Goa,Executive,2,Platinum,0.0
BKG303732,CUST100884,HTL200996,2026-02-07,2026-02-26,2026-02-28,35951.74,4098.5,1797.59,38252.65,Website,Confirmed,Paid,Kochi,Family Room,3,Blue,0.0
BKG303733,CUST100290,HTL200304,2026-04-13,2026-05-15,2026-05-21,93371.81,10644.39,4668.59,99347.61,Mobile App,Completed,Paid,Kochi,Executive,4,Silver,0.0
BKG303734,CUST100541,HTL200922,2026-03-11,2026-04-08,2026-04-12,40375.19,4360.52,4037.52,40698.19,Mobile App,Completed,Paid,Kolkata,Suite,1,Gold,0.0
BKG303735,CUST100763,HTL200283,2026-02-21,2026-04-03,2026-04-05,4785.72,488.14,717.86,4556.0,Mobile App,Cancelled,Refund Pending,Ahmedabad,Executive,1,Gold,3189.2
BKG303736,CUST101086,HTL200471,2026-01-31,2026-02-08,2026-02-09,14125.76,1610.34,706.29,15029.81,mobile app,Completed,Paid,Delhi,Family Room,4,Blue,0.0
BKG303737,CUST100593,HTL200992,2026-02-05,2026-03-19,2026-03-24,35655.34,4064.71,1782.77,37937.28,Mobile App,Confirmed,Paid,Chennai,Family Room,2,Silver,0.0
BKG303738,CUST100947,HTL200992,2026-05-13,2026-06-23,2026-06-27,24237.29,2763.05,1211.86,25788.48,Website,Confirmed,Partially Paid,Chennai,Suite,1,Gold,0.0
BKG303739,CUST100479,HTL200189,2026-04-25,2026-06-04,2026-06-10,50057.89,5706.6,2502.89,53261.6,Mobile App,Confirmed,Paid,Agra,Executive,4,Platinum,0.0
BKG303740,CUST100380,HTL200527,2026-03-15,2026-04-23,2026-04-24,10047.69,1085.15,1004.77,10128.07,Website,Completed,Paid,Manali,Family Room,2,Blue,0.0
BKG303741,CUST100309,HTL200511,2026-01-18,2026-02-09,2026-02-16,129804.37,14797.7,6490.22,138111.85,Website,  Confirmed  ,Paid,Pune,Suite,4,Blue,0.0
BKG303742,CUST101079,HTL200342,2026-01-15,2026-02-08,2026-02-14,40652.73,4146.58,6097.91,38701.4,Mobile App,Completed,Paid,Ahmedabad,Family Room,1,Platinum,0.0
BKG303743,CUST100846,HTL200429,2026-04-07,2026-05-15,2026-05-19,63169.88,6822.35,6316.99,63675.24,Mobile App,Cancelled,Paid,Manali,Standard,5,Gold,28653.86
BKG303744,CUST100424,HTL200714,2026-01-05,2026-01-07,2026-01-11,43344.33,5201.32,0.0,48545.65,Mobile App,Confirmed,Paid,  Pune  ,Standard,1,Blue,0.0
BKG303745,CUST101165,HTL200685,2026-02-06,2026-03-19,2026-03-23,28536.19,3424.34,0.0,31960.53,Mobile App,Completed,Paid,  Jaipur  ,Family Room,1,Platinum,0.0
BKG303746,CUST100660,HTL200679,2026-04-14,2026-05-25,2026-05-28,29788.68,3395.91,1489.43,31695.16,Mobile App,No Show,Paid,Pune,Suite,5,Blue,15847.58
BKG303747,CUST100225,HTL200850,2026-03-27,2026-04-15,2026-04-20,53246.13,6070.06,2662.31,56653.88,Mobile App,Completed,Paid,Jaipur,Standard,2,Blue,0.0
BKG303748,CUST100024,HTL200033,2026-05-30,2026-07-10,2026-07-12,15137.96,1725.73,756.9,16106.79,Website,Completed,Paid,Agra,Family Room,4,Silver,0.0
BKG303749,CUST100094,HTL200470,2026-01-15,2026-01-17,2026-01-20,9950.39,1194.05,0.0,11144.44,Mobile App,Completed,Paid,Mumbai,Deluxe,2,Silver,0.0
BKG303750,CUST100507,HTL200393,2026-01-17,2026-02-14,2026-02-19,51850.28,4977.63,10370.06,46457.85,Mobile App,Completed,Paid,Mumbai,Executive,2,Blue,0.0
BKG303751,CUST100564,HTL200740,2026-02-20,2026-03-24,2026-03-30,26755.59,3210.67,0.0,30965.26,Partner Desk,Confirmed,PAID,Pune,Family Room,4,Platinum,0.0
BKG303752,CUST101199,HTL200494,2026-02-14,2026-03-05,2026-03-07,35779.48,3864.18,3577.95,36065.71,Website,Confirmed,Paid,Mumbai,Standard,2,Blue,0.0
BKG303753,CUST100643,HTL200512,2026-05-02,2026-05-18,2026-05-25,26501.98,3180.24,0.0,29682.22,Website,Confirmed,Paid,Shimla,Family Room,3,Blue,0.0
BKG303754,CUST100489,HTL200321,2026-05-29,2026-06-28,2026-07-01,11904.13,1357.07,595.21,12665.99,Website,Cancelled,Refunded,Shimla,Suite,1,Silver,8866.19
BKG303755,CUST100458,HTL200114,2026-03-23,2026-04-14,2026-04-17,7289.47,831.0,364.47,7756.0,Mobile App,Confirmed,Partially Paid,Kolkata,Standard,3,Blue,0.0
BKG303756,CUST100900,HTL200213,2026-05-25,2026-06-08,2026-06-09,15021.55,1712.46,751.08,15982.93,Call Center,Check-in Denied,Paid,Chennai,Suite,4,Silver,0.0
BKG303757,CUST100337,HTL200765,2026-05-15,2026-05-16,2026-05-23,129682.19,14783.77,6484.11,137981.85,Mobile App,Cancelled,Paid,Chennai,Suite,5,Blue,0.0
BKG303758,CUST100962,HTL200144,2026-03-30,2026-04-01,2026-04-08,102039.9,11020.31,10203.99,102856.22,Website,Cancelled,Refunded,varanasi,Suite,5,Silver,0.0
BKG303759,CUST100344,HTL200558,2026-04-11,2026-05-03,2026-05-06,24116.08,2604.54,2411.61,24309.01,Mobile App,Cancelled,Refund Pending,Agra,Family Room,4,Blue,17016.31
BKG303760,CUST100575,HTL200791,2026-02-09,2026-03-14,2026-03-18,75377.57,8140.78,7537.76,75980.59,Website,Confirmed,Paid,Goa,Standard,4,Blue,0.0
BKG303761,CUST100942,HTL200177,2026-02-12,2026-02-27,2026-03-05,86697.07,8843.1,13004.56,82535.61,Website,Completed,Paid,Jaipur,Suite,2,Blue,0.0
BKG303762,CUST100345,HTL200724,2026-03-14,2026-04-24,2026-05-01,99306.79,10129.29,14896.02,94540.06,Mobile App,Check-in Denied,Paid,Pune,Deluxe,1,Platinum,0.0
BKG303763,CUST100324,HTL200359,2026-01-23,2026-02-14,2026-02-17,56389.49,6090.07,5638.95,56840.61,Call Center,Confirmed,Paid,Shimla,Executive,3,Gold,0.0
BKG303764,CUST100466,HTL200284,2026-04-05,2026-05-15,2026-05-19,76679.66,9201.56,0.0,85881.22,Partner Desk,Confirmed,Paid,  Shimla  ,Family Room,4,Gold,0.0
BKG303765,CUST100090,HTL200244,2026-01-17,2026-02-25,2026-03-02,13963.07,1340.45,2792.61,12510.91,Mobile App,Confirmed,Paid,Goa,Deluxe,5,Gold,0.0
BKG303766,CUST100293,HTL200764,2026-04-22,2026-06-02,2026-06-07,38092.96,3656.92,7618.59,34131.29,Mobile App,completed,Paid,Udaipur,Standard,1,Silver,0.0
BKG303767,CUST100523,HTL200205,2026-04-13,2026-05-24,2026-05-31,92602.77,10001.1,9260.28,93343.59,Website,Confirmed,Paid,Agra,Executive,1,Blue,0.0
BKG303768,CUST100849,HTL200583,2026-02-27,2026-03-10,2026-03-14,27383.65,3121.74,1369.18,29136.21,Partner Desk,Completed,Partially Paid,Bengaluru,Suite,2,Blue,0.0
BKG303769,CUST100258,HTL200733,2026-03-27,2026-03-31,2026-04-01,16887.23,2026.47,0.0,18913.7,Mobile App,Cancelled,Paid,Shimla,Deluxe,5,Silver,8511.17
BKG303770,CUST101110,HTL200341,2026-02-04,2026-02-11,2026-02-12,17687.34,1910.23,1768.73,17828.84,Mobile App,Confirmed,Paid,Ahmedabad,Deluxe,1,Blue,0.0
BKG303771,CUST101181,HTL200726,2026-01-30,2026-02-20,2026-02-25,35209.19,3591.34,5281.38,33519.15,Website,Cancelled,Refunded,Agra,Suite,5,Blue,33519.15
BKG303772,CUST100185,HTL200359,2026-04-14,2026-04-21,2026-04-27,106114.36,11460.35,10611.44,106963.27,Mobile App,Confirmed,Paid,Shimla,Suite,3,Blue,0.0
BKG303773,CUST100343,HTL200498,2026-05-02,2026-05-06,2026-05-09,19936.0,2153.09,1993.6,20095.49,Mobile App,Confirmed,Paid,Kolkata,Deluxe,5,Blue,0.0
BKG303774,CUST100820,HTL200140,2026-05-14,2026-05-26,2026-06-02,66515.11,7981.81,0.0,74496.92,Mobile App,Confirmed,Paid,Delhi,Standard,1,Blue,0.0
BKG303775,CUST100740,HTL200959,2026-02-03,2026-03-02,2026-03-09,47358.19,5398.83,2367.91,50389.11,Mobile App,Cancelled,Refund Pending,Delhi,Family Room,5,Blue,22675.1
BKG303776,CUST100568,HTL200667,2026-02-25,2026-03-14,2026-03-19,64506.25,6966.67,6450.63,65022.29,Call Center,  Cancelled  ,Refunded,Jaipur,Standard,5,Silver,0.0
BKG303777,CUST100949,HTL200221,2026-01-25,2026-02-14,2026-02-19,65617.14,7874.06,0.0,73491.2,Mobile App,Confirmed,Partially Paid,Kochi,Standard,5,Blue,0.0
BKG303778,CUST100508,HTL200388,2026-04-25,2026-05-26,2026-05-30,46019.23,4970.08,4601.92,46387.39,Mobile App,Confirmed,Paid,Varanasi,Family Room,1,Gold,0.0
BKG303779,CUST100015,HTL200329,2026-01-13,2026-02-08,2026-02-09,15402.58,1663.48,1540.26,15525.8,Mobile App,Cancelled,Refunded,Kochi,Standard,3,Gold,10868.06
BKG303780,CUST100524,HTL200742,2026-03-04,2026-04-04,2026-04-10,68973.35,7862.96,3448.67,73387.64,Mobile App,Completed,Paid,Goa,Executive,5,Platinum,0.0
BKG303781,CUST100199,HTL200392,2026-04-12,2026-05-17,2026-05-21,33078.51,3969.42,0.0,37047.93,  Website  ,Confirmed,Paid,Agra,Suite,3,Silver,0.0
BKG303782,CUST100308,HTL200653,2026-05-02,2026-05-11,2026-05-16,77587.89,7913.96,11638.18,73863.67,Mobile App,Completed,Paid,Agra,Deluxe,1,Gold,0.0
BKG303783,CUST101181,HTL200357,2026-04-30,2026-99-99,2026-05-07,31139.46,3736.73,0.0,34876.19,Website,No Show,Refund Pending,Chennai,Family Room,4,Silver,10462.86
BKG303784,CUST100258,HTL200393,2026-05-13,2026-05-21,2026-05-24,31772.96,3622.12,1588.65,33806.43,Partner Desk,Confirmed,Paid,Mumbai,Standard,5,Blue,0.0
BKG303785,CUST101180,HTL200928,2026-01-11,2026-02-01,2026-02-06,80080.02,8648.64,8008.0,80720.66,Mobile App,Confirmed,Paid,Ahmedabad,Deluxe,3,Silver,0.0
BKG303786,CUST100424,HTL200586,2026-04-19,2026-05-05,2026-05-09,33020.25,3368.07,4953.04,31435.28,Call Center,Confirmed,PaId,Mumbai,Executive,5,Gold,0.0
BKG303787,CUST100778,HTL200039,2026-04-14,2026-04-30,2026-05-02,3184.66,324.83,477.7,3031.79,Mobile App,Completed,Paid,Kochi,Standard,2,Blue,0.0
BKG303788,CUST101044,HTL200901,2026-04-21,2026-05-09,2026-05-11,12356.25,1334.48,1235.62,12455.11,  Website  ,Confirmed,Payment Failed,Kolkata,Standard,2,Gold,0.0
BKG303789,CUST100638,HTL200272,2026-03-10,2026-04-07,2026-04-12,91822.22,10467.73,4591.11,97698.84,Mobile App,Cancelled,Refund Pending,Varanasi,Standard,1,Gold,43964.48
BKG303790,CUST100919,HTL200419,2026-04-12,2026-04-30,2026-05-06,28663.4,2923.67,4299.51,27287.56,Mobile App,  Cancelled  ,Refund Pending,Udaipur,Executive,3,Silver,0.0
BKG303791,CUST101011,HTL200069,2026-01-02,2026-01-16,2026-01-17,2874.93,310.49,287.49,2897.93,Website,Completed,Paid,Varanasi,Suite,3,Gold,0.0
BKG303792,CUST100349,HTL200828,2026-02-06,2026-03-15,2026-03-17,20526.77,2216.89,2052.68,20690.98,Mobile App,Confirmed,Paid,Shimla,Deluxe,5,Blue,0.0
BKG303793,CUST100960,HTL200622,2026-04-28,2026-06-07,2026-06-14,94838.99,10811.65,4741.95,100908.69,Mobile App,Pending,Paid,Udaipur,Standard,2,Gold,0.0
BKG303794,CUST100437,HTL200457,2026-02-18,2026-03-06,2026-03-09,10610.42,1209.59,530.52,11289.49,Mobile App,Completed,Paid,Mumbai,Standard,5,Silver,0.0
BKG303795,CUST100455,HTL200944,2026-03-16,2026-04-06,2026-04-10,30416.27,3467.45,1520.81,32362.91,Mobile App,Completed,Paid,Bengaluru,Executive,5,Gold,0.0
BKG303796,CUST100623,HTL200233,2026-03-16,2026-03-17,2026-03-21,22458.37,2560.25,1122.92,23895.7,Mobile App,Pending,Paid,  Kolkata  ,Executive,1,Silver,0.0
BKG303797,CUST101103,HTL200196,2026-02-03,2026-02-14,2026-02-18,4361.21,497.18,218.06,4640.33,Mobile App,No Show,Refund Pending,Pune,Deluxe,4,Blue,2320.16
BKG303798,CUST100642,HTL200850,2026-02-27,2026-03-10,2026-03-17,80953.44,7771.53,16190.69,72534.28,Website,Completed,Paid,Jaipur,Deluxe,1,Gold,0.0
BKG303799,CUST100391,HTL200710,2026-04-21,2026-04-23,2026-04-28,13288.88,1514.93,664.44,14139.37,Mobile App,Completed,Payment Failed,Varanasi,Standard,1,Gold,0.0
BKG303800,CUST100573,HTL200508,2026-04-06,2026-05-08,2026-05-12,18081.86,2169.82,0.0,20251.68,Mobile App,Confirmed,Partially Paid,Delhi,Standard,1,Blue,0.0
BKG303801,CUST100032,HTL200535,2026-03-01,2026-03-20,2026-03-27,117927.34,13443.72,5896.37,125474.69,Mobile App,Check-in Denied,Paid,Hyderabad,Standard,5,Gold,37642.41
BKG303802,CUST101159,HTL200818,2026-05-20,2026-05-25,2026-05-29,47689.78,5150.5,4768.98,48071.3,Mobile App,Cancelled,Refunded,Agra,Standard,5,Blue,33649.91
BKG303803,CUST100920,HTL200937,2026-02-01,2026-02-04,2026-02-07,19741.84,2013.67,2961.28,18794.23,Mobile App,  Confirmed  ,Paid,Kolkata,Standard,5,Blue,0.0
BKG303804,CUST100409,HTL200146,2026-05-12,2026-06-09,2026-06-16,108127.55,11029.01,16219.13,102937.43,Website,Cancelled,Refund Pending,Mumbai,Executive,5,Silver,0.0
BKG303805,CUST101022,HTL200573,2026-04-16,2026-05-12,2026-05-13,3907.49,398.56,586.12,3719.93,Mobile App,Cancelled,Paid,Shimla,Suite,2,Blue,1673.97
BKG303806,CUST101114,HTL200458,2026-02-02,2026-02-25,2026-03-03,20385.81,2079.35,3057.87,19407.29,Website,Confirmed,Paid,Kolkata,Deluxe,3,Blue,0.0
BKG303807,CUST100412,HTL200066,2026-02-12,2026-03-14,2026-03-19,79668.06,7648.13,15933.61,71382.58,Mobile App,Completed,Paid,Udaipur,Executive,2,Gold,0.0
BKG303808,CUST100298,HTL200029,2026-04-22,2026-04-30,2026-05-05,36366.59,4363.99,0.0,40730.58,Mobile App,Confirmed,Paid,Chennai,Family Room,3,Gold,0.0
BKG303809,CUST100072,HTL200106,2026-04-17,2026-05-23,2026-05-27,14325.79,1633.14,716.29,15242.64,Mobile App,Cancelled,Refund Pending,Delhi,Family Room,5,Blue,0.0
BKG303810,CUST100260,HTL200677,2026-01-09,2026-02-07,2026-02-10,12684.05,1445.98,634.2,13495.83,Website,Confirmed,Paid,Goa,Family Room,2,Blue,0.0
BKG303811,CUST100689,HTL200389,2026-04-24,2026-05-07,2026-05-09,21563.21,2458.21,1078.16,22943.26,Mobile App,Completed,Paid,Udaipur,Deluxe,3,Silver,0.0
BKG303812,CUST100958,HTL200878,2026-05-05,2026-05-30,2026-06-06,91244.32,9854.39,9124.43,91974.28,Call Center,Confirmed,Payment Failed,Chennai,Standard,4,Blue,0.0
BKG303813,CUST100731,HTL200994,2026-01-20,2026-02-11,2026-02-15,30748.02,3505.27,1537.4,32715.89,Call Center,Confirmed,Paid,Kolkata,Family Room,1,Blue,0.0
BKG303814,CUST100684,HTL200405,2026-02-10,2026-03-15,2026-03-22,89508.22,9666.89,8950.82,90224.29,Call Center,Confirmed,Paid,Hyderabad,Family Room,3,Blue,0.0
BKG303815,CUST101188,HTL200120,2026-02-13,2026-03-22,2026-03-26,37331.4,4255.78,1866.57,39720.61,Mobile App,Completed,Paid,Mumbai,Suite,2,Platinum,0.0
BKG303816,CUST100839,HTL200010,2026-05-05,2026-05-12,2026-05-17,28163.42,3210.63,1408.17,29965.88,Mobile App,Confirmed,Paid,Bengaluru,Executive,2,Gold,0.0
BKG303817,CUST100334,HTL200583,2026-02-04,2026-02-27,2026-03-04,41047.51,4679.42,2052.38,43674.55,Mobile App,Completed,Paid,Bengaluru,Deluxe,4,Gold,0.0
BKG303818,CUST100731,HTL200346,2026-02-27,2026-03-05,2026-03-09,52756.42,5381.16,7913.46,50224.12,Mobile App,Completed,Paid,Chennai,Deluxe,3,Blue,0.0
BKG303819,CUST100803,HTL200252,2026-02-17,2026-03-04,2026-03-09,51918.05,5607.15,5191.81,52333.39,Mobile App,cancelled,Refund Pending,Jaipur,Suite,1,Silver,52333.39
BKG303820,CUST101184,HTL200796,2026-02-27,2026-03-14,2026-03-17,38657.83,3711.15,7731.57,34637.41,Mobile App,Completed,Paid,Hyderabad,Family Room,2,Platinum,0.0
BKG303821,CUST100389,HTL200118,2026-04-11,2026-05-21,2026-05-23,9011.4,919.16,1351.71,8578.85,Website,Confirmed,Paid,Mumbai,Suite,5,Silver,0.0
BKG303822,CUST100759,HTL200886,2026-02-26,2026-04-01,2026-04-03,29775.91,3394.45,1488.8,31681.56,Call Center,Confirmed,Paid,Pune,Standard,5,Blue,0.0
BKG303823,CUST100882,HTL200519,2026-03-05,2026-03-19,2026-03-26,60077.88,7209.35,0.0,67287.23,Mobile App,Confirmed,  Paid  ,Ahmedabad,Family Room,3,Gold,0.0
BKG303824,CUST100971,HTL200214,2026-03-03,2026-04-01,2026-04-03,28532.73,3081.54,2853.27,28761.0,Mobile App,Completed,Partially Paid,Mumbai,Deluxe,4,Blue,0.0
BKG303825,CUST101094,HTL200732,2026-03-24,2026-04-09,2026-04-16,13551.88,1463.6,1355.19,13660.29,Call Center,Cancelled,Refund Pending,Delhi,Executive,1,Silver,6147.13
BKG303826,CUST100940,HTL200079,2026-04-23,2026-05-22,2026-05-26,50834.21,5795.1,2541.71,54087.6,Mobile App,Confirmed,Paid,Manali,Suite,3,Silver,0.0
BKG303827,CUST101115,HTL200418,2026-04-22,2026-05-15,2026-05-21,28190.26,3382.83,0.0,31573.09,Partner Desk,Completed,Paid,Goa,Suite,3,Blue,0.0
BKG303828,CUST100902,HTL200583,2026-03-03,2026-03-13,2026-03-17,34770.36,3755.2,3477.04,35048.52,Website,Confirmed,paid,Bengaluru,Deluxe,1,Blue,0.0
BKG303829,CUST100023,HTL200711,2026-04-04,2026-04-08,2026-04-12,10817.25,1298.07,0.0,12115.32,Mobile App,Confirmed,Paid,Goa,Family Room,2,Platinum,0.0
BKG303830,CUST100556,HTL200684,2026-03-26,2026-04-07,2026-04-10,27158.5,2607.22,5431.7,24334.02,Website,Completed,Payment Failed,Goa,Family Room,5,Blue,0.0
BKG303831,CUST100700,HTL200288,2026-01-26,2026-03-09,2026-03-11,12100.29,1306.83,1210.03,12197.09,Website,Confirmed,Paid,Kolkata,Family Room,2,Blue,0.0
BKG303832,CUST100402,HTL200233,2026-05-01,2026-06-04,2026-06-09,31420.44,3581.93,1571.02,33431.35,website,Completed,Paid,Kolkata,Executive,4,Gold,0.0
BKG303833,CUST100440,HTL200260,2026-02-19,2026-02-23,2026-02-28,18399.78,2207.97,0.0,20607.75,Mobile App,Check-in Denied,Paid,Varanasi,Executive,1,Silver,6182.32
BKG303834,CUST100881,HTL200957,2026-04-25,2026-05-15,2026-05-16,19164.39,2069.75,1916.44,19317.7,Website,Confirmed,Paid,Delhi,Family Room,2,Gold,0.0
BKG303835,CUST100925,HTL200932,2026-02-05,2026-03-05,2026-03-06,2707.4,292.4,270.74,2729.06,Mobile App,Completed,Paid,Ahmedabad,Executive,3,Gold,0.0
BKG303836,CUST100484,HTL200656,2026-02-02,2026-03-02,2026-03-09,90268.09,9748.95,9026.81,90990.23,Website,CHECK-IN DENIED,Paid,Agra,Suite,3,Blue,27297.07
BKG303837,CUST101090,HTL200021,2026-05-03,2026-05-09,2026-05-15,43663.63,4715.67,4366.36,44012.94,Mobile App,Confirmed,Paid,Ahmedabad,Family Room,4,Silver,0.0
BKG303838,CUST100030,HTL200077,2026-04-10,2026-04-24,2026-05-01,22212.44,2398.94,2221.24,22390.14,Mobile App,Completed,Paid,Hyderabad,Executive,4,Silver,0.0
BKG303839,CUST100321,HTL200741,2026-03-09,2026-04-13,2026-04-18,41468.77,4727.44,2073.44,44122.77,Website,Confirmed,Partially Paid,Bengaluru,Suite,1,Platinum,0.0
BKG303840,CUST100565,HTL200671,2026-03-14,2026-03-15,2026-03-17,27615.65,2651.1,5523.13,24743.62,Mobile App,Completed,Payment Failed,Bengaluru,Suite,2,Blue,0.0
BKG303841,CUST100009,HTL200013,2026-05-16,2026-06-04,2026-06-11,13928.78,1587.88,696.44,14820.22,Mobile App,Completed,Paid,Ahmedabad,Executive,3,Blue,0.0
BKG303842,CUST100677,HTL200747,2026-01-23,2026-01-24,2026-01-28,16115.9,1933.91,0.0,18049.81,MOBILE APP,Completed,Paid,Udaipur,Family Room,1,Platinum,0.0
BKG303842,CUST100850,HTL200147,2026-03-11,2026-03-24,2026-03-29,20716.8,2361.71,1035.84,22042.67,Mobile App,Completed,Paid,AHMEDABAD,Family Room,1,Silver,0.0
BKG303844,CUST100926,HTL200661,2026-02-24,2026-03-04,2026-03-10,93610.11,11233.21,0.0,104843.32,Mobile App,CANCELLED,Paid,Varanasi,Executive,3,Silver,0.0
BKG303845,CUST100284,HTL200029,2026-04-20,2026-05-08,2026-05-14,37572.71,4283.29,1878.64,39977.36,Mobile App,Confirmed,Paid,Chennai,Executive,2,Gold,0.0
BKG303846,CUST100152,HTL200437,2026-05-29,2026-07-03,2026-07-08,65522.47,7076.43,6552.25,66046.65,Mobile App,Check-in Denied,Paid,Goa,Standard,5,Blue,0.0
BKG303847,CUST100370,HTL200672,2026-05-30,2026-06-22,2026-06-23,9249.41,1109.93,0.0,10359.34,Mobile App,Confirmed,Paid,Delhi,Suite,4,Silver,0.0
BKG303848,CUST100300,HTL200772,2026-01-09,2026-02-04,2026-02-06,19991.2,2039.1,2998.68,19031.62,Mobile App,Confirmed,Paid,Delhi,Family Room,2,Silver,0.0
BKG303849,CUST100145,HTL200529,2026-05-09,2026-06-19,2026-06-24,12094.24,1306.18,1209.42,12191.0,Mobile App,Check-in Denied,Paid,Pune,Deluxe,5,Silver,3657.3
BKG303850,CUST101075,HTL200062,2026-04-18,2026-05-26,2026-05-30,6713.68,765.36,335.68,7143.36,Mobile App,cancelled,Refunded,Manali,Suite,5,Blue,5000.35
BKG303851,CUST100701,HTL200429,2026-05-13,2026-06-02,2026-06-06,66174.97,7543.95,3308.75,70410.17,Mobile App,Cancelled,Refund Pending,Manali,Family Room,3,Gold,0.0
BKG303852,CUST100140,HTL200134,2026-05-30,2026-06-01,2026-06-04,51516.52,5872.88,2575.83,54813.57,Website,confirmed,Paid,Varanasi,Standard,5,Blue,0.0
BKG303853,CUST101111,HTL200156,2026-03-09,2026-04-04,2026-04-08,34746.61,4169.59,0.0,38916.2,mobile app,Cancelled,Refund Pending,Jaipur,Suite,4,Gold,0.0
BKG303854,CUST100083,HTL200568,2026-03-07,2026-04-12,2026-04-17,30113.31,3613.6,0.0,33726.91,Mobile App,Completed,paid,Kolkata,Suite,1,Blue,0.0
BKG303855,CUST101129,HTL200942,2026-05-24,2026-06-18,2026-06-23,15975.7,1917.08,0.0,17892.78,Website,Cancelled,Paid,Delhi,Family Room,2,Blue,0.0
BKG303856,,HTL200776,2026-02-22,2026-03-24,2026-03-28,33683.88,3839.96,1684.19,35839.65,Mobile App,Pending,PaId,Udaipur,Deluxe,4,Silver,0.0
BKG303857,CUST101029,HTL200253,2026-05-08,2026-05-26,2026-05-27,13981.48,1677.78,0.0,15659.26,Mobile App,Confirmed,Paid,Delhi,Executive,5,Blue,0.0
BKG303858,CUST100966,HTL200186,2026-03-06,2026-03-13,2026-03-15,22996.49,2759.58,0.0,25756.07,Mobile App,Completed,PAID,Delhi,Deluxe,1,Silver,0.0
BKG303859,CUST101110,HTL200879,2026-03-05,2026-04-01,2026-04-07,41417.45,4224.58,6212.62,39429.41,Mobile App,Cancelled,Refunded,Bengaluru,Standard,1,Gold,17743.23
BKG303860,CUST100452,HTL200872,2026-03-09,2026-03-20,2026-03-25,19241.37,2308.96,0.0,21550.33,Mobile App,Completed,Paid,Hyderabad,Suite,5,Blue,0.0
BKG303861,CUST100341,HTL200378,2026-03-03,2026-04-09,2026-04-13,16205.59,1847.44,810.28,17242.75,Website,Confirmed,Paid,Kolkata,Family Room,4,Blue,0.0
BKG303862,CUST100392,HTL200326,2026-03-22,2026-03-30,2026-04-05,78449.2,9413.9,0.0,87863.1,Mobile App,Confirmed,Paid,Agra,Suite,5,Silver,0.0
BKG303863,CUST101002,HTL200198,2026-03-12,2026-03-23,2026-03-27,22308.73,2677.05,0.0,24985.78,Mobile App,Completed,Paid,Shimla,Executive,2,Silver,0.0
BKG303864,CUST101136,HTL200880,2026-04-24,2026-05-18,2026-05-23,48605.45,5249.39,4860.55,48994.29,Website,Confirmed,PaId,Ahmedabad,Deluxe,1,Silver,0.0
BKG303865,CUST100970,HTL200170,2026-02-21,2026-03-23,2026-03-26,15784.63,1894.16,0.0,17678.79,Website,Confirmed,Paid,Delhi,Deluxe,3,Silver,0.0
BKG303866,CUST100157,HTL200314,2026-04-26,2026-05-26,2026-05-28,10766.65,1292.0,0.0,12058.65,Mobile App,Confirmed,Paid,Goa,Standard,1,Blue,0.0
BKG303867,CUST100810,HTL200005,2026-05-05,2026-05-20,2026-05-25,7786.48,840.94,778.65,7848.77,Mobile App,Confirmed,Paid,Varanasi,Family Room,5,Blue,0.0
BKG303868,CUST100698,HTL200877,2026-05-07,2026-06-11,2026-06-17,39953.24,4794.39,0.0,44747.63,Website,Confirmed,Paid,Goa,Executive,5,Blue,0.0
BKG303869,CUST100165,HTL200255,2026-03-06,2026-04-14,2026-04-18,63144.21,7198.44,3157.21,67185.44,Mobile App,Confirmed,Paid,Chennai,Executive,3,Blue,0.0
BKG303870,CUST100033,HTL200878,2026-05-10,2026-06-03,2026-06-06,38289.8,4365.04,1914.49,40740.35,Website,No Show,Refunded,Chennai,Family Room,3,Blue,40740.35
BKG303871,CUST100254,HTL200820,2026-01-22,2026-01-30,2026-02-06,41825.48,4768.11,2091.27,44502.32,Mobile App,Confirmed,Paid,Bengaluru,Standard,1,Silver,0.0
BKG303872,CUST100301,HTL200319,2026-03-17,2026-04-29,2026-05-04,79918.65,9590.24,0.0,89508.89,Mobile App,Cancelled,Paid,Ahmedabad,Executive,5,Blue,0.0
BKG303873,CUST100219,HTL200999,2026-04-04,2026-05-16,2026-05-18,5233.31,502.4,1046.66,4689.05,Mobile App,Cancelled,Refund Pending,Delhi,Standard,1,Gold,4689.05
BKG303874,CUST101055,HTL200247,2026-03-12,2026-04-01,2026-04-04,13199.81,1504.78,659.99,14044.6,call center,CoMpLeTeD,Paid,Hyderabad,Family Room,4,Gold,0.0
BKG303875,CUST100934,HTL200730,2026-04-16,2026-05-27,2026-06-02,50054.73,5405.91,5005.47,50455.17,Website,Confirmed,Paid,Delhi,Family Room,5,Gold,0.0
BKG303876,CUST100508,HTL200003,2026-02-19,2026-03-17,2026-03-21,50787.2,5485.02,5078.72,51193.5,Mobile App,No Show,Paid,Bengaluru,Family Room,1,Gold,51193.5
BKG303877,CUST100952,HTL200512,2026-04-12,2026-05-06,2026-05-07,3603.63,367.57,540.55,3430.65,Mobile App,Completed,Paid,  Shimla  ,Executive,5,Platinum,0.0
BKG303878,CUST100214,HTL200837,2026-04-23,2026-05-15,2026-05-22,115676.77,12493.09,11567.68,116602.18,Mobile App,Confirmed,Paid,Kochi,Family Room,5,Blue,0.0
BKG303879,CUST100244,HTL200505,2026-01-30,2026-02-04,2026-02-11,37133.38,4010.4,3713.34,37430.44,Website,Completed,Partially Paid,Shimla,Executive,2,Platinum,0.0
BKG303880,CUST100019,HTL200030,2026-01-12,2026-01-27,2026-01-29,25942.66,2957.46,1297.13,27602.99,Mobile App,Confirmed,Paid,Shimla,Standard,1,Gold,0.0
BKG303881,CUST100209,HTL200832,2026-03-23,2026-04-28,2026-05-01,7278.69,829.77,363.93,7744.53,Mobile App,Completed,Payment Failed,chennai,Suite,5,Blue,0.0
BKG303882,CUST100425,HTL200628,2026-02-15,2026-03-24,2026-03-29,62197.31,6344.12,9329.6,59211.83,Website,Completed,Paid,MuMbAi,Standard,3,Gold,0.0
BKG303883,CUST100999,HTL200964,2026-05-10,2026-06-08,2026-06-13,8633.67,880.63,1295.05,8219.25,Mobile App,Confirmed,Payment Failed,Ahmedabad,Executive,3,Gold,0.0
BKG303884,CUST100980,HTL200274,2026-04-07,2026-04-22,2026-04-25,9688.51,1162.62,0.0,10851.13,Mobile App,  Completed  ,Paid,Delhi,Deluxe,2,Blue,0.0
BKG303885,CUST100071,HTL200708,2026-03-21,2026-04-17,2026-04-22,14986.04,1618.49,1498.6,15105.93,Mobile App,Check-in Denied,Paid,Jaipur,Deluxe,5,Gold,7552.96
BKG303886,CUST100177,HTL200885,2026-02-23,2026-03-03,2026-03-10,17733.03,1915.17,1773.3,17874.9,Mobile App,Confirmed,  Paid  ,Varanasi,Suite,1,Blue,0.0
BKG303887,CUST100298,HTL200324,2026-02-04,2026-03-05,2026-03-12,101164.34,12139.72,0.0,113304.06,Website,Confirmed,Partially Paid,Pune,Family Room,1,Gold,0.0
BKG303888,CUST100265,HTL200176,2026-02-21,2026-03-12,2026-03-19,65330.88,6271.76,13066.18,58536.46,Mobile App,Cancelled,Paid,Kolkata,Standard,3,Blue,0.0
BKG303889,CUST100519,HTL200286,2026-03-25,2026-04-25,2026-04-28,11756.81,1340.28,587.84,12509.25,  Website  ,Completed,Paid,Udaipur,Standard,4,Blue,0.0
BKG303890,CUST100274,HTL200955,2026-03-13,2026-03-22,2026-03-24,29858.95,3224.77,2985.89,30097.83,Mobile App,Completed,Paid,Manali,Executive,5,Platinum,0.0
BKG303891,CUST100947,HTL200747,2026-01-26,2026-02-05,2026-02-12,24945.79,2993.49,0.0,27939.28,Mobile App,Cancelled,Refunded,Udaipur,Suite,2,Blue,12572.68
BKG303892,CUST100052,HTL200966,2026-03-02,2026-04-08,2026-04-13,6650.05,798.01,0.0,7448.06,Call Center,No Show,Refund Pending,GoA,Family Room,2,Gold,2234.42
BKG303893,CUST100811,HTL200078,2026-02-06,2026-02-16,2026-02-18,6369.51,764.34,0.0,7133.85,Website,Completed,Partially Paid,Kochi,Suite,5,Gold,0.0
BKG303894,CUST100488,HTL200242,2026-04-05,2026-05-08,2026-05-12,50710.44,6085.25,0.0,56795.69,Website,Confirmed,Paid,MuMbAi,Deluxe,5,Gold,0.0
BKG303895,CUST100501,HTL200822,2026-01-11,2026-02-05,2026-02-09,16753.87,1909.94,837.69,17826.12,Mobile App,Completed,Paid,Goa,Suite,2,Gold,0.0
BKG303896,CUST100306,HTL200500,2026-02-10,2026-02-14,2026-02-18,60453.53,6166.26,9068.03,57551.76,Mobile App,Completed,Paid,Kochi,Family Room,2,Gold,0.0
BKG303897,CUST100416,HTL200204,2026-05-13,2026-05-18,2026-05-22,37043.91,4000.74,3704.39,37340.26,Call Center,Completed,Partially Paid,Jaipur,Family Room,1,Silver,0.0
BKG303898,CUST100508,HTL200459,2026-03-07,2026-03-30,2026-04-04,65158.3,7819.0,0.0,72977.3,Mobile App,CONFIRMED,Paid,Chennai,Standard,2,Blue,0.0
BKG303899,CUST100920,HTL200382,2026-05-21,2026-06-29,2026-07-02,27756.26,3330.75,0.0,31087.01,Call Center,Completed,Paid,Goa,Standard,3,Platinum,0.0
BKG303900,CUST100637,HTL200722,2026-05-22,2026-05-27,2026-06-01,18736.17,2023.51,1873.62,18886.06,MOBILE APP,Completed,Paid,Ahmedabad,Family Room,2,Blue,0.0
BKG303901,CUST100665,HTL200332,2026-03-10,2026-03-18,2026-03-24,87430.08,9967.03,4371.5,93025.61,Mobile App,Confirmed,Paid,Udaipur,Standard,2,Silver,0.0
BKG303902,CUST100005,HTL200602,2026-02-28,2026-03-17,2026-03-22,23082.15,2215.89,4616.43,20681.61,Mobile App,No sHoW,Refunded,Chennai,Standard,3,Gold,0.0
BKG303903,CUST100421,HTL200165,2026-03-07,2026-03-08,2026-03-10,11308.63,1153.48,1696.29,10765.82,Mobile App,No Show,Refund Pending,Udaipur,Standard,3,Gold,3229.75
BKG303904,CUST100389,HTL200160,2026-03-09,2026-03-21,2026-03-24,26212.85,2673.71,3931.93,24954.63,Website,Cancelled,Refunded,Delhi,Family Room,5,Platinum,11229.58
BKG303905,CUST100333,HTL200005,2026-01-12,2026-02-16,2026-02-23,11738.58,1408.63,0.0,13147.21,Call Center,Completed,Paid,Varanasi,Standard,2,Silver,0.0
BKG303906,CUST100337,HTL200652,2026-03-09,2026-03-23,2026-03-24,1552.94,158.4,232.94,1478.4,Mobile App,Completed,Paid,Goa,Deluxe,3,Silver,0.0
BKG303907,CUST100847,HTL200204,2026-03-14,2026-04-01,2026-04-02,11652.54,1398.3,0.0,13050.84,Mobile App,Cancelled,Refunded,Jaipur,Family Room,1,Silver,13050.84
BKG303908,CUST101111,HTL200972,2026-01-06,2026-01-16,2026-01-23,17625.11,1903.51,1762.51,17766.11,Mobile App,Completed,Paid,Agra,Suite,4,Blue,0.0
BKG303909,CUST100268,HTL200531,2026-01-15,2026-01-30,2026-02-02,47863.06,5456.39,2393.15,50926.3,Website,Completed,Paid,Hyderabad,Executive,3,Blue,0.0
BKG303910,CUST100064,HTL200099,2026-02-11,2026-03-25,2026-03-26,6186.52,668.14,618.65,6236.01,Mobile App,Confirmed,Paid,Varanasi,Executive,4,Blue,0.0
BKG303911,CUST100677,HTL200676,2026-01-31,2026-03-05,2026-03-08,16466.66,1976.0,0.0,18442.66,Mobile App,Completed,Paid,Kolkata,Deluxe,2,Platinum,0.0
BKG303912,CUST101087,HTL200044,2026-01-06,2026-01-25,2026-01-27,5537.34,631.26,276.87,5891.73,Mobile App,No Show,Paid,  Goa  ,Family Room,1,Gold,2945.86
BKG303913,CUST100656,,2026-02-02,2026-03-08,2026-03-10,6770.67,812.48,0.0,7583.15,Website,Confirmed,Payment Failed,Mumbai,Suite,1,Silver,0.0
BKG303914,CUST100780,HTL200848,2026-01-21,2026-02-15,2026-02-20,29398.89,3527.87,0.0,32926.76,Mobile App,Confirmed,Paid,Ahmedabad,Family Room,5,Blue,0.0
BKG303915,CUST100328,HTL200226,2026-05-04,2026-05-20,2026-05-21,7581.56,818.81,758.16,7642.21,website,Completed,Paid,Bengaluru,Suite,5,Blue,0.0
BKG303916,CUST100517,HTL200314,2026-04-04,2026-04-12,2026-04-19,46283.8,4443.24,9256.76,41470.28,Mobile App,Cancelled,Refund Pending,Goa,Suite,2,Blue,41470.28
BKG303917,CUST100861,HTL200051,2026-05-29,2026-07-03,2026-07-06,23134.28,2359.7,3470.14,22023.84,Website,Confirmed,Paid,Manali,Family Room,3,Gold,0.0
BKG303918,CUST100420,HTL200145,2026-04-10,2026-05-01,2026-05-03,32757.75,3734.38,1637.89,34854.24,Mobile App,No Show,refunded,Bengaluru,Standard,1,Platinum,17427.12
BKG303919,CUST100308,HTL200280,2026-02-24,2026-03-15,2026-03-20,82917.05,9950.05,0.0,92867.1,Mobile App,Confirmed,Paid,Mumbai,Executive,2,Blue,0.0
BKG303920,CUST100813,HTL200122,2026-03-05,2026-03-16,2026-03-17,5358.29,643.0,0.0,6001.29,Mobile App,Cancelled,Paid,Chennai,Standard,2,Blue,2700.58
BKG303921,CUST100845,HTL200718,2026-03-27,2026-05-10,2026-05-11,5442.23,653.07,0.0,6095.3,Website,Confirmed,Paid,HYDERABAD,Executive,3,Platinum,0.0
BKG303922,CUST100961,HTL200470,2026-01-22,2026-02-02,2026-02-03,3529.78,338.86,705.96,3162.68,Mobile App,Confirmed,Paid,Mumbai,Standard,1,Silver,0.0
BKG303923,CUST100720,HTL200896,2026-03-01,2026-03-12,2026-03-14,12650.08,1442.11,632.5,13459.69,Call Center,Cancelled,  Refunded  ,Kolkata,Family Room,1,Blue,13459.69
BKG303924,CUST101065,HTL200296,2026-04-14,2026-05-06,2026-05-08,15872.22,1618.97,2380.83,15110.36,Website,No Show,Refund Pending,Hyderabad,Family Room,1,Blue,4533.11
BKG303925,CUST100589,HTL200613,2026-05-19,2026-06-09,2026-06-10,12260.92,1324.18,1226.09,12359.01,Mobile App,Pending,Paid,Bengaluru,Suite,5,Silver,0.0
BKG303926,CUST100319,HTL200511,2026-02-16,2026-03-15,2026-03-17,33606.93,3629.55,3360.69,33875.79,Website,Confirmed,Paid,Pune,Deluxe,1,Silver,0.0
BKG303927,CUST101010,HTL200785,2026-03-18,2026-04-05,2026-04-06,16051.37,1540.93,3210.27,14382.03,Website,Completed,Paid,Manali,Family Room,4,Blue,0.0
BKG303928,CUST100444,HTL200640,2026-01-18,2026-03-01,2026-03-05,44963.32,5395.6,0.0,50358.92,Website,Confirmed,Paid,Varanasi,Executive,3,Platinum,0.0
BKG303929,CUST100285,HTL200501,2026-01-22,2026-03-03,2026-03-05,15245.81,1738.02,762.29,16221.54,PaRtNeR DeSk,Confirmed,Paid,Goa,Suite,1,Blue,0.0
BKG303930,CUST100170,HTL200678,2026-05-25,2026-07-02,2026-07-05,39706.23,4050.04,5955.93,37800.34,Website,Confirmed,Paid,Hyderabad,Executive,3,Silver,0.0
BKG303931,CUST100262,HTL200201,2026-02-07,2026-03-09,2026-03-11,20262.4,2188.34,2026.24,20424.5,Mobile App,Confirmed,Paid,Kochi,Standard,3,Blue,0.0
BKG303932,CUST100941,HTL200414,2026-01-25,2026-02-27,2026-02-28,16135.73,1936.29,0.0,18072.02,Website,No Show,Paid,Shimla,Deluxe,4,Blue,0.0
BKG303933,CUST100141,HTL200613,2026-02-01,2026-02-22,2026-02-25,40116.27,4813.95,0.0,44930.22,Website,Confirmed,Paid,Bengaluru,Family Room,1,Gold,0.0
BKG303934,CUST101171,HTL200582,2026-05-23,2026-05-25,2026-05-30,24320.32,2626.59,2432.03,24514.88,Mobile App,Completed,Paid,Kochi,Standard,3,Blue,0.0
BKG303935,CUST100627,HTL200421,2026-01-13,2026-01-26,2026-01-29,18992.0,2279.04,0.0,21271.04,Mobile App,Completed,Paid,Pune,Suite,1,Silver,0.0
BKG303936,CUST100592,HTL200519,2026-01-11,2026-01-13,2026-01-16,24605.97,2509.81,3690.9,23424.88,Partner Desk,Confirmed,Paid,Ahmedabad,Executive,4,Blue,0.0
BKG303937,CUST100415,HTL200673,2026-01-13,2026-02-25,2026-02-27,4015.18,481.82,0.0,4497.0,Mobile App,Pending,Paid,Pune,Deluxe,5,Blue,0.0
BKG303938,CUST100024,HTL200072,2026-04-07,2026-05-08,2026-05-14,49463.05,5342.01,4946.3,49858.76,Website,Confirmed,Paid,Kolkata,Family Room,5,Blue,0.0
BKG303939,CUST100626,HTL200344,2026-04-11,2026-04-21,2026-04-24,30732.35,3319.09,3073.23,30978.21,Mobile App,No Show,REFUNDED,Bengaluru,Executive,5,Silver,15489.1
BKG303940,CUST100093,HTL200026,2026-02-07,2026-03-02,2026-03-05,29368.12,3171.76,2936.81,29603.07,Website,  Check-in Denied  ,Refunded,Mumbai,Family Room,5,Platinum,8880.92
BKG303941,CUST100304,HTL200168,2026-01-01,2026-01-23,2026-01-30,60511.45,6898.31,3025.57,64384.19,Mobile App,Check-in Denied,Paid,Varanasi,Family Room,2,Silver,19315.26
BKG303942,CUST100184,HTL200774,2026-02-08,2026-03-09,2026-03-10,7309.06,745.52,1096.36,6958.22,Website,Cancelled,Paid,Bengaluru,Executive,3,Platinum,6958.22
BKG303943,CUST100282,HTL200799,2026-01-27,2026-03-01,2026-03-03,20706.34,2236.29,2070.63,20872.0,Mobile App,Confirmed,Paid,Shimla,Family Room,2,Silver,0.0
BKG303944,CUST101178,HTL200584,2026-02-05,2026-03-08,2026-03-09,14446.46,1473.54,2166.97,13753.03,Website,Confirmed,Paid,Agra,Suite,1,Silver,0.0
BKG303945,CUST100685,HTL200208,2026-05-23,2026-06-06,2026-06-08,11684.54,1402.15,0.0,13086.69,Mobile App,Completed,Paid,Chennai,Deluxe,5,Platinum,0.0
BKG303946,CUST100862,HTL200610,2026-01-31,2026-02-10,2026-02-15,43423.05,5210.77,0.0,48633.82,Website,Completed,Paid,Chennai,Standard,1,Blue,0.0
BKG303947,CUST100684,HTL200879,2026-05-07,2026-05-25,2026-05-31,40186.96,4822.44,0.0,45009.4,Mobile App,  Cancelled  ,Paid,Bengaluru,Deluxe,4,Silver,20254.23
BKG303948,CUST100665,HTL200911,2026-01-06,2026-01-17,2026-01-20,45037.22,5404.47,0.0,50441.69,Mobile App,Cancelled,Refund Pending,Goa,Standard,3,Silver,0.0
BKG303949,CUST101037,HTL200897,2026-03-30,2026-05-08,2026-05-15,95575.97,10322.2,9557.6,96340.57,Mobile App,Confirmed,Paid,Delhi,Suite,4,Blue,0.0
BKG303950,CUST100889,HTL200938,2026-05-30,2026-06-02,2026-06-04,8981.59,1023.9,449.08,9556.41,Call Center,Confirmed,Paid,Kolkata,Deluxe,3,Blue,0.0
BKG303951,CUST100815,HTL200542,2026-01-31,2026-02-02,2026-02-05,32124.43,3469.44,3212.44,32381.43,Website,Confirmed,Paid,Udaipur,Suite,4,Silver,0.0
BKG303952,CUST100340,HTL200847,2026-04-10,2026-04-18,2026-04-21,11144.96,1337.4,0.0,12482.36,Mobile App,Completed,Paid,Mumbai,Executive,4,Silver,0.0
BKG303953,CUST100603,HTL200942,2026-03-14,2026-04-14,2026-04-18,12825.57,1462.11,641.28,13646.4,Call Center,Confirmed,Paid,Delhi,Standard,3,Blue,0.0
BKG303954,CUST100733,HTL200544,2026-02-15,2026-02-23,2026-02-24,14087.13,1436.89,2113.07,13410.95,Website,Completed,Paid,Hyderabad,Executive,1,Silver,0.0
BKG303955,CUST100818,HTL200724,2026-04-07,2026-05-20,2026-05-26,98503.59,9456.34,19700.72,88259.21,Mobile App,Completed,Paid,Pune,Executive,4,Blue,0.0
BKG303956,CUST100906,HTL200656,2026-01-01,2026-01-03,2026-01-10,81889.18,7861.36,16377.84,73372.7,Mobile App,Confirmed,Paid,Agra,Deluxe,3,Gold,0.0
BKG303957,CUST101131,HTL200610,2026-02-26,2026-03-20,2026-03-22,16250.84,1657.58,2437.63,15470.79,Mobile App,Completed,Paid,Chennai,Family Room,3,Gold,0.0
BKG303958,CUST100539,HTL200821,2026-01-09,2026-01-14,2026-01-19,47977.72,5181.59,4797.77,48361.54,Mobile App,Completed,Paid,Mumbai,Family Room,4,Silver,0.0
BKG303959,CUST100438,HTL200309,2026-01-05,2026-01-12,2026-01-18,57784.53,5894.02,8667.68,55010.87,Website,Completed,Paid,Chennai,Suite,1,Blue,0.0
BKG303960,CUST100987,HTL200946,2026-03-20,2026-04-09,2026-04-13,12949.79,1398.58,1294.98,13053.39,Mobile App,Check-in Denied,Paid,Kolkata,Deluxe,5,Gold,13053.39
BKG303961,CUST100665,HTL200179,2026-04-24,2026-05-22,2026-05-23,6501.17,624.11,1300.23,5825.05,Mobile App,Confirmed,Paid,Mumbai,Executive,2,Blue,0.0
BKG303962,CUST100383,HTL200646,2026-01-09,2026-01-22,2026-01-27,49830.84,5979.7,0.0,55810.54,Website,Completed,Paid,Manali,Suite,5,Blue,0.0
BKG303963,CUST100581,HTL200437,2026-01-24,2026-01-26,2026-01-31,75952.02,7291.39,15190.4,68053.01,CaLl cEnTeR,No Show,Refund Pending,Goa,Executive,4,Silver,34026.5
BKG303964,CUST100159,HTL200476,2026-05-30,2026-07-01,2026-07-04,48714.14,5261.13,4871.41,49103.86,Mobile App,Completed,Paid,GoA,Suite,4,Silver,0.0
BKG303965,CUST100431,HTL200394,2026-04-13,2026-05-09,2026-05-10,11198.56,1343.83,0.0,12542.39,Mobile App,completed,Paid,Bengaluru,Standard,3,Blue,0.0
BKG303966,CUST100614,HTL200701,2026-03-01,2026-03-04,2026-03-08,42166.59,5059.99,0.0,47226.58,Mobile App,Completed,Paid,Jaipur,Suite,1,Silver,0.0
BKG303967,CUST100487,HTL200541,2026-03-27,2026-05-07,2026-05-09,16687.56,1702.13,2503.13,15886.56,Website,Completed,PAID,Bengaluru,Suite,1,Blue,0.0
BKG303968,CUST100342,HTL200593,2026-04-26,2026-06-07,2026-06-09,6505.32,741.61,325.27,6921.66,Partner Desk,Confirmed,Paid,Shimla,Executive,4,Gold,0.0
BKG303969,CUST100108,HTL200056,2026-03-25,2026-04-07,2026-04-11,53215.05,5108.65,10643.01,47680.69,Mobile App,Completed,Paid,Hyderabad,Family Room,1,Platinum,0.0
BKG303970,CUST100848,HTL200173,2026-03-31,2026-04-21,2026-04-24,40610.13,4873.22,0.0,45483.35,Website,Confirmed,Paid,Varanasi,Executive,2,Silver,0.0
BKG303971,CUST100300,HTL200719,2026-03-30,2026-05-06,2026-05-09,8857.34,1009.74,442.87,9424.21,Mobile App,Completed,Paid,Mumbai,Deluxe,1,Blue,0.0
BKG303972,CUST100704,HTL200325,2026-04-30,2026-05-23,2026-05-28,90499.95,10316.99,4525.0,96291.94,Website,Completed,Paid,Kolkata,Executive,1,Blue,0.0
BKG303973,CUST101094,HTL200321,2026-05-23,2026-05-30,2026-05-31,3966.36,452.16,198.32,4220.2,Mobile App,Completed,Paid,Shimla,Family Room,3,Blue,0.0
BKG303974,CUST100268,HTL200182,2026-01-06,2026-01-23,2026-01-28,42407.78,4580.04,4240.78,42747.04,Partner Desk,Completed,Paid,Mumbai,Deluxe,4,Silver,0.0
BKG303975,CUST100477,HTL200234,2026-02-21,2026-03-21,2026-03-28,67901.49,7333.36,6790.15,68444.7,Mobile App,Confirmed,Paid,Kolkata,Family Room,1,Silver,0.0
BKG303976,CUST100175,HTL200618,2026-05-20,2026-06-19,2026-06-26,75694.58,9083.35,0.0,84777.93,Website,Confirmed,Paid,Delhi,Deluxe,4,Platinum,0.0
BKG303977,CUST100238,HTL200185,2026-01-19,2026-01-24,2026-01-26,23087.74,2770.53,0.0,25858.27,Mobile App,Completed,Payment Failed,Hyderabad,Executive,1,Blue,0.0
BKG303978,CUST100892,HTL200265,2026-03-16,2026-04-09,2026-04-13,65794.9,7895.39,0.0,73690.29,Mobile App,Confirmed,PaId,Manali,Family Room,1,Platinum,0.0
BKG303979,CUST100609,HTL200643,2026-05-10,2026-05-17,2026-05-18,19111.61,1949.38,2866.74,18194.25,Mobile App,Cancelled,Refunded,Manali,Family Room,1,Gold,12735.97
BKG303980,CUST100858,HTL200841,2026-02-24,2026-03-30,2026-04-03,25417.58,2897.6,1270.88,27044.3,Mobile App,Completed,Partially Paid,Udaipur,Standard,3,Blue,0.0
BKG303981,CUST100491,HTL200328,2026-01-15,2026-02-26,2026-02-27,10677.49,1217.23,533.87,11360.85,Mobile App,Confirmed,Paid,  Kochi  ,Standard,1,Blue,0.0
BKG303982,CUST100098,HTL200829,2026-04-10,2026-05-13,2026-05-19,115446.28,13160.88,5772.31,122834.85,Mobile App,No Show,Refund Pending,Goa,Suite,5,Silver,122834.85
BKG303983,CUST100328,HTL200364,2026-03-10,2026-04-06,2026-04-08,28563.63,2913.49,4284.54,27192.58,Mobile App,Completed,Partially Paid,Manali,Standard,2,Silver,0.0
BKG303984,CUST100444,HTL200682,2026-05-23,2026-06-06,2026-06-08,15328.61,1839.43,0.0,17168.04,Mobile App,confirmed,Paid,Shimla,Family Room,1,Platinum,0.0
BKG303985,CUST100997,HTL200809,2026-02-12,2026-03-03,2026-03-09,19785.18,2374.22,0.0,22159.4,Mobile App,Confirmed,Paid,Shimla,Suite,5,Blue,0.0
BKG303986,CUST100294,HTL200023,2026-01-17,2026-02-24,2026-02-25,14284.9,1542.77,1428.49,14399.18,Website,Completed,Paid,Varanasi,Executive,4,Silver,0.0
BKG303987,CUST100441,HTL200260,2026-04-08,2026-04-20,2026-04-23,8328.56,799.54,1665.71,7462.39,Website,Confirmed,Payment Failed,Varanasi,Suite,3,Gold,0.0
BKG303988,CUST100794,HTL200354,2026-04-26,2026-04-29,2026-04-30,11938.77,1289.39,1193.88,12034.28,Mobile App,Cancelled,Refunded,Varanasi,Deluxe,4,Gold,12034.28
BKG303989,CUST100890,HTL200195,2026-03-15,2026-03-22,2026-03-24,33679.69,4041.56,0.0,37721.25,Mobile App,Completed,Paid,Kochi,Suite,3,Silver,0.0
BKG303990,CUST100030,HTL200610,2026-04-26,2026-05-31,2026-06-07,60823.52,6933.88,3041.18,64716.22,Website,No Show,Paid,Chennai,Standard,4,Blue,19414.87
BKG303991,CUST101154,HTL200489,2026-01-30,2026-02-24,2026-02-28,29266.08,2809.54,5853.22,26222.4,Mobile App,Confirmed,Paid,Shimla,Executive,4,Blue,0.0
BKG303992,CUST100437,HTL200887,2026-03-08,2026-03-23,2026-03-28,30478.16,3474.51,1523.91,32428.76,Mobile App,Completed,Payment Failed,Hyderabad,Deluxe,2,Blue,0.0
BKG303993,CUST100285,HTL200332,2026-02-20,2026-03-11,2026-03-15,51611.57,5883.72,2580.58,54914.71,Mobile App,  No Show  ,Refund Pending,Udaipur,Suite,2,Silver,0.0
BKG303994,CUST100290,HTL200612,2026-03-01,2026-03-20,2026-03-22,22000.24,2508.03,1100.01,23408.26,Mobile App,Confirmed,Paid,Manali,Executive,2,Gold,0.0
BKG303995,CUST100367,HTL200863,2026-01-03,2026-01-26,2026-01-30,58035.08,5571.37,11607.02,51999.43,Mobile App,Confirmed,Paid,Goa,Standard,4,Gold,0.0
BKG303996,CUST100485,HTL200940,2026-04-14,2026-04-25,2026-04-28,23670.58,2556.42,2367.06,23859.94,Website,Completed,Paid,Goa,Executive,3,Gold,0.0
BKG303997,CUST100554,HTL200954,2026-01-05,2026-01-26,2026-01-29,9044.33,976.79,904.43,9116.69,Mobile App,Pending,Paid,Bengaluru,Executive,2,Blue,0.0
BKG303998,CUST100167,HTL200631,2026-01-28,2026-03-03,2026-03-10,47959.76,5755.17,0.0,53714.93,Call Center,Completed,Paid,Goa,Deluxe,3,Silver,0.0
BKG303999,CUST101193,HTL200320,2026-04-18,2026-05-27,2026-05-28,6475.38,699.34,647.54,6527.18,Website,Completed,Paid,Goa,Family Room,3,Platinum,0.0
BKG304000,CUST100770,HTL200446,2026-05-19,2026-05-26,2026-05-30,40551.71,4622.89,2027.59,43147.01,Website,Completed,Paid,Goa,Standard,1,Blue,0.0
BKG304001,CUST100077,,2026-04-11,2026-05-23,2026-05-27,35599.12,4271.89,0.0,39871.01,Mobile App,Confirmed,Paid,Jaipur,Deluxe,5,Silver,0.0
BKG304002,CUST100850,HTL200202,2026-03-17,2026-04-30,2026-05-02,27415.98,2796.43,4112.4,26100.01,Mobile App,Completed,Paid,Delhi,Deluxe,4,Blue,0.0
BKG304003,CUST101108,HTL200089,2026-01-15,2026-02-11,2026-02-12,14756.36,1682.22,737.82,15700.76,Mobile App,Confirmed,paid,Chennai,Deluxe,5,Blue,0.0
BKG304004,CUST100891,HTL200706,2026-03-24,2026-04-16,2026-04-17,6278.58,715.76,313.93,6680.41,Mobile App,Confirmed,Paid,Bengaluru,Family Room,4,Blue,0.0
BKG304005,CUST100660,HTL200176,2026-02-17,2026-03-27,2026-03-31,48683.81,4673.65,9736.76,43620.7,Partner Desk,Cancelled,Refunded,Kolkata,Family Room,3,Blue,30534.49
BKG304006,CUST100588,HTL200626,2026-05-07,2026-05-27,2026-06-01,77929.99,9351.6,0.0,87281.59,Mobile App,Completed,Paid,Mumbai,Suite,5,Gold,0.0
BKG304007,CUST100761,HTL200844,2026-02-15,2026-03-14,2026-03-18,11511.78,1243.27,1151.18,11603.87,Website,pending,Paid,Hyderabad,Suite,1,Blue,0.0
BKG304008,CUST100564,HTL200031,2026-01-28,2026-02-05,2026-02-09,31676.29,3421.04,3167.63,31929.7,Mobile App,Confirmed,Paid,Chennai,Standard,5,Platinum,0.0
BKG304009,CUST100811,HTL200879,2026-01-07,2026-02-13,2026-02-17,31884.04,3060.87,6376.81,28568.1,Website,Completed,Paid,Bengaluru,Standard,5,Platinum,0.0
BKG304010,CUST100301,HTL200945,2026-04-04,2026-04-07,2026-04-10,50477.1,5148.66,7571.57,48054.19,Mobile App,Cancelled,Refunded,Pune,Family Room,1,Platinum,33637.93
BKG304011,CUST100292,HTL200726,2026-03-23,2026-03-25,2026-03-31,44704.37,4828.07,4470.44,45062.0,WEBSITE,Confirmed,Paid,Agra,Family Room,1,Blue,0.0
BKG304012,CUST100293,HTL200953,2026-03-29,2026-04-20,2026-04-21,3922.99,447.22,196.15,4174.06,Call Center,Confirmed,Paid,Udaipur,Family Room,2,Blue,0.0
BKG304013,CUST100108,HTL200819,2026-05-14,2026-05-20,2026-05-26,20186.2,2301.23,1009.31,21478.12,Mobile App,Completed,Partially Paid,Mumbai,Deluxe,4,Blue,0.0
BKG304014,CUST100364,HTL200790,2026-03-09,2026-04-17,2026-04-20,16864.48,1618.99,3372.9,15110.57,Mobile App,Completed,Paid,Udaipur,Family Room,3,Platinum,0.0
BKG304015,CUST100599,HTL200242,2026-02-24,2026-04-05,2026-04-10,56282.42,6753.89,0.0,63036.31,Mobile App,Pending,Paid,Mumbai,Deluxe,5,Blue,0.0
BKG304016,CUST100677,HTL200797,2026-04-28,2026-06-03,2026-06-05,22720.32,2317.47,3408.05,21629.74,Mobile App,Completed,Paid,Goa,Deluxe,5,Silver,0.0
BKG304017,CUST100092,HTL200069,2026-05-14,2026-06-27,2026-07-04,22005.83,2640.7,0.0,24646.53,Mobile App,No Show,Paid,Varanasi,Standard,3,Silver,24646.53
BKG304018,CUST101087,HTL200070,2026-04-18,2026-05-12,2026-05-17,44662.08,5359.45,0.0,50021.53,Mobile App,No Show,Paid,Hyderabad,Executive,1,Platinum,25010.76
BKG304019,CUST100427,HTL200622,2026-02-20,2026-03-04,2026-03-05,13014.19,1561.7,0.0,14575.89,Mobile App,Confirmed,Paid,Udaipur,Suite,1,Platinum,0.0
BKG304020,CUST100637,HTL200157,2026-02-07,2026-02-24,2026-02-26,8277.85,993.34,0.0,9271.19,Website,Cancelled,ReFuNd pEnDiNg,Goa,Suite,5,Blue,6489.83
BKG304021,CUST100367,HTL200548,2026-05-19,2026-06-10,2026-06-16,94748.18,9095.82,18949.64,84894.36,Mobile App,Confirmed,Paid,Agra,Standard,5,Silver,0.0
BKG304022,CUST100104,HTL200815,2026-04-03,2026-04-22,2026-04-27,17143.05,1748.59,2571.46,16320.18,Website,Confirmed,Payment Failed,  Varanasi  ,Standard,3,Blue,0.0
BKG304023,CUST100208,HTL200927,2026-01-20,2026-01-29,2026-01-30,1548.22,176.5,77.41,1647.31,Mobile App,No Show,Refund Pending,Ahmedabad,Family Room,3,Gold,823.66
BKG304024,CUST101011,HTL200325,2026-01-10,2026-01-22,2026-01-29,105603.04,11405.13,10560.3,106447.87,Website,Confirmed,Paid,Kolkata,Family Room,4,Blue,0.0
BKG304025,CUST100473,HTL200034,2026-01-26,2026-02-27,2026-03-06,49588.35,5355.54,4958.84,49985.05,Mobile App,Confirmed,Paid,Udaipur,Family Room,1,Blue,0.0
BKG304026,CUST101084,HTL200479,2026-02-17,2026-03-20,2026-03-25,72177.41,7362.1,10826.61,68712.9,Mobile App,  Confirmed  ,Payment Failed,Manali,Deluxe,2,Silver,0.0
BKG304027,CUST100011,HTL200459,2026-04-01,2026-04-18,2026-04-20,20890.88,2130.87,3133.63,19888.12,MOBILE APP,Confirmed,Paid,Chennai,Deluxe,2,Blue,0.0
BKG304028,CUST100465,HTL200835,2026-04-24,2026-05-17,2026-05-19,10014.32,1201.72,0.0,11216.04,Mobile App,Completed,Paid,Delhi,Family Room,3,Silver,0.0
BKG304029,CUST100648,HTL200415,2026-01-14,2026-01-24,2026-01-29,86289.83,9837.04,4314.49,91812.38,Call Center,Completed,Paid,GOA,Deluxe,4,Blue,0.0
BKG304030,CUST101097,HTL200570,2026-04-10,2026-05-10,2026-05-13,35282.78,3810.54,3528.28,35565.04,WEBSITE,Completed,Paid,Delhi,Standard,5,Gold,0.0
BKG304031,CUST100874,HTL200885,2026-01-12,2026-01-31,2026-02-05,12308.32,1181.6,2461.66,11028.26,Mobile App,No Show,Paid,Varanasi,Family Room,3,Silver,3308.48
BKG304032,CUST100385,HTL200418,2026-04-26,2026-05-22,2026-05-28,30307.33,3273.19,3030.73,30549.79,Call Center,Confirmed,Paid,Goa,Suite,3,Blue,0.0
BKG304033,CUST101159,HTL200510,2026-05-03,2026-05-29,2026-06-03,8902.14,908.02,1335.32,8474.84,Mobile App,Confirmed,Paid,Udaipur,Suite,3,Gold,0.0
BKG304034,CUST100883,HTL200367,2026-01-23,2026-02-03,2026-02-08,61572.85,6280.43,9235.93,58617.35,Mobile App,Confirmed,Paid,Pune,Deluxe,2,Gold,0.0
BKG304035,CUST100554,HTL200911,2026-03-26,2026-04-15,2026-04-18,42617.16,4602.65,4261.72,42958.09,Website,Cancelled,paid,Goa,Suite,3,Platinum,0.0
BKG304036,CUST101062,HTL200886,2026-03-13,2026-03-17,2026-03-21,72429.12,7387.77,10864.37,68952.52,Mobile App,Completed,Paid,Pune,Family Room,4,Silver,0.0
BKG304037,CUST100653,HTL200882,2026-05-02,2026-05-14,2026-05-16,15770.81,1797.87,788.54,16780.14,Mobile App,Check-in Denied,paid,Shimla,Suite,2,Gold,16780.14
BKG304038,CUST100864,HTL200206,2026-05-17,2026-06-11,2026-06-17,50619.31,5770.6,2530.97,53858.94,Mobile App,CaNcElLeD,Refund Pending,Pune,Standard,4,Silver,0.0
BKG304039,CUST100988,HTL200360,2026-04-05,2026-04-15,2026-04-16,10248.58,1045.36,1537.29,9756.65,Mobile App,Confirmed,Payment Failed,Kolkata,Deluxe,2,Silver,0.0
BKG304040,CUST100352,HTL200435,2026-01-25,2026-02-16,2026-02-18,31350.36,3762.04,0.0,35112.4,Mobile App,Confirmed,Paid,Varanasi,Suite,4,Silver,0.0
BKG304041,CUST100513,HTL200577,2026-01-17,2026-01-24,2026-01-26,3029.18,345.33,151.46,3223.05,Mobile App,Completed,Paid,Pune,Deluxe,1,Blue,0.0
BKG304042,CUST100803,HTL200773,2026-01-29,2026-02-22,2026-02-26,64584.81,6975.16,6458.48,65101.49,Partner Desk,Completed,Paid,Goa,Standard,1,Blue,0.0
BKG304043,CUST100342,HTL200269,2026-03-08,2026-03-10,2026-03-12,4096.45,467.0,204.82,4358.63,Mobile App,Confirmed,Paid,MANALI,Suite,2,Blue,0.0
BKG304044,CUST100335,HTL200232,2026-03-26,2026-04-27,2026-04-29,13832.23,1327.89,2766.45,12393.67,Mobile App,Completed,  Paid  ,mumbai,Family Room,1,Silver,0.0
BKG304045,CUST100023,HTL200668,2026-02-26,2026-03-19,2026-03-22,12820.48,1230.77,2564.1,11487.15,Website,No Show,Refunded,Agra,Executive,5,Silver,5743.58
BKG304046,CUST100884,HTL200105,2026-03-13,2026-03-20,2026-03-23,29442.15,3356.4,1472.11,31326.44,Mobile App,Cancelled,Refunded,chennai,Suite,4,Silver,14096.9
BKG304047,CUST100103,HTL200665,2026-01-14,2026-01-22,2026-01-25,43904.31,4741.67,4390.43,44255.55,Mobile App,Completed,Paid,Udaipur,Standard,2,Blue,0.0
BKG304048,CUST100573,HTL200017,2026-02-08,2026-03-18,2026-03-21,46112.9,4980.19,4611.29,46481.8,Call Center,Cancelled,Refund Pending,Goa,Executive,1,Blue,46481.8
BKG304049,CUST100774,HTL200494,2026-05-24,2026-06-14,2026-06-17,56904.23,6487.08,2845.21,60546.1,Partner Desk,Confirmed,Paid,Mumbai,Suite,2,Blue,0.0
BKG304050,CUST100886,HTL200259,2026-01-18,2026-01-26,2026-02-01,104329.87,12519.58,0.0,116849.45,Mobile App,Confirmed,Paid,Chennai,Deluxe,5,Silver,0.0
BKG304051,CUST100242,HTL200484,2026-03-16,2026-04-10,2026-04-11,17899.26,1933.12,1789.93,18042.45,Partner Desk,Confirmed,Paid,Agra,Standard,2,Silver,0.0
BKG304052,CUST100341,HTL200312,2026-04-12,2026-05-10,2026-05-14,61489.89,6640.91,6148.99,61981.81,Partner Desk,Confirmed,Paid,pune,Suite,2,Gold,0.0
BKG304053,CUST100632,HTL200630,2026-01-20,2026-02-17,2026-02-22,13396.26,1607.55,0.0,15003.81,Website,NO SHOW,Refunded,VARANASI,Standard,3,Blue,0.0
BKG304054,CUST100864,HTL200820,2026-04-27,2026-05-28,2026-06-04,41061.45,4188.27,6159.22,39090.5,Mobile App,CoNfIrMeD,Payment Failed,Bengaluru,Family Room,3,Silver,0.0
BKG304055,CUST100172,HTL200101,2026-04-27,2026-06-02,2026-06-08,32721.39,3533.91,3272.14,32983.16,Mobile App,Completed,Paid,Shimla,Executive,3,Silver,0.0
BKG304056,CUST100102,HTL200536,2026-01-04,2026-01-29,2026-02-01,57375.82,6885.1,0.0,64260.92,Mobile App,Cancelled,Paid,Kolkata,Executive,3,Platinum,0.0
BKG304057,CUST100159,HTL200942,2026-03-25,2026-05-05,2026-05-09,11912.97,1286.6,1191.3,12008.27,Mobile App,Completed,Paid,Delhi,Family Room,4,Gold,0.0
BKG304058,CUST100713,HTL200179,2026-05-28,2026-07-04,2026-07-09,28891.92,3467.03,0.0,32358.95,Website,Completed,Paid,Mumbai,Executive,5,Gold,0.0
BKG304059,CUST100556,HTL200509,2026-05-19,2026-06-26,2026-06-28,10906.58,1308.79,0.0,12215.37,Website,Completed,Partially Paid,Agra,Executive,2,Silver,0.0
BKG304060,CUST100575,HTL200476,2026-04-24,2026-05-06,2026-05-12,104762.72,10685.8,15714.41,99734.11,Mobile App,Completed,Paid,Goa,Family Room,5,Blue,0.0
BKG304061,CUST100195,HTL200673,2026-03-06,2026-04-12,2026-04-14,4267.92,409.72,853.58,3824.06,Mobile App,No Show,Refunded,Pune,Deluxe,2,Silver,0.0
BKG304062,CUST100988,HTL200399,2026-05-26,2026-07-02,2026-07-06,12745.73,1529.49,0.0,14275.22,Mobile App,Confirmed,Paid,Jaipur,Executive,3,Blue,0.0
BKG304063,CUST100933,HTL200996,2026-02-13,2026-03-16,2026-03-17,15515.63,1489.5,3103.13,13902.0,  Website  ,Confirmed,Paid,Kochi,Deluxe,4,Gold,0.0
BKG304064,CUST100069,HTL200349,2026-04-28,2026-05-16,2026-05-17,9007.06,1080.85,0.0,10087.91,Mobile App,Completed,Paid,Udaipur,Standard,2,Blue,0.0
BKG304065,CUST100842,HTL200214,2026-04-10,2026-05-06,2026-05-10,63805.24,7656.63,0.0,71461.87,Mobile App,Confirmed,Paid,Mumbai,Standard,2,Gold,0.0
BKG304066,CUST100246,HTL200382,2026-01-18,2026-01-24,2026-01-31,58616.95,7034.03,0.0,65650.98,Website,Completed,Paid,Goa,Executive,1,Blue,0.0
BKG304067,CUST100328,HTL200123,2026-05-08,2026-05-17,2026-05-24,91668.93,11000.27,0.0,102669.2,Mobile App,Pending,Paid,Udaipur,Standard,4,Silver,0.0
BKG304068,CUST100157,HTL200291,2026-02-07,2026-02-18,2026-02-19,12888.03,1469.24,644.4,13712.87,Mobile App,CANCELLED,Refund Pending,Agra,Family Room,4,Gold,0.0
BKG304069,CUST100917,HTL200667,2026-05-16,2026-06-16,2026-06-23,92447.81,8874.99,18489.56,82833.24,Mobile App,No Show,Paid,Jaipur,Executive,4,Blue,82833.24
BKG304070,CUST100697,HTL200704,2026-04-14,2026-04-16,2026-04-17,12214.52,1465.74,0.0,13680.26,Call Center,Completed,Paid,Kochi,Family Room,5,Blue,0.0
BKG304071,CUST100742,HTL200327,2026-01-13,2026-02-11,2026-02-13,25281.57,2882.1,1264.08,26899.59,MoBiLe aPp,Confirmed,paid,Varanasi,Deluxe,3,Gold,0.0
BKG304072,CUST100584,HTL200564,2026-02-24,2026-04-07,2026-04-14,123552.57,13343.68,12355.26,124540.99,Mobile App,Cancelled,Refund Pending,Ahmedabad,Suite,1,Blue,124540.99
BKG304073,CUST100054,HTL200681,2026-03-29,2026-04-03,2026-04-04,13516.19,1540.85,675.81,14381.23,Website,Cancelled,Refunded,Hyderabad,Suite,5,Gold,6471.55
BKG304074,CUST100485,HTL200846,2026-03-26,2026-04-18,2026-04-19,15234.75,1645.35,1523.48,15356.62,Mobile App,Completed,Partially Paid,Kochi,Executive,3,Platinum,0.0
BKG304075,CUST100409,HTL200097,2026-04-19,2026-05-25,2026-05-29,58268.85,6642.65,2913.44,61998.06,Mobile App,No Show,Refunded,Kochi,Family Room,2,Silver,61998.06
BKG304076,CUST100959,HTL200658,2026-02-12,2026-02-19,2026-02-20,15682.72,1881.93,0.0,17564.65,Website,PeNdInG,Paid,Kolkata,Suite,1,Silver,0.0
BKG304077,CUST100904,HTL200299,2026-05-12,2026-05-25,2026-06-01,130615.01,14106.42,13061.5,131659.93,Website,Completed,PaId,Kolkata,Executive,5,Gold,0.0
BKG304078,CUST100726,HTL200029,2026-03-12,2026-04-23,2026-04-30,54435.6,6532.27,0.0,60967.87,Mobile App,Confirmed,Paid,Chennai,Suite,1,Blue,0.0
BKG304079,CUST101038,HTL200073,2026-01-12,2026-01-22,2026-01-28,51927.04,5919.68,2596.35,55250.37,Mobile App,Completed,Paid,Pune,Suite,3,Gold,0.0
BKG304080,CUST100146,HTL200171,2026-02-28,2026-04-05,2026-04-08,45380.6,5173.39,2269.03,48284.96,Website,Pending,Partially Paid,AgRa,Standard,5,Blue,0.0
BKG304081,CUST101048,HTL200884,2026-02-13,2026-03-01,2026-03-04,26716.74,3045.71,1335.84,28426.61,Website,Confirmed,Paid,Chennai,Executive,5,Blue,0.0
BKG304082,CUST100332,HTL200922,2026-01-16,2026-01-31,2026-02-04,35362.71,3819.17,3536.27,35645.61,Mobile App,Completed,Paid,Kolkata,Suite,1,Platinum,0.0
BKG304083,CUST101197,HTL200083,2026-05-14,2026-06-26,2026-06-29,36983.62,4216.13,1849.18,39350.57,Website,Cancelled,Paid,mumbai,Executive,2,Blue,27545.4
BKG304084,CUST100289,HTL200984,2026-01-14,2026-02-02,2026-02-04,27124.28,2929.42,2712.43,27341.27,Call Center,Confirmed,Paid,  Hyderabad  ,Standard,2,Blue,0.0
BKG304085,CUST100569,HTL200584,2026-04-25,2026-05-16,2026-05-22,86346.4,9325.41,8634.64,87037.17,Mobile App,Completed,Paid,Agra,Executive,2,Silver,0.0
BKG304086,CUST100790,HTL200743,2026-04-22,2026-05-27,2026-06-02,92269.01,10518.67,4613.45,98174.23,Mobile App,Confirmed,Paid,Manali,Standard,3,Blue,0.0
BKG304087,CUST101168,HTL200289,2026-05-03,2026-05-18,2026-05-22,57489.32,5518.97,11497.86,51510.43,Website,Cancelled,Refund Pending,Bengaluru,Suite,1,Blue,0.0
BKG304088,CUST100908,HTL200638,2026-02-27,2026-03-13,2026-03-20,37741.88,3623.22,7548.38,33816.72,Mobile App,Cancelled,Refunded,Hyderabad,Suite,3,Blue,0.0
BKG304089,CUST101145,HTL200084,2026-04-30,2026-05-29,2026-05-30,5441.67,587.7,544.17,5485.2,Website,Cancelled,Refunded,Agra,Suite,3,Blue,2468.34
BKG304090,CUST100026,HTL200253,2026-02-04,2026-02-09,2026-02-12,40569.5,4868.34,0.0,45437.84,Website,Confirmed,Paid,Delhi,Standard,2,Blue,0.0
BKG304091,CUST101089,HTL200663,2026-01-10,2026-01-28,2026-01-30,15245.53,1737.99,762.28,16221.24,Website,Confirmed,Paid,Hyderabad,Deluxe,2,Gold,0.0
BKG304092,CUST101124,HTL200823,2026-03-22,2026-03-23,2026-03-30,129418.35,15530.2,0.0,144948.55,Mobile App,Cancelled,Refund Pending,Kochi,Standard,2,Blue,0.0
BKG304093,CUST100925,HTL200518,2026-02-13,2026-03-12,2026-03-16,62710.97,7149.05,3135.55,66724.47,Website,Completed,Paid,Varanasi,Standard,1,Blue,0.0
BKG304094,CUST100387,HTL200451,2026-03-12,2026-04-08,2026-04-15,69925.93,8391.11,0.0,78317.04,Mobile App,Confirmed,Paid,Goa,Family Room,1,Silver,0.0
BKG304095,CUST101117,HTL200306,2026-01-18,2026-02-12,2026-02-16,50800.32,5486.43,5080.03,51206.72,Mobile App,Confirmed,Paid,Pune,Suite,2,Silver,0.0
BKG304096,CUST101090,HTL200647,2026-03-24,2026-05-04,2026-05-05,4351.88,522.23,0.0,4874.11,Mobile App,Completed,Paid,Kochi,Suite,3,Gold,0.0
BKG304097,CUST100249,HTL200183,2026-03-20,2026-04-10,2026-04-15,20200.8,1939.28,4040.16,18099.92,Partner Desk,Confirmed,PAID,Kochi,Family Room,1,Blue,0.0
BKG304098,CUST100141,HTL200972,2026-03-27,2026-04-10,2026-04-13,6295.29,755.43,0.0,7050.72,Mobile App,Completed,Paid,Agra,Deluxe,5,Blue,0.0
BKG304099,CUST100266,HTL200313,2026-02-11,2026-03-03,2026-03-05,19056.87,2058.14,1905.69,19209.32,Website,Cancelled,Refund Pending,Bengaluru,Executive,3,Blue,19209.32
BKG304100,CUST100214,HTL200340,2026-05-04,2026-06-01,2026-06-05,14329.18,1461.58,2149.38,13641.38,Mobile App,Completed,Paid,manali,Suite,3,Silver,0.0
BKG304101,CUST100488,HTL200226,2026-01-30,2026-02-20,2026-02-27,50470.91,6056.51,0.0,56527.42,Website,No Show,Refund Pending,Bengaluru,Suite,4,Gold,56527.42
BKG304102,CUST100495,HTL200836,2026-01-20,2026-02-12,2026-02-15,46875.21,4500.02,9375.04,42000.19,Mobile App,Confirmed,Paid,Shimla,Standard,1,Silver,0.0
BKG304103,CUST100479,HTL200755,2026-05-06,2026-05-17,2026-05-24,82713.72,9429.36,4135.69,88007.39,MoBiLe aPp,Completed,PaId,Jaipur,Deluxe,5,Blue,0.0
BKG304104,CUST100642,HTL200263,2026-04-06,2026-04-08,2026-04-10,8741.7,839.2,1748.34,7832.56,Call Center,Confirmed,Paid,PUNE,Deluxe,1,Gold,0.0
BKG304105,CUST100000,HTL200449,2026-05-05,2026-05-25,2026-05-31,36979.15,3550.0,7395.83,33133.32,Mobile App,No Show,Refunded,Pune,Deluxe,3,Silver,33133.32
BKG304106,CUST101032,HTL200250,2026-02-11,2026-03-07,2026-03-13,16076.7,1929.2,0.0,18005.9,Mobile App,Check-in Denied,Refund Pending,Bengaluru,Deluxe,1,Silver,5401.77
BKG304107,CUST100840,HTL200407,2026-03-30,2026-04-24,2026-04-26,19538.16,1992.89,2930.72,18600.33,Website,Completed,Paid,Ahmedabad,Family Room,3,Platinum,0.0
BKG304108,CUST100379,HTL200169,2026-03-28,2026-05-04,2026-05-10,75285.51,9034.26,0.0,84319.77,Website,Confirmed,Paid,Manali,Standard,5,Platinum,0.0
BKG304109,CUST100843,HTL200565,2026-01-05,2026-01-27,2026-01-31,70480.23,8457.63,0.0,78937.86,Mobile App,confirmed,Paid,Ahmedabad,Family Room,3,Blue,0.0
BKG304110,CUST101167,HTL200911,2026-02-19,2026-03-15,2026-03-18,37488.39,4498.61,0.0,41987.0,mobile app,Cancelled,Refunded,Goa,Family Room,2,Silver,18894.15
BKG304111,CUST100301,HTL200131,2026-02-10,2026-02-25,2026-02-27,23785.97,2854.32,0.0,26640.29,Website,Cancelled,Refunded,Kolkata,Executive,3,Blue,26640.29
BKG304112,CUST100649,HTL200826,2026-04-04,2026-04-16,2026-04-20,49552.63,5351.68,4955.26,49949.05,Mobile App,No Show,Paid,Shimla,Standard,2,Blue,49949.05
BKG304113,CUST100808,HTL200605,2026-02-26,2026-03-29,2026-04-01,16363.2,1865.41,818.16,17410.45,Mobile App,Confirmed,PAID,Pune,Deluxe,5,Blue,0.0
BKG304114,CUST101167,HTL200045,2026-05-15,2026-06-27,2026-06-30,38187.92,3895.17,5728.19,36354.9,Mobile App,Completed,Paid,Goa,Standard,5,Blue,0.0
BKG304115,CUST100338,HTL200349,2026-05-13,2026-06-13,2026-06-17,34160.77,3894.33,1708.04,36347.06,Mobile App,Completed,  Paid  ,Udaipur,Deluxe,3,Silver,0.0
BKG304116,CUST100998,HTL200098,2026-02-20,2026-03-22,2026-03-25,31342.8,3008.91,6268.56,28083.15,Mobile App,No Show,Refund Pending,Hyderabad,Executive,2,Blue,14041.58
BKG304117,CUST100665,HTL200745,2026-04-16,2026-05-27,2026-06-01,16826.93,2019.23,0.0,18846.16,Mobile App,Completed,Paid,Agra,Suite,3,Blue,0.0
BKG304118,CUST101195,HTL200780,2026-05-16,2026-06-05,2026-06-07,11339.08,1360.69,0.0,12699.77,Mobile App,Confirmed,Payment Failed,Udaipur,Family Room,5,Blue,0.0
BKG304119,CUST100403,HTL200036,2026-01-11,2026-01-19,2026-01-21,9628.56,1039.88,962.86,9705.58,Mobile App,No Show,Refund Pending,Pune,Executive,2,Blue,0.0
BKG304120,CUST100246,HTL200437,2026-05-30,2026-07-13,2026-07-16,39213.35,3999.76,5882.0,37331.11,Mobile App,Confirmed,Partially Paid,Goa,Family Room,4,Gold,0.0
BKG304121,CUST100558,HTL200944,2026-04-08,2026-05-08,2026-05-12,33562.15,3423.34,5034.32,31951.17,Mobile App,CoMpLeTeD,Paid,Bengaluru,Deluxe,4,Platinum,0.0
BKG304122,CUST100777,HTL200074,2026-04-09,2026-05-14,2026-05-15,3587.67,408.99,179.38,3817.28,Website,Completed,Paid,Pune,Deluxe,5,Gold,0.0
BKG304123,CUST100110,HTL200057,2026-05-19,2026-06-09,2026-06-15,43903.42,5268.41,0.0,49171.83,Website,Confirmed,Paid,Goa,Executive,2,Silver,0.0
BKG304124,CUST100987,HTL200018,2026-04-06,2026-05-16,2026-05-19,3725.52,447.06,0.0,4172.58,Mobile App,Completed,Paid,Hyderabad,Suite,3,Silver,0.0
BKG304125,CUST100812,HTL200401,2026-04-16,2026-05-14,2026-05-15,9800.05,1117.21,490.0,10427.26,Mobile App,Cancelled,Paid,Bengaluru,Suite,5,Gold,10427.26
BKG304126,CUST100929,HTL200187,2026-05-23,2026-07-01,2026-07-04,33142.37,3778.23,1657.12,35263.48,Website,Completed,Paid,Kolkata,Family Room,5,Blue,0.0
BKG304127,CUST100885,HTL200912,2026-01-01,2026-01-18,2026-01-19,6694.66,763.19,334.73,7123.12,PaRtNeR DeSk,Confirmed,Paid,Mumbai,Deluxe,1,Blue,0.0
BKG304128,CUST100908,HTL200138,2026-02-15,2026-02-27,2026-03-02,38069.91,4111.55,3806.99,38374.47,MOBILE APP,Cancelled,Refund Pending,Pune,Deluxe,3,Blue,0.0
BKG304129,CUST100790,HTL200142,2026-03-29,2026-04-16,2026-04-20,15399.66,1663.16,1539.97,15522.85,Mobile App,Pending,PaId,Jaipur,Suite,3,Blue,0.0
BKG304130,CUST100291,HTL200967,2026-01-22,2026-02-19,2026-02-25,19510.9,2107.18,1951.09,19666.99,Mobile App,Cancelled,Refund Pending,Varanasi,Deluxe,4,Gold,19666.99
BKG304131,CUST100174,HTL200107,2026-01-03,2026-01-06,2026-01-13,60616.29,7273.95,0.0,67890.24,Website,Cancelled,Paid,Pune,Deluxe,1,Gold,30550.61
BKG304132,CUST100108,HTL200220,2026-05-22,2026-06-06,2026-06-13,38130.72,4118.12,3813.07,38435.77,Call Center,Check-in Denied,REFUND PENDING,Bengaluru,Executive,3,Blue,19217.88
BKG304133,CUST100961,HTL200144,2026-05-10,2026-05-26,2026-05-27,15208.07,1824.97,0.0,17033.04,Website,Cancelled,Refund Pending,Varanasi,Suite,3,Blue,0.0
BKG304134,CUST100847,HTL200857,2026-03-02,2026-03-24,2026-03-29,39877.94,4785.35,0.0,44663.29,Mobile App,Pending,Paid,Chennai,Suite,4,Blue,0.0
BKG304135,CUST101037,HTL200509,2026-02-07,2026-03-10,2026-03-14,22421.46,2286.99,3363.22,21345.23,Website,Cancelled,Paid,Agra,Standard,1,Gold,14941.66
BKG304136,CUST100692,HTL200375,2026-02-15,2026-03-18,2026-03-24,95822.52,10348.83,9582.25,96589.1,Mobile App,  Completed  ,Payment Failed,Ahmedabad,Suite,1,Gold,0.0
BKG304137,CUST100963,HTL200004,2026-05-14,2026-05-15,2026-05-18,15553.97,1679.83,1555.4,15678.4,Website,Cancelled,ReFuNd pEnDiNg,Manali,Suite,2,Gold,7055.28
BKG304138,CUST100042,HTL200956,2026-02-10,2026-02-21,2026-02-22,4739.01,568.68,0.0,5307.69,Mobile App,No Show,PAID,Bengaluru,Standard,5,Gold,5307.69
BKG304139,CUST100460,HTL200387,2026-05-19,2026-05-25,2026-05-31,32979.17,3363.87,4946.88,31396.16,Mobile App,Cancelled,Refunded,Chennai,Deluxe,2,Blue,14128.27
BKG304140,CUST101125,HTL200567,2026-04-20,2026-05-13,2026-05-15,11831.58,1419.79,0.0,13251.37,Mobile App,Cancelled,Paid,Pune,Deluxe,1,Blue,13251.37
BKG304141,,HTL200766,2026-02-10,2026-02-19,2026-02-23,50554.04,5156.51,7583.11,48127.44,Website,Confirmed,Paid,Agra,Family Room,4,Blue,0.0
BKG304142,CUST101032,HTL200983,2026-02-26,2026-03-14,2026-03-15,9012.22,1027.39,450.61,9589.0,Website,No Show,Refund Pending,Ahmedabad,Deluxe,2,Platinum,9589.0
BKG304143,CUST100148,HTL200970,2026-05-03,2026-06-10,2026-06-14,45230.48,5427.66,0.0,50658.14,Mobile App,completed,Paid,Kolkata,Suite,4,Silver,0.0
BKG304144,CUST100337,HTL200733,2026-03-27,2026-05-10,2026-05-11,15134.03,1725.28,756.7,16102.61,Mobile App,Confirmed,Paid,Shimla,Family Room,1,Blue,0.0
BKG304145,CUST101002,HTL200871,2026-03-04,2026-03-23,2026-03-30,68473.41,8216.81,0.0,76690.22,Mobile App,Cancelled,Paid,Bengaluru,Family Room,4,Blue,34510.6
BKG304146,CUST100223,HTL200559,2026-02-08,2026-02-21,2026-02-23,8872.15,1011.42,443.61,9439.96,Mobile App,Confirmed,Paid,JAIPUR,Deluxe,2,Blue,0.0
BKG304147,CUST101133,HTL200815,2026-05-18,2026-06-19,2026-06-24,20747.25,1991.74,4149.45,18589.54,Mobile App,Confirmed,Paid,Varanasi,Family Room,1,Blue,0.0
BKG304148,CUST100353,HTL200162,2026-01-27,2026-03-04,2026-03-06,36422.26,4152.14,1821.11,38753.29,  Mobile App  ,Confirmed,Paid,Kochi,Standard,1,Silver,0.0
BKG304149,CUST101107,HTL200747,2026-03-22,2026-03-31,2026-04-03,13737.55,1483.66,1373.75,13847.46,Mobile App,Confirmed,Paid,Udaipur,Family Room,2,Gold,0.0
BKG304150,CUST100554,HTL200759,2026-04-17,2026-05-24,2026-05-28,23600.13,2407.21,3540.02,22467.32,Website,Confirmed,payment failed,Jaipur,Executive,5,Gold,0.0
BKG304151,CUST100065,HTL200364,2026-02-05,2026-03-08,2026-03-13,57678.68,6229.3,5767.87,58140.11,Website,Completed,Partially Paid,MaNaLi,Standard,2,Blue,0.0
BKG304152,CUST100620,HTL200416,2026-03-26,2026-04-26,2026-04-30,45857.85,5227.79,2292.89,48792.75,mobile app,No Show,Refund Pending,goa,Suite,2,Silver,24396.38
BKG304153,CUST101158,HTL200508,2026-01-28,2026-02-16,2026-02-22,24623.9,2363.89,4924.78,22063.01,Mobile App,Completed,Paid,Delhi,Deluxe,3,Blue,0.0
BKG304154,CUST101109,HTL200611,2026-01-16,2026-01-18,2026-01-19,2246.57,269.59,0.0,2516.16,Mobile App,Completed,Partially Paid,Delhi,Deluxe,1,Blue,0.0
BKG304155,CUST100083,HTL200020,2026-02-04,2026-03-08,2026-03-11,45334.84,5168.17,2266.74,48236.27,Mobile App,Cancelled,Paid,Ahmedabad,Executive,3,Silver,48236.27
BKG304156,CUST100226,HTL200613,2026-04-09,2026-05-22,2026-05-25,41468.67,4229.8,6220.3,39478.17,Website,Confirmed,Partially Paid,Bengaluru,Deluxe,3,Gold,0.0
BKG304157,CUST100891,HTL200516,2026-05-27,2026-06-30,2026-07-04,15181.71,1821.81,0.0,17003.52,Website,Completed,Paid,Kochi,Suite,3,Blue,0.0
BKG304158,CUST101012,HTL200959,2026-05-02,2026-05-03,2026-05-10,41947.04,4530.28,4194.7,47476.32,Mobile App,Confirmed,Payment Failed,Delhi,Family Room,4,Gold,0.0
BKG304159,CUST100019,HTL200196,2026-01-23,2026-02-13,2026-02-16,3851.1,462.13,0.0,4313.23,Website,  Completed  ,Paid,Pune,Deluxe,2,Silver,0.0
BKG304160,CUST101058,HTL200660,2026-04-29,2026-05-02,2026-05-06,12252.56,1470.31,0.0,13722.87,Website,Confirmed,Paid,Goa,Suite,3,Silver,0.0
BKG304161,CUST100754,HTL200344,2026-03-04,2026-03-31,2026-04-01,10877.88,1305.35,0.0,12183.23,Mobile App,Pending,Paid,Bengaluru,Standard,4,Blue,0.0
BKG304162,CUST100940,HTL200329,2026-03-11,2026-04-24,2026-04-25,16722.53,1605.36,3344.51,14983.38,Website,Confirmed,Paid,Kochi,Suite,4,Silver,0.0
BKG304163,CUST100269,HTL200377,2026-05-30,2026-06-06,2026-06-10,40475.72,4128.52,6071.36,38532.88,Mobile App,Completed,Paid,Shimla,Executive,1,Blue,0.0
BKG304164,CUST100405,HTL200210,2026-03-21,2026-04-23,2026-04-25,23382.87,2805.94,0.0,26188.81,Mobile App,Confirmed,Paid,Shimla,Suite,2,Silver,0.0
BKG304165,CUST100303,HTL200159,2026-02-28,2026-03-09,2026-03-11,24091.72,2891.01,0.0,26982.73,Mobile App,Completed,Paid,Bengaluru,Deluxe,5,Silver,0.0
BKG304166,CUST101008,HTL200657,2026-01-17,2026-02-16,2026-02-17,6574.28,749.47,328.71,6995.04,Partner Desk,Completed,Payment Failed,Goa,Family Room,2,Blue,0.0
BKG304167,CUST100809,HTL200569,2026-02-08,2026-02-26,2026-03-03,58629.68,6332.0,5862.97,59098.71,Mobile App,Confirmed,Paid,Bengaluru,Suite,4,Silver,0.0
BKG304168,CUST101052,HTL200353,2026-03-18,2026-04-13,2026-04-15,5345.62,545.25,801.84,5089.03,Mobile App,Confirmed,Paid,Varanasi,Executive,2,Silver,0.0
BKG304169,CUST100390,HTL200239,2026-04-02,2026-04-22,2026-04-26,6506.02,624.58,1301.2,5829.4,Call Center,Confirmed,Payment Failed,Delhi,Standard,1,Gold,0.0
BKG304170,CUST100908,HTL200078,2026-01-24,2026-03-03,2026-03-04,3419.15,369.27,341.91,3446.51,Mobile App,Cancelled,Refunded,Kochi,Executive,2,Gold,1550.93
BKG304171,CUST100141,HTL200151,2026-03-29,2026-05-09,2026-05-12,34420.17,3717.38,3442.02,34695.53,Website,Confirmed,Paid,Chennai,Standard,4,Blue,0.0
BKG304172,CUST100645,HTL200516,2026-02-13,2026-03-16,2026-03-19,11046.45,1325.57,0.0,12372.02,mobile app,Cancelled,Refund Pending,Kochi,Suite,4,Platinum,5567.41
BKG304173,CUST100808,HTL200382,2026-02-05,2026-02-13,2026-02-20,55127.74,6615.33,0.0,61743.07,Mobile App,Completed,Payment Failed,Goa,Family Room,3,Silver,0.0
BKG304174,CUST100947,HTL200692,2026-04-09,2026-05-02,2026-05-04,28454.07,3073.04,2845.41,28681.7,MOBILE APP,Confirmed,  Payment Failed  ,Delhi,Executive,4,Platinum,0.0
BKG304175,CUST100244,HTL200351,2026-03-11,2026-04-05,2026-04-10,22780.2,2460.26,2278.02,22962.44,Website,CONFIRMED,Paid,Agra,Family Room,1,Silver,0.0
BKG304176,CUST100765,HTL200200,2026-05-02,2026-05-03,2026-05-09,15786.7,1610.24,2368.01,15028.93,Mobile App,No Show,PAID,Agra,Suite,4,Blue,7514.46
BKG304177,CUST100875,HTL200950,2026-05-04,2026-05-22,2026-05-24,32542.0,3709.79,1627.1,34624.69,Mobile App,Completed,Paid,Goa,Family Room,2,Blue,0.0
BKG304177,CUST100911,HTL200132,2026-03-21,2026-04-09,2026-04-14,63712.95,7645.55,0.0,71358.5,Mobile App,Confirmed,Partially Paid,Shimla,Family Room,5,Silver,0.0
BKG304179,CUST101028,HTL200964,2026-02-14,2026-03-28,2026-03-30,2938.51,334.99,146.93,3126.57,Mobile App,CaNcElLeD,Refunded,Ahmedabad,Executive,4,Platinum,0.0
BKG304180,CUST100919,HTL200633,2026-05-19,2026-05-25,2026-05-28,36540.77,3507.91,7308.15,32740.53,Mobile App,Cancelled,Refunded,Ahmedabad,Suite,1,Blue,32740.53
BKG304181,CUST100938,HTL200168,2026-01-31,2026-02-17,2026-02-22,39140.55,3992.34,5871.08,37261.81,Mobile App,Confirmed,Paid,Varanasi,Family Room,1,Silver,0.0
BKG304182,CUST100448,HTL200865,2026-03-26,2026-04-03,2026-04-06,23771.29,2852.55,0.0,26623.84,Mobile App,COMPLETED,Paid,Jaipur,Standard,1,Blue,0.0
BKG304183,CUST100265,HTL200390,2026-02-14,2026-03-28,2026-04-04,66511.72,6784.2,9976.76,63319.16,Mobile App,Confirmed,Paid,Jaipur,Deluxe,1,Gold,0.0
BKG304184,CUST100249,HTL200857,2026-04-25,2026-05-04,2026-05-08,29168.92,3325.26,1458.45,31035.73,Website,Confirmed,Paid,Chennai,Standard,2,Gold,0.0
BKG304185,CUST100954,HTL200384,2026-03-08,2026-04-14,2026-04-18,53109.34,6054.46,2655.47,56508.33,Mobile App,Completed,Payment Failed,Udaipur,Family Room,3,Silver,0.0
BKG304186,CUST100542,HTL200819,2026-03-17,2026-04-13,2026-04-14,3227.65,367.95,161.38,3434.22,Mobile App,Cancelled,Refund Pending,Mumbai,Suite,5,Blue,1545.4
BKG304187,CUST100631,HTL200097,2026-02-09,2026-03-17,2026-03-20,50766.61,5482.79,5076.66,51172.74,mobile app,Completed,Paid,Kochi,Standard,3,Silver,0.0
BKG304188,CUST101102,HTL200793,2026-02-10,2026-02-16,2026-02-19,25619.75,2766.93,2561.98,25824.7,Mobile App,Completed,Paid,Hyderabad,Suite,3,Platinum,0.0
BKG304189,CUST100906,HTL200376,2026-04-30,2026-05-06,2026-05-13,54615.48,5898.47,5461.55,55052.4,Website,Completed,Paid,Jaipur,Standard,3,Blue,0.0
BKG304190,CUST100520,HTL200991,2026-03-22,2026-03-26,2026-03-27,4943.72,533.92,494.37,4983.27,Partner Desk,Completed,Paid,Chennai,Suite,2,Gold,0.0
BKG304191,CUST100883,HTL200958,2026-02-07,2026-03-01,2026-03-05,28313.84,3397.66,0.0,31711.5,Mobile App,  Confirmed  ,Paid,Hyderabad,Family Room,5,Blue,0.0
BKG304192,CUST100733,HTL200779,2026-04-10,2026-05-20,2026-05-24,20105.34,2412.64,0.0,22517.98,Website,Completed,Paid,Goa,Executive,4,Blue,0.0
BKG304193,CUST100143,HTL200837,2026-02-26,2026-03-25,2026-03-30,86950.11,8868.91,13042.52,82776.5,Website,Confirmed,Paid,Kochi,Standard,4,Gold,0.0
BKG304194,CUST101143,HTL200339,2026-03-07,2026-04-13,2026-04-18,84279.21,9102.16,8427.92,84953.45,Website,Cancelled,Refunded,Chennai,Suite,5,Gold,59467.41
BKG304195,CUST100943,HTL200530,2026-01-30,2026-02-01,2026-02-07,51243.73,5841.78,2562.19,54523.32,Partner Desk,Confirmed,Paid,Ahmedabad,Standard,5,Blue,0.0
BKG304196,CUST100564,HTL200975,2026-01-10,2026-01-19,2026-01-26,34374.13,4124.9,0.0,38499.03,Mobile App,Completed,Partially Paid,Udaipur,Suite,1,Gold,0.0
BKG304197,CUST101199,HTL200131,2026-03-02,2026-03-13,2026-03-17,40623.7,4874.84,0.0,45498.54,Call Center,Completed,Partially Paid,Kolkata,Suite,3,Gold,0.0
BKG304198,CUST100069,HTL200607,2026-02-05,2026-02-25,2026-03-03,60301.43,6874.36,3015.07,64160.72,Call Center,Cancelled,Refund Pending,Kolkata,Executive,1,Silver,0.0
BKG304199,CUST100632,HTL200209,2026-02-23,2026-04-07,2026-04-09,17440.08,2092.81,0.0,19532.89,Mobile App,CANCELLED,Paid,Pune,Suite,2,Blue,0.0
BKG304200,CUST100888,HTL200004,2026-04-07,2026-05-16,2026-05-19,15626.45,1781.42,781.32,16626.55,Mobile App,Confirmed,Paid,Manali,Standard,2,Silver,0.0
BKG304201,CUST100800,HTL200376,2026-01-04,2026-01-18,2026-01-23,39389.02,4017.68,5908.35,37498.35,Website,Completed,Paid,Jaipur,Family Room,5,Platinum,0.0
BKG304202,CUST100179,HTL200639,2026-02-23,2026-03-21,2026-03-23,20928.99,2385.9,1046.45,22268.44,Mobile App,Confirmed,Partially Paid,Ahmedabad,Deluxe,2,Silver,0.0
BKG304203,CUST100592,HTL200053,2026-04-21,2026-05-29,2026-06-03,35524.64,3623.51,5328.7,33819.45,Website,Confirmed,Paid,Mumbai,Suite,5,Blue,0.0
BKG304204,CUST100566,HTL200497,2026-04-01,2026-05-01,2026-05-02,4584.72,495.15,458.47,4621.4,Mobile App,Check-in Denied,Refund Pending,Chennai,Deluxe,4,Silver,0.0
BKG304205,CUST100690,HTL200197,2026-03-30,2026-05-05,2026-05-08,48765.78,5851.89,0.0,54617.67,Mobile App,Confirmed,Paid,Chennai,Family Room,3,Platinum,0.0
BKG304206,CUST101133,HTL200440,2026-03-05,2026-04-12,2026-04-18,64036.3,6915.92,6403.63,64548.59,Website,Confirmed,paid,Chennai,Deluxe,2,Silver,0.0
BKG304207,CUST100664,HTL200717,2026-04-29,2026-06-03,2026-06-09,33583.55,4030.03,0.0,37613.58,Call Center,Confirmed,Paid,CHENNAI,Suite,1,Gold,0.0
BKG304208,CUST100405,HTL200179,2026-04-02,2026-04-08,2026-04-13,26635.95,2876.68,2663.6,26849.03,Mobile App,Completed,Paid,Mumbai,Standard,2,Blue,0.0
BKG304209,CUST100985,HTL200240,2026-05-30,2026-06-02,2026-06-06,16507.48,1980.9,0.0,18488.38,Website,No Show,Refunded,Agra,Executive,3,Blue,5546.51
BKG304210,CUST100636,HTL200785,2026-03-22,2026-03-23,2026-03-30,111447.38,12705.0,5572.37,118580.01,Mobile App,Confirmed,Paid,Manali,Suite,2,Blue,0.0
BKG304211,CUST101114,HTL200319,2026-02-28,2026-03-18,2026-03-24,77977.35,8421.55,7797.73,78601.17,Mobile App,Completed,Paid,Ahmedabad,Suite,5,Blue,0.0
BKG304212,CUST101060,HTL200500,2026-02-13,2026-03-08,2026-03-09,19849.64,2381.96,0.0,22231.6,Mobile App,Completed,Paid,Kochi,Executive,2,Blue,0.0
BKG304213,CUST100516,HTL200649,2026-03-17,2026-04-18,2026-04-19,12149.03,1457.88,0.0,13606.91,Mobile App,Confirmed,Paid,Agra,Executive,4,Silver,0.0
BKG304214,CUST100849,HTL200022,2026-05-24,2026-06-22,2026-06-26,7468.43,851.4,373.42,7946.41,Mobile App,Completed,Paid,Bengaluru,Executive,4,Silver,0.0
BKG304215,CUST100907,HTL200631,2026-04-11,2026-05-04,2026-05-05,6011.76,685.34,300.59,6396.51,Website,Completed,Paid,Goa,Executive,2,Blue,0.0
BKG304216,CUST100315,HTL200626,2026-05-05,2026-06-10,2026-06-17,118585.71,12095.74,17787.86,112893.59,Website,Confirmed,Payment Failed,Mumbai,Executive,1,Gold,0.0
BKG304217,CUST101195,HTL200593,2026-01-16,2026-01-22,2026-01-25,10418.94,1250.27,0.0,11669.21,Mobile App,Cancelled,Paid,Shimla,Suite,2,Blue,11669.21
BKG304218,CUST100026,HTL200707,2026-02-24,2026-03-13,2026-03-18,31160.33,3552.28,1558.02,33154.59,Website,Confirmed,Partially Paid,Delhi,Deluxe,5,Gold,0.0
BKG304219,CUST100054,HTL200179,2026-04-05,2026-04-23,2026-04-24,5545.75,632.22,277.29,5900.68,  Call Center  ,Confirmed,PaId,Mumbai,Standard,5,Silver,0.0
BKG304220,CUST100248,HTL200863,2026-03-20,2026-04-20,2026-04-23,34537.7,3937.3,1726.88,36748.12,Mobile App,PENDING,Paid,GOA,Suite,5,Blue,0.0
BKG304221,CUST100272,HTL200174,2026-03-18,2026-03-24,2026-03-28,26193.07,2828.85,2619.31,26402.61,Mobile App,Cancelled,Refunded,Udaipur,Family Room,1,Blue,18481.83
BKG304222,CUST100190,HTL200197,2026-02-09,2026-03-15,2026-03-20,86649.6,10397.95,0.0,97047.55,Website,  Cancelled  ,Refunded,Chennai,Suite,4,Blue,67933.28
BKG304223,CUST100574,HTL200537,2026-01-21,2026-03-06,2026-03-10,28105.89,2866.8,4215.88,26756.81,Website,Completed,Paid,Varanasi,Suite,5,Platinum,0.0
BKG304224,CUST100856,HTL200453,2026-03-07,2026-04-20,2026-04-25,54598.81,6224.26,2729.94,58093.13,Call Center,Completed,PaId,Kochi,Deluxe,5,Blue,0.0
BKG304225,CUST100615,HTL200098,2026-05-16,2026-06-12,2026-06-19,81027.1,9723.25,0.0,90750.35,Mobile App,Completed,Paid,Hyderabad,Executive,2,Silver,0.0
BKG304226,CUST101017,HTL200744,2026-01-10,2026-02-15,2026-02-16,13039.39,1408.25,1303.94,13143.7,Website,Confirmed,Partially Paid,Mumbai,Family Room,4,Blue,0.0
BKG304227,CUST100672,HTL200426,2026-05-12,2026-06-23,2026-06-24,16701.36,1803.75,1670.14,16834.97,Website,Cancelled,Paid,Jaipur,Deluxe,5,Blue,7575.74
BKG304228,CUST100682,HTL200452,2026-02-12,2026-03-09,2026-03-14,61334.46,6992.13,3066.72,65259.87,Website,Completed,Paid,Delhi,Standard,5,Silver,0.0
BKG304229,CUST100108,HTL200190,2026-04-15,2026-04-25,2026-04-28,42884.78,5146.17,0.0,48030.95,  Mobile App  ,Check-in Denied,Refunded,Jaipur,Family Room,2,Blue,0.0
BKG304230,CUST100651,HTL200973,2026-03-04,2026-04-12,2026-04-15,8226.53,987.18,0.0,9213.71,Mobile App,Completed,Paid,Shimla,Family Room,2,Blue,0.0
BKG304231,CUST100980,HTL200577,2026-03-23,2026-05-01,2026-05-04,5231.04,596.34,261.55,5565.83,Mobile App,Confirmed,Paid,Pune,Deluxe,3,Blue,0.0
BKG304232,CUST101126,HTL200757,2026-02-20,2026-03-04,2026-03-06,19636.05,2356.33,0.0,21992.38,Mobile App,Completed,Paid,Agra,Family Room,2,Silver,0.0
BKG304233,CUST100225,HTL200498,2026-02-25,2026-03-08,2026-03-14,41132.74,4442.34,4113.27,41461.81,Mobile App,Confirmed,Paid,KOLKATA,Suite,2,Blue,0.0
BKG304234,CUST100352,HTL200615,2026-02-03,2026-03-18,2026-03-24,96350.87,10405.89,9635.09,97121.67,Website,Cancelled,Paid,DeLhI,Suite,3,Gold,67985.17
BKG304235,CUST101183,HTL200190,2026-02-28,2026-03-03,2026-03-09,91189.61,9301.34,13678.44,86812.51,Mobile App,Completed,Paid,Jaipur,Executive,5,Silver,0.0
BKG304236,CUST100144,HTL200140,2026-05-10,2026-06-01,2026-06-04,22805.91,2463.04,2280.59,22988.36,Mobile App,Completed,Payment Failed,Delhi,Deluxe,2,Blue,0.0
BKG304237,CUST100914,HTL200690,2026-05-10,2026-05-14,2026-05-15,2487.07,268.6,248.71,2506.96,  Mobile App  ,Pending,Payment Failed,Agra,Suite,1,Silver,0.0
BKG304238,CUST101155,HTL200772,2026-05-18,2026-05-26,2026-06-02,71972.83,7773.07,7197.28,72548.62,Mobile App,ChEcK-In dEnIeD,Paid,Delhi,Family Room,3,Silver,72548.62
BKG304239,CUST101116,HTL200174,2026-05-23,2026-06-06,2026-06-08,12540.83,1203.92,2508.17,11236.58,Mobile App,Check-in Denied,Paid,Udaipur,Family Room,3,Gold,11236.58
BKG304240,CUST100272,HTL200419,2026-04-28,2026-05-18,2026-05-21,17468.71,2096.25,0.0,19564.96,Mobile App,Confirmed,Paid,Udaipur,Suite,5,Blue,0.0
BKG304241,CUST100533,HTL200675,2026-05-08,2026-06-01,2026-06-02,5941.55,712.99,0.0,6654.54,Website,Cancelled,Paid,Hyderabad,Deluxe,2,Silver,6654.54
BKG304241,CUST101193,HTL200433,2026-01-17,2026-01-31,2026-02-02,26551.95,3186.23,0.0,29738.18,Website,ChEcK-In dEnIeD,Paid,Chennai,Deluxe,1,Silver,29738.18
BKG304243,CUST100459,HTL200439,2026-03-23,2026-04-20,2026-04-21,2039.39,232.49,101.97,2169.91,Mobile App,Completed,Payment Failed,Jaipur,Standard,5,Blue,0.0
BKG304244,CUST100940,HTL200530,2026-01-14,2026-01-30,2026-02-04,44181.97,5301.84,0.0,49483.81,Website,  Confirmed  ,Paid,Ahmedabad,Deluxe,2,Blue,0.0
BKG304245,CUST101034,HTL200531,2026-03-22,2026-04-23,2026-04-24,19441.83,2333.02,0.0,21774.85,Mobile App,Cancelled,Paid,Hyderabad,Suite,5,Silver,9798.68
BKG304246,CUST100180,HTL200917,2026-05-03,2026-05-15,2026-05-17,14855.11,1693.48,742.76,15805.83,Call Center,No Show,Paid,Hyderabad,Standard,3,Gold,0.0
BKG304247,CUST100028,HTL200798,2026-01-16,2026-02-01,2026-02-04,22107.08,2122.28,4421.42,19807.94,Partner Desk,Cancelled,Refunded,Goa,Family Room,3,Blue,8913.57
BKG304248,CUST100531,HTL200360,2026-02-01,2026-02-20,2026-02-26,67159.41,6447.3,13431.88,60174.83,Mobile App,Confirmed,Paid,Kolkata,Suite,2,Silver,0.0
BKG304249,CUST101028,HTL200750,2026-01-23,2026-01-28,2026-01-30,23623.04,2551.29,2362.3,23812.03,Mobile App,Confirmed,Paid,Hyderabad,Executive,5,Silver,0.0
BKG304250,CUST100139,HTL200445,2026-04-12,2026-04-24,2026-04-27,40686.34,4638.24,2034.32,43290.26,Mobile App,Completed,Paid,Kolkata,Executive,2,Blue,0.0
BKG304251,CUST101051,HTL200555,2026-04-08,2026-05-07,2026-05-10,25212.87,2571.71,3781.93,24002.65,Mobile App,Completed,Paid,AGRA,Deluxe,4,Gold,0.0
BKG304252,CUST100097,HTL200707,2026-05-24,2026-05-29,2026-06-05,37641.31,3839.41,5646.2,35834.52,Website,Completed,Paid,Delhi,Standard,2,Platinum,0.0
BKG304253,CUST100261,HTL200706,2026-04-14,2026-05-26,2026-05-30,26184.37,2670.81,3927.66,24927.52,Mobile App,Confirmed,Paid,Bengaluru,Standard,4,Silver,0.0
BKG304254,CUST100018,HTL200356,2026-05-06,2026-05-23,2026-05-30,17515.53,1891.68,1751.55,17655.66,Mobile App,Confirmed,Paid,Goa,Family Room,3,Silver,0.0
BKG304255,CUST100011,HTL200856,2026-03-09,2026-03-17,2026-03-22,34039.21,4084.7,0.0,38123.91,MOBILE APP,Completed,Payment Failed,Shimla,Deluxe,1,Silver,0.0
BKG304256,CUST100536,HTL200560,2026-03-05,2026-04-14,2026-04-18,31092.6,3731.11,0.0,34823.71,Mobile App,Confirmed,Paid,Manali,Standard,3,Blue,0.0
BKG304257,CUST100258,HTL200996,2026-03-12,2026-04-21,2026-04-27,88876.06,9065.36,13331.41,84610.01,Mobile App,Completed,Paid,Kochi,Suite,1,Silver,0.0
BKG304258,CUST100023,HTL200058,2026-01-18,2026-02-17,2026-02-19,20406.03,2448.72,0.0,22854.75,Mobile App,Completed,Paid,Udaipur,Family Room,5,Blue,0.0
BKG304259,CUST101031,HTL200643,2026-04-23,2026-05-03,2026-05-07,67526.64,7698.04,3376.33,71848.35,Website,CaNcElLeD,Refunded,Manali,Standard,1,Platinum,32331.76
BKG304260,CUST100227,HTL200884,2026-05-05,2026-05-25,2026-05-31,44201.88,5039.01,2210.09,47030.8,Mobile App,Cancelled,Refund Pending,Chennai,Executive,5,Gold,0.0
BKG304261,CUST100375,HTL200166,2026-05-07,2026-05-23,2026-05-26,33500.59,4020.07,0.0,37520.66,Website,Confirmed,Paid,MuMbAi,Executive,4,Silver,0.0
BKG304262,CUST101146,HTL200646,2026-03-02,2026-04-12,2026-04-14,23957.68,2443.68,3593.65,22807.71,Website,No Show,Paid,Manali,Standard,5,Gold,6842.31
BKG304263,CUST101113,HTL200966,2026-03-16,2026-04-01,2026-04-05,5654.42,644.6,282.72,6016.3,Mobile App,Cancelled,Paid,Goa,Executive,2,Platinum,4211.41
BKG304264,CUST100223,HTL200944,2026-04-17,2026-05-29,2026-05-30,8056.62,966.79,0.0,9023.41,Mobile App,Completed,Paid,BENGALURU,Suite,2,Gold,0.0
BKG304265,CUST100735,HTL200600,2026-05-28,2026-05-31,2026-06-06,119076.84,11431.38,23815.37,106692.85,Mobile App,No Show,Refund Pending,Pune,Family Room,2,Gold,32007.86
BKG304266,CUST100256,HTL200782,2026-05-19,2026-06-11,2026-06-17,92246.56,10516.11,4612.33,98150.34,Partner Desk,Confirmed,Paid,Goa,Suite,3,Blue,0.0
BKG304267,CUST100514,HTL200262,2026-03-22,2026-04-13,2026-04-18,34569.75,3526.12,5185.46,32910.41,mobile app,Completed,Paid,Hyderabad,Executive,2,Silver,0.0
BKG304268,CUST100832,HTL200430,2026-04-16,2026-05-14,2026-05-15,6880.34,784.36,344.02,7320.68,Mobile App,Confirmed,Paid,Kolkata,Standard,5,Blue,0.0
BKG304269,CUST101171,HTL200627,2026-01-28,2026-03-05,2026-03-07,14857.63,1604.62,1485.76,14976.49,Website,Completed,Paid,Mumbai,Standard,5,Platinum,0.0
BKG304270,CUST100700,HTL200195,2026-01-08,2026-01-12,2026-01-16,60085.73,7210.29,0.0,67296.02,Website,Completed,Paid,Kochi,Family Room,5,Silver,0.0
BKG304271,CUST100910,HTL200353,2026-04-01,2026-05-09,2026-05-12,7768.58,885.62,388.43,8265.77,Partner Desk,Completed,Paid,Varanasi,Executive,2,Blue,0.0
BKG304272,CUST100698,HTL200885,2026-05-30,2026-06-23,2026-06-27,9362.47,1123.5,0.0,10485.97,Mobile App,Confirmed,Paid,Varanasi,Executive,4,Blue,0.0
BKG304273,CUST100437,HTL200940,2026-05-01,2026-05-20,2026-05-27,48955.66,4699.74,9791.13,43864.27,Mobile App,Confirmed,Paid,Goa,Executive,4,Silver,0.0
BKG304274,CUST100036,HTL200619,2026-03-07,2026-03-18,2026-03-20,39596.25,4751.55,0.0,44347.8,Website,COMPLETED,Partially Paid,Shimla,Deluxe,3,Silver,0.0
BKG304275,CUST100105,HTL200873,2026-04-05,2026-05-15,2026-05-17,6508.66,781.04,0.0,7289.7,Mobile App,Confirmed,Paid,UdAiPuR,Standard,5,Blue,0.0
BKG304276,CUST100614,HTL200914,2026-03-05,2026-04-14,2026-04-16,39345.39,4013.23,5901.81,37456.81,Mobile App,Cancelled,Refunded,Kolkata,Executive,5,Blue,0.0
BKG304277,CUST100231,HTL200046,2026-03-06,2026-04-14,2026-04-16,36907.53,4207.46,1845.38,39269.61,Website,Completed,Paid,Varanasi,Family Room,3,Gold,0.0
BKG304278,CUST100866,HTL200752,2026-05-05,2026-05-23,2026-05-30,38825.36,4193.14,3882.54,39135.96,Website,Confirmed,Partially Paid,Kolkata,Deluxe,5,Blue,0.0
BKG304279,CUST101169,HTL200308,2026-01-14,2026-01-26,2026-02-01,11508.62,1242.93,1150.86,11600.69,Website,Confirmed,Paid,Kochi,Executive,1,Blue,0.0
BKG304280,CUST101040,HTL200229,2026-01-25,2026-02-08,2026-02-12,57048.54,6845.83,0.0,63894.37,Mobile App,Confirmed,Paid,Varanasi,Standard,3,Blue,0.0
BKG304281,CUST101182,HTL200410,2026-04-10,2026-04-28,2026-04-29,3466.76,416.01,0.0,3882.77,Call Center,Cancelled,Refund Pending,Goa,Deluxe,5,Blue,1747.25
BKG304282,CUST100959,HTL200900,2026-04-15,2026-05-29,2026-06-01,17654.85,1694.87,3530.97,15818.75,Mobile App,Pending,Paid,Pune,Suite,3,Silver,0.0
BKG304283,CUST100277,HTL200756,2026-05-11,2026-06-22,2026-06-25,31773.24,3812.79,0.0,35586.03,Mobile App,Confirmed,Paid,Jaipur,Family Room,1,Blue,0.0
BKG304284,CUST100124,HTL200315,2026-05-13,2026-05-25,2026-05-30,17792.48,2028.34,889.62,18931.2,Website,Cancelled,Refund Pending,Manali,Standard,1,Blue,8519.04
BKG304285,CUST100674,HTL200761,2026-03-06,2026-04-15,2026-04-21,75278.31,8130.06,7527.83,75880.54,Partner Desk,No Show,Paid,KOLKATA,Suite,2,Silver,75880.54
BKG304286,CUST100714,HTL200076,2026-01-19,2026-02-15,2026-02-17,32221.94,3866.63,0.0,36088.57,Mobile App,Confirmed,Paid,Shimla,Standard,5,Blue,0.0
BKG304287,CUST100666,HTL200061,2026-04-16,2026-04-22,2026-04-24,19417.89,2097.13,1941.79,19573.23,Mobile App,No Show,Paid,Jaipur,Family Room,1,Gold,19573.23
BKG304288,CUST100912,HTL200570,2026-02-23,2026-03-19,2026-03-21,22473.35,2561.96,1123.67,23911.64,MOBILE APP,Completed,Payment Failed,Delhi,Executive,1,Silver,0.0
BKG304289,CUST100394,HTL200237,2026-05-18,2026-06-20,2026-06-26,69558.81,7095.0,10433.82,66219.99,Mobile App,Pending,Paid,Pune,Suite,1,Blue,0.0
BKG304290,CUST100772,HTL200700,2026-05-24,2026-06-09,2026-06-10,5253.53,630.42,0.0,5883.95,Website,Completed,Paid,Varanasi,Suite,2,Blue,0.0
BKG304291,CUST100185,HTL200567,2026-04-14,2026-04-26,2026-04-28,9592.41,1151.09,0.0,10743.5,Mobile App,Confirmed,Paid,Pune,Deluxe,5,Blue,0.0
BKG304292,CUST100465,HTL200077,2026-01-15,2026-02-15,2026-02-20,17638.77,1799.15,2645.82,16792.1,Call Center,PENDING,Paid,Hyderabad,Executive,3,Silver,0.0
BKG304293,CUST101080,HTL200733,2026-02-17,2026-03-26,2026-03-31,91083.17,10383.48,4554.16,96912.49,Mobile App,Confirmed,Partially Paid,Shimla,Family Room,2,Blue,0.0
BKG304294,CUST100457,HTL200558,2026-05-19,2026-06-01,2026-06-02,7692.75,876.97,384.64,8185.08,Mobile App,No Show,Refund Pending,Agra,Deluxe,5,Blue,2455.52
BKG304295,CUST101000,HTL200943,2026-02-03,2026-02-11,2026-02-17,33003.84,3366.39,4950.58,31419.65,Mobile App,Confirmed,Paid,Manali,Suite,1,Silver,0.0
BKG304296,CUST100073,HTL200649,2026-04-09,2026-05-17,2026-05-19,26062.4,2814.74,2606.24,26270.9,  Mobile App  ,Completed,Partially Paid,Agra,Standard,2,Silver,0.0
BKG304297,CUST101108,HTL200415,2026-01-19,2026-01-22,2026-01-29,129579.74,14772.09,6478.99,137872.84,Mobile App,Completed,Paid,Goa,Family Room,4,Gold,0.0
BKG304298,CUST100631,HTL200960,2026-03-11,2026-03-31,2026-04-04,24732.52,2967.9,0.0,27700.42,Mobile App,Pending,Paid,Mumbai,Deluxe,4,Gold,0.0
BKG304299,CUST101037,HTL200023,2026-04-25,2026-04-29,2026-05-03,63920.66,6903.43,6392.07,64432.02,Mobile App,Confirmed,Paid,Varanasi,Executive,1,Blue,0.0
BKG304300,CUST100839,HTL200028,2026-04-06,2026-05-20,2026-05-23,24395.66,2927.48,0.0,27323.14,Website,Completed,Paid,Delhi,Standard,5,Blue,0.0
BKG304301,CUST100911,HTL200490,2026-03-16,2026-03-18,2026-03-19,1231.96,118.27,246.39,1103.84,Mobile App,Completed,Paid,Ahmedabad,Deluxe,5,Silver,0.0
BKG304302,CUST100793,HTL200134,2026-05-30,2026-07-05,2026-07-09,62864.42,7543.73,0.0,70408.15,Mobile App,Pending,Paid,Varanasi,Family Room,2,Blue,0.0
BKG304303,CUST100048,HTL200350,2026-02-05,2026-02-28,2026-03-03,43698.31,4457.23,6554.75,41600.79,Mobile App,Confirmed,Payment Failed,Manali,Standard,4,Silver,0.0
BKG304304,CUST100965,HTL200912,2026-03-04,2026-03-23,2026-03-28,34476.86,3930.36,1723.84,36683.38,Mobile App,Completed,Paid,Mumbai,Deluxe,5,Blue,0.0
BKG304305,CUST100358,HTL200349,2026-04-03,2026-05-13,2026-05-16,24410.07,2929.21,0.0,27339.28,Website,Completed,Paid,Udaipur,Deluxe,2,Gold,0.0
BKG304306,CUST100241,HTL200280,2026-01-05,2026-01-13,2026-01-15,31017.41,3535.98,1550.87,33002.52,Website,Confirmed,Paid,mumbai,Family Room,2,Gold,0.0
BKG304307,CUST101076,HTL200475,2026-01-25,2026-02-10,2026-02-12,12153.19,1458.38,0.0,13611.57,Mobile App,Cancelled,Refund Pending,Bengaluru,Executive,4,Platinum,0.0
BKG304308,CUST101092,HTL200291,2026-04-08,2026-05-21,2026-05-26,54991.32,6598.96,0.0,61590.28,Mobile App,Confirmed,Paid,Agra,Standard,1,Blue,0.0
BKG304309,CUST100055,HTL200188,2026-01-12,2026-01-30,2026-01-31,13347.26,1601.67,0.0,14948.93,Mobile App,Cancelled,Refund Pending,Ahmedabad,Deluxe,2,Silver,0.0
BKG304310,CUST100878,HTL200582,2026-05-30,2026-07-05,2026-07-11,29870.44,3046.78,4480.57,28436.65,Mobile App,Completed,Paid,Kochi,Family Room,1,Gold,0.0
BKG304311,CUST100254,HTL200418,2026-05-17,2026-06-10,2026-06-12,9861.12,1183.33,0.0,11044.45,Mobile App,Confirmed,Paid,Goa,Deluxe,4,Silver,0.0
BKG304312,CUST100004,HTL200887,2026-03-25,2026-03-26,2026-03-28,13192.93,1266.52,2638.59,11820.86,MOBILE APP,Completed,Paid,Hyderabad,Family Room,2,Blue,0.0
BKG304313,CUST101075,HTL200467,2026-01-29,2026-01-30,2026-02-02,8680.49,1041.66,0.0,9722.15,Website,Cancelled,REFUND PENDING,Kochi,Family Room,3,Blue,4374.97
BKG304314,CUST100328,HTL200205,2026-04-19,2026-05-25,2026-05-28,31197.14,3369.29,3119.71,31446.72,mobile app,Completed,Paid,Agra,Deluxe,4,Blue,0.0
BKG304315,CUST100097,HTL200241,2026-01-27,2026-02-07,2026-02-10,35484.26,3619.39,5322.64,33781.01,Partner Desk,Confirmed,Paid,Kolkata,Family Room,4,Blue,0.0
BKG304316,CUST101184,HTL200305,2026-02-24,2026-03-14,2026-03-18,35309.62,3389.72,7061.92,31637.42,Mobile App,Confirmed,Paid,Shimla,Standard,3,Blue,0.0
BKG304317,CUST100980,HTL200183,2026-05-13,2026-05-29,2026-06-05,30129.38,3615.53,0.0,33744.91,Call Center,Cancelled,Refunded,Kochi,Family Room,4,Blue,15185.21
BKG304318,CUST101002,HTL200477,2026-02-21,2026-03-10,2026-03-15,50322.53,5434.83,5032.25,50725.11,Mobile App,Confirmed,Paid,Mumbai,Executive,3,Silver,0.0
BKG304319,CUST100782,HTL200503,2026-01-13,2026-02-06,2026-02-07,15486.61,1858.39,0.0,17345.0,Mobile App,Check-in Denied,Refund Pending,Kolkata,Executive,3,Blue,0.0
BKG304320,CUST100576,HTL200127,2026-02-11,2026-03-17,2026-03-20,11477.37,1308.42,573.87,12211.92,Mobile App,CoMpLeTeD,Paid,Ahmedabad,Family Room,4,Blue,0.0
BKG304321,CUST100326,HTL200448,2026-05-23,2026-05-27,2026-05-28,18312.26,1977.72,1831.23,18458.75,  Mobile App  ,CoMpLeTeD,Paid,Pune,Standard,3,Blue,0.0
BKG304322,CUST100242,HTL200229,2026-03-20,2026-04-24,2026-05-01,118776.18,13540.48,5938.81,126377.85,Mobile App,Completed,Paid,Varanasi,Suite,3,Silver,0.0
BKG304323,CUST100366,HTL200040,2026-01-18,2026-02-02,2026-02-05,61058.21,6960.64,3052.91,64965.94,Mobile App,Completed,Paid,Kolkata,Suite,4,Blue,0.0
BKG304324,CUST100773,HTL200792,2026-02-19,2026-02-21,2026-02-23,5137.59,616.51,0.0,5754.1,Mobile App,No Show,Refund Pending,Kochi,Standard,3,Platinum,5754.1
BKG304325,CUST100723,HTL200673,2026-01-02,2026-02-02,2026-02-09,13415.28,1609.83,0.0,15025.11,Mobile App,Completed,Partially Paid,Pune,Executive,1,Gold,0.0
BKG304326,CUST101177,HTL200391,2026-03-28,2026-04-06,2026-04-07,14219.28,1706.31,0.0,15925.59,Mobile App,Confirmed,Paid,Varanasi,Family Room,4,Blue,0.0
BKG304327,CUST100233,HTL200823,2026-04-17,2026-04-27,2026-05-01,68890.67,7026.85,10333.6,65583.92,Mobile App,Completed,Paid,Kochi,Deluxe,4,Blue,0.0
BKG304328,CUST100651,HTL200339,2026-05-21,2026-06-15,2026-06-18,43193.59,5183.23,0.0,48376.82,Website,Completed,Paid,Chennai,Family Room,1,Silver,0.0
BKG304329,CUST100332,HTL200669,2026-02-16,2026-02-21,2026-02-27,37128.83,4009.91,3712.88,37425.86,Mobile App,Cancelled,Refunded,Bengaluru,Family Room,5,Blue,37425.86
BKG304330,CUST100494,HTL200835,2026-03-30,2026-04-13,2026-04-18,25041.53,2704.49,2504.15,25241.87,Partner Desk,Check-in Denied,Paid,Delhi,Suite,2,Blue,12620.94
BKG304331,CUST101138,HTL200020,2026-01-12,2026-02-23,2026-02-25,32990.96,3563.02,3299.1,33254.88,Mobile App,Completed,Paid,Ahmedabad,Family Room,3,Blue,0.0
BKG304332,CUST100368,HTL200346,2026-01-13,2026-02-20,2026-02-27,86338.96,9324.61,8633.9,87029.67,Website,Confirmed,Paid,Chennai,Suite,3,Blue,0.0
BKG304333,CUST101153,HTL200009,2026-05-17,2026-06-26,2026-07-03,42412.34,4580.53,4241.23,42751.64,Mobile App,Completed,Paid,Goa,Deluxe,2,Gold,0.0
BKG304334,CUST100094,HTL200086,2026-02-28,2026-03-02,2026-03-05,46476.99,5298.38,2323.85,49451.52,Mobile App,No Show,PaId,Jaipur,Family Room,3,Blue,49451.52
BKG304335,CUST100906,HTL200544,2026-02-12,2026-03-02,2026-03-09,106081.66,12093.31,5304.08,112870.89,Mobile App,Pending,Paid,Hyderabad,Standard,3,Blue,0.0
BKG304336,CUST101124,HTL200970,2026-03-15,2026-04-13,2026-04-14,11646.96,1118.11,2329.39,10435.68,Partner Desk,Pending,Paid,Kolkata,Family Room,1,Silver,0.0
BKG304337,CUST100801,HTL200872,2026-01-23,2026-02-12,2026-02-15,12453.83,1195.57,2490.77,11158.63,WeBsItE,Confirmed,Paid,Hyderabad,Standard,1,Blue,0.0
BKG304338,CUST100207,HTL200338,2026-03-20,2026-03-28,2026-03-30,20808.9,2247.36,2080.89,20975.37,website,Completed,Paid,Mumbai,Suite,1,Blue,0.0
BKG304339,CUST100606,HTL200714,2026-01-23,2026-03-01,2026-03-06,53939.3,6472.72,0.0,60412.02,Website,Confirmed,Paid,Pune,Family Room,1,Silver,0.0
BKG304340,CUST100472,HTL200003,2026-04-11,2026-05-07,2026-05-12,66608.1,7593.32,3330.4,70871.02,Website,Completed,Paid,Bengaluru,Suite,4,Blue,0.0
BKG304341,CUST101031,HTL200022,2026-05-24,2026-06-30,2026-07-05,10055.66,1146.35,502.78,10699.23,Mobile App,Confirmed,Paid,Bengaluru,Standard,3,Silver,0.0
BKG304342,CUST100135,HTL200196,2026-04-19,2026-04-23,2026-04-29,6754.62,729.5,675.46,6808.66,Website,Confirmed,Paid,Pune,Suite,2,Blue,0.0
BKG304343,CUST100609,HTL200820,2026-04-21,2026-05-24,2026-05-26,13089.5,1413.67,1308.95,13194.22,Mobile App,Completed,Paid,Bengaluru,Executive,3,Blue,0.0
BKG304344,CUST100910,HTL200880,2026-01-17,2026-02-08,2026-02-14,48729.09,5555.12,2436.45,51847.76,Website,Completed,Paid,Ahmedabad,Standard,4,Silver,0.0
BKG304345,CUST100260,HTL200497,2026-03-27,2026-04-02,2026-04-08,26130.86,2822.13,2613.09,26339.9,Mobile App,Confirmed,Paid,Chennai,Suite,4,Silver,0.0
BKG304346,CUST101170,HTL200900,2026-02-08,2026-03-13,2026-03-20,33204.5,3984.54,0.0,37189.04,Mobile App,Confirmed,Paid,Pune,Family Room,3,Silver,0.0
BKG304347,CUST100457,HTL200785,2026-02-10,2026-03-10,2026-03-13,51338.28,5236.5,7700.74,48874.04,MOBILE APP,Cancelled,Refunded,Manali,Suite,3,Blue,48874.04
BKG304348,CUST100231,HTL200272,2026-02-17,2026-03-13,2026-03-15,34405.95,4128.71,0.0,38534.66,Mobile App,Confirmed,Paid,Varanasi,Deluxe,1,Silver,0.0
BKG304349,CUST100100,HTL200953,2026-03-18,2026-03-22,2026-03-24,7210.03,778.68,721.0,7267.71,Website,Cancelled,Paid,Udaipur,Standard,4,Silver,5087.4
BKG304350,CUST100146,HTL200450,2026-01-01,2026-01-03,2026-01-10,108946.68,13073.6,0.0,122020.28,Mobile App,Completed,Paid,Delhi,Suite,3,Gold,0.0
BKG304351,CUST100716,HTL200106,2026-04-27,2026-05-10,2026-05-13,11998.02,1439.76,0.0,13437.78,Call Center,Cancelled,Refund Pending,Delhi,Executive,2,Blue,9406.45
BKG304352,CUST100506,HTL200880,2026-01-19,2026-01-30,2026-02-03,33914.37,4069.72,0.0,37984.09,Mobile App,Confirmed,Paid,Ahmedabad,Deluxe,2,Blue,0.0
BKG304353,CUST100557,HTL200377,2026-02-28,2026-04-04,2026-04-10,75671.15,7718.46,11350.67,72038.94,Website,Confirmed,Paid,Shimla,Standard,1,Gold,0.0
BKG304354,CUST100103,HTL200199,2026-04-17,2026-05-26,2026-05-31,88917.69,9603.11,8891.77,89629.03,Website,Completed,Paid,Shimla,Deluxe,1,Silver,0.0
BKG304355,CUST100335,HTL200951,2026-05-18,2026-05-28,2026-05-29,17021.02,1940.4,851.05,18110.37,  Mobile App  ,No Show,Paid,Kochi,Family Room,3,Blue,9055.18
BKG304356,CUST100445,HTL200935,2026-01-28,2026-03-12,2026-03-18,105729.49,10784.41,15859.42,100654.48,Website,Confirmed,Paid,Pune,Executive,2,Blue,0.0
BKG304357,CUST100733,HTL200854,2026-02-03,2026-02-13,2026-02-14,14852.37,1604.06,1485.24,14971.19,Mobile App,Confirmed,Paid,Goa,Family Room,4,Blue,0.0
BKG304358,CUST100443,HTL200726,2026-02-08,2026-02-16,2026-02-19,21687.85,2342.29,2168.79,21861.35,Mobile App,CHECK-IN DENIED,PAID,Agra,Suite,5,Silver,10930.68
BKG304359,CUST100117,HTL200001,2026-05-06,2026-05-11,2026-05-12,5316.73,606.11,265.84,5657.0,Mobile App,Confirmed,Paid,Kochi,Deluxe,2,Silver,0.0
BKG304360,CUST100928,HTL200120,2026-03-24,2026-04-16,2026-04-20,37590.27,4510.83,0.0,42101.1,Website,Confirmed,Paid,Mumbai,Family Room,4,Gold,0.0
BKG304361,CUST100722,HTL200614,2026-04-16,2026-05-20,2026-05-22,8197.16,983.66,0.0,9180.82,Mobile App,Check-in Denied,  Paid  ,Shimla,Suite,2,Blue,4590.41
BKG304362,CUST100566,HTL200148,2026-04-20,2026-05-22,2026-05-27,63614.7,7633.76,0.0,71248.46,Mobile App,Cancelled,Paid,Kolkata,Executive,3,Blue,0.0
BKG304363,CUST100087,HTL200947,2026-05-01,2026-05-17,2026-05-18,11905.2,1285.76,1190.52,12000.44,Mobile App,Confirmed,Paid,Pune,Family Room,5,Silver,0.0
BKG304364,CUST100475,HTL200151,2026-04-17,2026-04-21,2026-04-22,11210.39,1345.25,0.0,12555.64,Mobile App,Check-in Denied,Refund Pending,Chennai,Deluxe,5,Silver,3766.69
BKG304365,CUST100294,HTL200564,2026-05-11,2026-06-08,2026-06-11,49912.26,5690.0,2495.61,53106.65,Website,Completed,Paid,Ahmedabad,Family Room,3,Blue,0.0
BKG304366,CUST100719,HTL200677,2026-01-23,2026-03-08,2026-03-11,14533.84,1656.86,726.69,15464.01,Mobile App,Confirmed,Paid,Goa,Executive,3,Platinum,0.0
BKG304367,CUST100994,HTL200915,2026-05-25,2026-06-08,2026-06-15,26088.33,3130.6,0.0,29218.93,Mobile App,Cancelled,Refunded,shimla,Suite,1,Blue,0.0
BKG304368,CUST100843,HTL200305,2026-03-12,2026-03-24,2026-03-26,21390.15,2053.45,4278.03,19165.57,Mobile App,Completed,Paid,Shimla,Family Room,4,Blue,0.0
BKG304369,CUST100685,HTL200678,2026-04-17,2026-05-08,2026-05-13,72623.21,6971.83,14524.64,65070.4,Mobile App,Completed,Paid,Hyderabad,Family Room,4,Platinum,0.0
BKG304370,CUST100638,HTL200827,2026-05-26,2026-06-11,2026-06-18,15849.13,1901.9,0.0,17751.03,Website,Pending,Paid,Ahmedabad,Standard,1,Silver,0.0
BKG304371,CUST101179,HTL200881,2026-02-15,2026-03-31,2026-04-07,125663.83,12817.71,18849.57,119631.97,Mobile App,Confirmed,Paid,Jaipur,Suite,4,Silver,0.0
BKG304372,CUST100960,HTL200474,2026-03-11,2026-03-13,2026-03-14,14014.75,1597.68,700.74,14911.69,Partner Desk,Completed,Paid,Mumbai,Standard,5,Silver,0.0
BKG304373,CUST100934,HTL200363,2026-01-31,2026-02-23,2026-02-25,16205.76,1652.99,2430.86,15427.89,Mobile App,CoMpLeTeD,Paid,Mumbai,Standard,2,Blue,0.0
BKG304374,CUST100889,HTL200806,2026-04-03,2026-05-02,2026-05-07,66884.62,8026.15,0.0,74910.77,mobile app,Confirmed,Paid,Ahmedabad,Executive,5,Platinum,0.0
BKG304375,CUST100913,HTL200070,2026-05-17,2026-06-29,2026-07-01,19202.03,2304.24,0.0,21506.27,Website,Cancelled,ReFuNdEd,Hyderabad,Executive,1,Blue,0.0
BKG304376,CUST101110,HTL200639,2026-04-28,2026-05-07,2026-05-08,11645.09,1187.8,1746.76,11086.13,Website,Completed,Payment Failed,Ahmedabad,Deluxe,4,Platinum,0.0
BKG304377,CUST100405,HTL200032,2026-03-22,2026-03-29,2026-04-01,8053.97,821.5,1208.1,7667.37,Call Center,CaNcElLeD,Refunded,Agra,Suite,4,Silver,0.0
BKG304378,CUST101087,HTL200156,2026-03-01,2026-03-30,2026-04-02,26148.25,2980.9,1307.41,27821.74,mobile app,No Show,Paid,Jaipur,Suite,2,Blue,13910.87
BKG304379,CUST100118,HTL200329,2026-03-17,2026-04-30,2026-05-03,52632.32,5368.5,7894.85,50105.97,Mobile App,Completed,Paid,Kochi,Executive,2,Blue,0.0
BKG304380,CUST100340,HTL200777,2026-03-04,2026-03-21,2026-03-25,6422.75,693.66,642.28,6474.13,Website,Confirmed,Paid,Delhi,Executive,2,Silver,0.0
BKG304381,CUST100312,HTL200715,2026-04-10,2026-04-19,2026-04-21,13486.92,1618.43,0.0,15105.35,MOBILE APP,Completed,Paid,Varanasi,Standard,5,Silver,0.0
BKG304382,CUST100162,HTL200706,2026-02-17,2026-02-23,2026-02-24,5459.03,622.33,272.95,5808.41,Mobile App,Confirmed,Paid,Bengaluru,Executive,1,Gold,0.0
BKG304383,CUST100292,HTL200386,2026-03-15,2026-04-28,2026-04-30,22122.97,2654.76,0.0,24777.73,Mobile App,Confirmed,Paid,Udaipur,Family Room,1,Blue,0.0
BKG304384,CUST100689,HTL200972,2026-02-27,2026-03-19,2026-03-22,7157.25,730.04,1073.59,6813.7,Mobile App,COMPLETED,Paid,Agra,Suite,1,Blue,0.0
BKG304385,CUST100672,HTL200620,2026-01-30,2026-02-09,2026-02-15,16327.56,1567.45,3265.51,14629.5,Mobile App,Completed,paid,Udaipur,Deluxe,5,Platinum,0.0
BKG304386,CUST100398,HTL200158,2026-01-10,2026-01-19,2026-01-25,55215.91,5963.32,5521.59,55657.64,Call Center,COMPLETED,Paid,Ahmedabad,Standard,3,Blue,0.0
BKG304387,CUST100908,HTL200794,2026-02-08,2026-02-20,2026-02-22,30903.75,3337.6,3090.38,31150.97,Mobile App,Check-in Denied,Paid,Delhi,Family Room,4,Silver,31150.97
BKG304388,CUST100486,HTL200965,2026-02-24,2026-03-29,2026-04-03,82847.84,8947.57,8284.78,83510.63,Website,Confirmed,Paid,Chennai,Executive,5,Blue,0.0
BKG304389,CUST101047,HTL200538,2026-01-28,2026-03-01,2026-03-07,72399.82,8687.98,0.0,81087.8,MOBILE APP,Completed,Paid,Agra,Deluxe,1,Gold,0.0
BKG304390,CUST101082,HTL200226,2026-05-26,2026-06-29,2026-07-05,51768.82,5901.65,2588.44,55082.03,Mobile App,Completed,Paid,BENGALURU,Executive,5,Blue,0.0
BKG304391,CUST100748,HTL200251,2026-04-28,2026-05-17,2026-05-19,33544.19,3824.04,1677.21,35691.02,Mobile App,Completed,Paid,Kolkata,Family Room,5,Silver,0.0
BKG304392,CUST100239,HTL200366,2026-04-24,2026-05-27,2026-06-03,111689.24,12062.44,11168.92,112582.76,Mobile App,Confirmed,Paid,Agra,Deluxe,3,Blue,0.0
BKG304393,CUST100310,HTL200776,2026-03-16,2026-04-01,2026-04-05,30843.26,3146.01,4626.49,29362.78,Mobile App,Confirmed,Paid,Udaipur,Executive,2,Silver,0.0
BKG304394,CUST100320,HTL200261,2026-03-06,2026-03-29,2026-04-02,22711.48,2725.38,0.0,25436.86,Website,Confirmed,Paid,Pune,Family Room,1,Platinum,0.0
BKG304395,CUST100671,HTL200645,2026-03-22,2026-04-17,2026-04-20,34153.87,3893.54,1707.69,36339.72,Website,Cancelled,Refunded,Varanasi,Family Room,5,Gold,25437.8
BKG304396,CUST100571,HTL200999,2026-04-10,2026-05-24,2026-05-25,3182.44,343.7,318.24,3207.9,Mobile App,No Show,Paid,Delhi,Deluxe,2,Blue,1603.95
BKG304397,CUST100413,HTL200537,2026-04-10,2026-05-21,2026-05-28,50187.14,6022.46,0.0,56209.6,Mobile App,Confirmed,Paid,Varanasi,Family Room,4,Silver,0.0
BKG304398,CUST100401,HTL200042,2026-02-15,2026-03-24,2026-03-29,57874.47,6597.69,2893.72,61578.44,Mobile App,Confirmed,Paid,Ahmedabad,Executive,4,Silver,0.0
BKG304399,CUST100058,HTL200530,2026-03-01,2026-03-10,2026-03-17,64946.2,7793.54,0.0,72739.74,Mobile App,Confirmed,Paid,Ahmedabad,Deluxe,4,Blue,0.0
BKG304400,CUST100052,HTL200015,2026-05-17,2026-06-16,2026-06-17,1474.43,159.24,147.44,1486.23,Website,Confirmed,Paid,Goa,Standard,5,Gold,0.0
BKG304401,CUST101087,HTL200104,2026-04-07,2026-04-20,2026-04-21,7935.73,857.06,793.57,7999.22,Mobile App,Confirmed,Paid,Udaipur,Family Room,5,Gold,0.0
BKG304402,CUST100632,HTL200790,2026-01-03,2026-02-14,2026-02-19,34621.52,4154.58,0.0,38776.1,Mobile App,Confirmed,Paid,Udaipur,Executive,3,Silver,0.0
BKG304403,CUST101142,HTL200202,2026-05-16,2026-06-01,2026-06-05,61447.94,6267.69,9217.19,58498.44,Website,Completed,Paid,Delhi,Deluxe,1,Gold,0.0
BKG304404,CUST100285,HTL200719,2026-04-24,2026-04-26,2026-05-03,25288.96,2882.94,1264.45,26907.45,Mobile App,Confirmed,Paid,Mumbai,Standard,2,Blue,0.0
BKG304405,CUST100017,HTL200924,2026-04-26,2026-05-27,2026-06-02,111341.54,13360.99,0.0,124702.53,Mobile App,Completed,Payment Failed,Udaipur,Standard,4,Platinum,0.0
BKG304406,CUST101028,HTL200677,2026-02-27,2026-04-11,2026-04-14,15327.79,1747.37,766.39,16308.77,Mobile App,Confirmed,Paid,Goa,Suite,2,Silver,0.0
BKG304407,CUST100159,HTL200058,2026-03-11,2026-03-30,2026-04-01,25072.63,2557.41,3760.89,23869.15,Mobile App,Cancelled,Refund Pending,Udaipur,Suite,3,Silver,0.0
BKG304408,CUST100141,HTL200047,2026-04-03,2026-04-14,2026-04-18,54100.22,6492.03,0.0,60592.25,Call Center,Check-in Denied,Paid,Kochi,Deluxe,4,Blue,0.0
BKG304409,CUST100396,HTL200659,2026-05-20,2026-06-03,2026-06-06,33340.48,3800.81,1667.02,35474.27,Mobile App,Completed,Paid,Mumbai,Family Room,2,Silver,0.0
BKG304410,CUST101041,HTL200276,2026-05-17,2026-06-11,2026-06-17,34867.48,3765.69,3486.75,35146.42,Mobile App,Confirmed,Paid,Bengaluru,Executive,1,Blue,0.0
BKG304411,CUST100579,HTL200411,2026-04-15,2026-04-22,2026-04-26,32980.93,3759.83,1649.05,35091.71,Mobile App,Confirmed,Payment Failed,Manali,Family Room,1,Blue,0.0
BKG304412,CUST101137,HTL200177,2026-02-18,2026-03-05,2026-03-12,111357.53,13362.9,0.0,124720.43,Mobile App,Confirmed,Partially Paid,Jaipur,Executive,3,Silver,0.0
BKG304413,CUST100533,HTL200800,2026-03-24,2026-04-23,2026-04-28,50963.51,5809.84,2548.18,54225.17,Mobile App,Confirmed,Paid,Jaipur,Executive,2,Silver,0.0
BKG304414,CUST100910,HTL200113,2026-01-17,2026-02-17,2026-02-18,7573.19,772.47,1135.98,7209.68,Call Center,Completed,Paid,Goa,Suite,3,Blue,0.0
BKG304415,CUST100460,HTL200295,2026-02-23,2026-03-19,2026-03-24,19376.83,1860.18,3875.37,17361.64,Mobile App,Completed,Paid,Bengaluru,Suite,3,Blue,0.0
BKG304416,CUST100285,HTL200729,2026-04-22,2026-05-17,2026-05-23,105084.05,12610.09,0.0,117694.14,Website,Confirmed,Paid,Delhi,Family Room,3,Blue,0.0
BKG304417,CUST101028,HTL200437,2026-02-18,2026-02-26,2026-02-28,26858.69,2900.74,2685.87,27073.56,Mobile App,Cancelled,Paid,Goa,Deluxe,5,Gold,0.0
BKG304418,CUST100128,HTL200265,2026-05-24,2026-06-23,2026-06-28,77998.2,9359.78,0.0,87357.98,Mobile App,Confirmed,Partially Paid,Manali,Executive,1,Silver,0.0
BKG304419,CUST100955,HTL200161,2026-03-26,2026-05-01,2026-05-07,38639.4,4173.06,3863.94,38948.52,Mobile App,Confirmed,Partially Paid,Goa,Suite,5,Silver,0.0
BKG304420,CUST100670,HTL200840,2026-01-12,2026-01-26,2026-01-27,15876.95,1905.23,0.0,17782.18,Website,Completed,Paid,Varanasi,Deluxe,5,Silver,0.0
BKG304421,CUST100498,HTL200503,2026-05-06,2026-06-04,2026-06-08,54864.81,6583.78,0.0,61448.59,Mobile App,Confirmed,Paid,Kolkata,Suite,1,Blue,0.0
BKG304422,CUST100275,HTL200035,2026-04-08,2026-05-05,2026-05-08,47229.94,4817.45,7084.49,44962.9,Mobile App,Completed,PaId,Varanasi,Executive,3,Blue,0.0
BKG304423,CUST101106,HTL200586,2026-05-16,2026-06-21,2026-06-27,48481.81,5817.82,0.0,54299.63,Mobile App,Pending,Payment Failed,Mumbai,Standard,2,Silver,0.0
BKG304424,CUST101141,HTL200457,2026-05-29,2026-07-02,2026-07-08,19456.38,2218.03,972.82,20701.59,Mobile App,Cancelled,Refund Pending,Mumbai,Suite,3,Silver,14491.11
BKG304425,CUST100028,HTL200646,2026-02-17,2026-03-10,2026-03-17,70246.26,6743.64,14049.25,62940.65,Mobile App,Confirmed,Paid,Manali,Deluxe,3,Silver,0.0
BKG304426,CUST101004,HTL200370,2026-05-16,2026-06-23,2026-06-25,17974.03,1725.51,3594.81,16104.73,Website,Completed,Paid,Goa,Family Room,5,Blue,0.0
BKG304427,CUST100649,HTL200485,2026-01-28,2026-02-08,2026-02-12,12962.54,1555.5,0.0,14518.04,Mobile App,Completed,Paid,Hyderabad,Family Room,2,Blue,0.0
BKG304428,CUST101180,HTL200271,2026-03-21,2026-04-23,2026-04-29,74914.33,8090.75,7491.43,75513.65,Mobile App,Pending,Paid,Hyderabad,Executive,1,Blue,0.0
BKG304429,CUST100030,HTL200178,2026-01-10,2026-01-25,2026-01-31,96058.2,10374.29,9605.82,96826.67,mobile app,Pending,Partially Paid,Bengaluru,Standard,4,Silver,0.0
BKG304430,CUST100842,HTL200985,2026-02-21,2026-03-05,2026-03-08,46881.38,5344.48,2344.07,49881.79,Mobile App,Confirmed,Paid,Goa,Suite,1,Gold,0.0
BKG304431,CUST100335,HTL200479,2026-05-23,2026-06-16,2026-06-17,14690.01,1410.24,2938.0,13162.25,Mobile App,No Show,Paid,Manali,Suite,2,Silver,6581.12
BKG304432,CUST100569,HTL200956,2026-05-12,2026-06-18,2026-06-23,23846.31,2575.4,2384.63,24037.08,Website,Confirmed,Partially Paid,Bengaluru,Standard,1,Blue,0.0
BKG304433,CUST100312,HTL200158,2026-03-31,2026-04-11,2026-04-18,61529.24,6645.16,6152.92,62021.48,Mobile App,Confirmed,Paid,Ahmedabad,Executive,5,Blue,0.0
BKG304434,CUST100598,HTL200754,2026-03-03,2026-03-22,2026-03-26,50380.43,6045.65,0.0,56426.08,Website,Confirmed,Partially Paid,Bengaluru,Executive,2,Blue,0.0
BKG304435,CUST101146,HTL200927,2026-04-17,2026-04-18,2026-04-21,5517.77,629.03,275.89,5870.91,Mobile App,Confirmed,Payment Failed,Ahmedabad,Deluxe,4,Blue,0.0
BKG304436,CUST100864,HTL200812,2026-05-12,2026-05-29,2026-06-01,28582.44,3258.4,1429.12,30411.72,  Website  ,Cancelled,Refunded,Chennai,Deluxe,4,Silver,30411.72
BKG304437,CUST100370,HTL200203,2026-02-10,2026-03-22,2026-03-27,28149.45,3209.04,1407.47,29951.02,Website,Confirmed,Paid,Delhi,Deluxe,2,Silver,0.0
BKG304438,CUST100804,HTL200794,2026-04-09,2026-04-25,2026-04-29,60813.3,7297.6,0.0,68110.9,Mobile App,Cancelled,Refunded,DeLhI,Executive,1,Blue,30649.9
BKG304439,CUST100313,HTL200277,2026-02-24,2026-03-22,2026-03-26,65969.34,7916.32,0.0,73885.66,Mobile App,PeNdInG,Paid,Pune,Suite,4,Platinum,0.0
BKG304440,CUST100027,HTL200142,2026-01-28,2026-03-12,2026-03-19,25056.56,3006.79,0.0,28063.35,Website,Cancelled,Refunded,Jaipur,Family Room,2,Platinum,19644.34
BKG304441,CUST101178,HTL200519,2026-04-11,2026-05-24,2026-05-25,9851.78,1182.21,0.0,11033.99,Mobile App,Confirmed,Paid,Ahmedabad,Executive,2,Gold,0.0
BKG304442,CUST100965,HTL200511,2026-02-16,2026-03-03,2026-03-07,65355.3,7842.64,0.0,73197.94,Mobile App,Cancelled,Refunded,PUNE,Standard,2,Blue,32939.07
BKG304443,CUST101029,HTL200963,2026-05-17,2026-05-25,2026-06-01,128542.58,15425.11,0.0,143967.69,Mobile App,Completed,Paid,bengaluru,Family Room,3,Gold,0.0
BKG304444,CUST100472,HTL200115,2026-05-10,2026-06-09,2026-06-15,85602.58,9758.69,4280.13,91081.14,Website,Cancelled,refunded,Manali,Executive,1,Platinum,0.0
BKG304445,CUST101056,HTL200391,2026-04-27,2026-05-11,2026-05-16,77103.77,8789.83,3855.19,82038.41,Mobile App,Confirmed,Paid,Varanasi,Executive,2,Silver,0.0
BKG304446,CUST100088,HTL200342,2026-04-18,2026-05-21,2026-05-25,27897.92,3180.36,1394.9,29683.38,Mobile App,Completed,Paid,Ahmedabad,Deluxe,2,Blue,0.0
BKG304447,CUST100039,HTL200372,2026-03-10,2026-04-21,2026-04-22,3256.76,332.19,488.51,3100.44,Call Center,Cancelled,Refund Pending,Chennai,Suite,3,Blue,1395.2
BKG304448,CUST100680,HTL200783,2026-01-28,2026-02-04,2026-02-07,4042.04,436.54,404.2,4074.38,Mobile App,Cancelled,Refunded,Kolkata,Suite,5,Platinum,0.0
BKG304449,CUST100374,HTL200687,2026-03-20,2026-04-07,2026-04-13,52711.75,5376.6,7906.76,50181.59,Website,Pending,Payment Failed,Jaipur,Family Room,3,Platinum,0.0
BKG304450,CUST100997,HTL200929,2026-01-14,2026-01-26,2026-01-30,32693.38,3138.56,6538.68,29293.26,Website,Confirmed,Paid,Ahmedabad,Executive,2,Silver,0.0
BKG304451,CUST100392,HTL200725,2026-02-15,2026-02-17,2026-02-22,49331.53,5919.78,0.0,55251.31,Mobile App,Confirmed,Paid,Varanasi,Deluxe,1,Blue,0.0
BKG304452,CUST101041,HTL200368,2026-05-21,2026-06-19,2026-06-23,42842.08,4884.0,2142.1,45583.98,Website,Completed,Paid,Agra,Standard,3,Gold,0.0
BKG304453,CUST100131,HTL200214,2026-01-16,2026-02-06,2026-02-13,104845.52,11952.39,5242.28,111555.63,Mobile App,CoNfIrMeD,Paid,Mumbai,Executive,2,Platinum,0.0
BKG304454,CUST100289,HTL200510,2026-03-22,2026-03-29,2026-03-31,2854.22,325.38,142.71,3036.89,Website,Confirmed,Paid,Udaipur,Deluxe,1,Silver,0.0
BKG304455,CUST100805,HTL200568,2026-02-27,2026-03-26,2026-03-27,6480.98,777.72,0.0,7258.7,Mobile App,Confirmed,Paid,Kolkata,Standard,3,Blue,0.0
BKG304456,CUST100208,HTL200900,2026-02-17,2026-03-01,2026-03-04,17001.92,1734.2,2550.29,16185.83,Mobile App,Cancelled,Refund Pending,Pune,Standard,4,Blue,11330.08
BKG304457,CUST100326,HTL200740,2026-02-18,2026-03-10,2026-03-12,8654.93,1038.59,0.0,9693.52,Mobile App,No Show,Refund Pending,Pune,Family Room,1,Blue,4846.76
BKG304458,CUST100991,HTL200811,2026-03-30,2026-04-13,2026-04-18,87823.67,8431.07,17564.73,78690.01,Website,Confirmed,Paid,Pune,Suite,2,Silver,0.0
BKG304459,CUST100502,HTL200326,2026-05-10,2026-05-20,2026-05-24,47184.08,4812.78,7077.61,44919.25,Mobile App,Confirmed,Paid,Agra,Suite,1,Blue,0.0
BKG304460,CUST100278,HTL200036,2026-01-14,2026-02-24,2026-02-25,4772.42,515.42,477.24,4810.6,Website,Confirmed,Paid,Pune,Family Room,1,Gold,0.0
BKG304461,CUST100787,HTL200985,2026-04-13,2026-05-06,2026-05-12,94184.93,11302.19,0.0,105487.12,Mobile App,Completed,Paid,Goa,Executive,2,Blue,0.0
BKG304462,CUST101006,HTL200379,2026-05-01,2026-05-31,2026-06-07,103523.26,11801.65,5176.16,110148.75,Website,Cancelled,Refund Pending,Agra,Deluxe,4,Blue,77104.12
BKG304463,CUST100951,HTL200795,2026-05-25,2026-06-25,2026-07-02,66233.06,7947.97,0.0,74181.03,Mobile App,Confirmed,Paid,Udaipur,Suite,1,Silver,0.0
BKG304464,CUST100276,HTL200511,2026-05-03,2026-05-13,2026-05-17,63494.37,7619.32,0.0,71113.69,Mobile App,Completed,Paid,Pune,Family Room,2,Blue,0.0
BKG304465,CUST101099,HTL200323,2026-05-18,2026-06-06,2026-06-10,17196.77,1754.07,2579.52,16371.32,MoBiLe aPp,Confirmed,Paid,Kochi,Suite,1,Silver,0.0
BKG304466,CUST100297,HTL200368,2026-03-11,2026-03-30,2026-04-03,45472.18,5183.83,2273.61,48382.4,Mobile App,Pending,Paid,Agra,Suite,5,Blue,0.0
BKG304467,CUST100432,HTL200223,2026-04-13,2026-05-27,2026-06-02,32700.23,3727.83,1635.01,34793.05,Website,No Show,Paid,shimla,Suite,4,Silver,0.0
BKG304468,CUST101009,HTL200933,2026-04-12,2026-05-05,2026-05-09,4856.26,495.34,728.44,4623.16,Mobile App,Check-in Denied,Paid,Bengaluru,Executive,5,Blue,1386.95
BKG304469,CUST101135,HTL200813,2026-03-05,2026-04-18,2026-04-19,14125.3,1695.04,0.0,15820.34,Website,confirmed,Paid,Pune,Family Room,1,Silver,0.0
BKG304470,CUST101095,HTL200712,2026-01-18,2026-02-28,2026-03-06,103396.23,11166.79,10339.62,104223.4,Website,Completed,Payment Failed,Kochi,Suite,4,Blue,0.0
BKG304471,CUST100316,HTL200099,2026-03-04,2026-04-05,2026-04-11,40240.02,4345.92,4024.0,40561.94,Website,Confirmed,Paid,Varanasi,Suite,2,Blue,0.0
BKG304472,CUST101044,HTL200793,2026-02-18,2026-03-10,2026-03-12,14136.2,1611.53,706.81,15040.92,Mobile App,Completed,Paid,Hyderabad,Family Room,5,Silver,0.0
BKG304473,CUST100120,HTL200074,2026-02-25,2026-03-01,2026-03-06,17491.83,1784.17,2623.77,16652.23,Mobile App,Confirmed,Paid,Pune,Standard,4,Blue,0.0
BKG304474,CUST100652,HTL200723,2026-04-01,2026-05-04,2026-05-10,69810.97,6701.85,13962.19,62550.63,Mobile App,Cancelled,Refund Pending,Jaipur,Executive,4,Platinum,0.0
BKG304475,CUST100303,HTL200436,2026-02-27,2026-02-28,2026-03-02,23126.86,2636.46,1156.34,24606.98,Mobile App,Completed,Paid,  Chennai  ,Executive,1,Gold,0.0
BKG304476,CUST100935,HTL200702,2026-02-24,2026-03-09,2026-03-10,10597.19,1208.08,529.86,11275.41,Mobile App,Completed,Partially Paid,Bengaluru,Deluxe,5,Gold,0.0
BKG304477,CUST100720,HTL200367,2026-03-26,2026-03-29,2026-04-03,59349.9,6765.89,2967.5,63148.29,Website,Cancelled,Refund Pending,PUNE,Deluxe,2,Blue,0.0
BKG304478,CUST100495,HTL200062,2026-01-19,2026-01-31,2026-02-06,9666.83,1044.02,966.68,9744.17,Website,Completed,Paid,Manali,Standard,3,Blue,0.0
BKG304479,CUST100184,HTL200623,2026-04-13,2026-05-12,2026-05-15,26507.46,2862.81,2650.75,26719.52,Mobile App,Confirmed,Paid,Mumbai,Deluxe,1,Blue,0.0
BKG304480,CUST100887,HTL200933,2026-04-22,2026-05-23,2026-05-25,3097.8,371.74,0.0,3469.54,Website,Completed,Paid,Bengaluru,Suite,4,Silver,0.0
BKG304481,CUST100807,HTL200654,2026-04-18,2026-05-29,2026-05-30,15389.29,1846.71,0.0,17236.0,MoBiLe aPp,Check-in Denied,Paid,Pune,Suite,5,Blue,0.0
BKG304482,CUST100331,HTL200098,2026-02-16,2026-03-24,2026-03-25,9900.99,950.49,1980.2,8871.28,Mobile App,Completed,Paid,Hyderabad,Deluxe,3,Silver,0.0
BKG304483,CUST100712,HTL200776,2026-04-17,2026-04-19,2026-04-20,8684.66,1042.16,0.0,9726.82,Mobile App,Completed,Paid,Udaipur,Executive,4,Silver,0.0
BKG304484,CUST100575,HTL200224,2026-03-25,2026-04-16,2026-04-23,32284.57,3486.73,3228.46,32542.84,Mobile App,Check-in Denied,Paid,agra,Standard,5,Blue,32542.84
BKG304485,CUST100349,HTL200074,2026-05-08,2026-05-30,2026-06-04,16906.3,1724.44,2535.94,16094.8,Website,Completed,Paid,Pune,Suite,5,Gold,0.0
BKG304486,CUST100837,HTL200789,2026-02-27,2026-04-09,2026-04-13,68129.33,7766.74,3406.47,72489.6,Website,Pending,Paid,Shimla,Standard,3,Platinum,0.0
BKG304487,CUST100319,HTL200709,2026-05-23,2026-06-23,2026-06-26,37445.47,4044.11,3744.55,37745.03,Mobile App,Confirmed,Paid,Bengaluru,Deluxe,4,Silver,0.0
BKG304488,CUST100536,HTL200183,2026-05-24,2026-06-07,2026-06-12,21720.84,2606.5,0.0,24327.34,Website,Completed,Paid,Kochi,Family Room,3,Platinum,0.0
BKG304489,CUST100411,HTL200292,2026-04-07,2026-05-06,2026-05-11,22690.99,2178.34,4538.2,20331.13,  Mobile App  ,Confirmed,Paid,Jaipur,Standard,2,Blue,0.0
BKG304490,CUST100905,HTL200056,2026-02-16,2026-03-23,2026-03-29,78988.6,9478.63,0.0,88467.23,Website,Completed,Paid,Hyderabad,Standard,1,Blue,0.0
BKG304491,CUST101179,HTL200248,2026-05-20,2026-05-29,2026-06-05,52015.11,5929.72,2600.76,55344.07,Mobile App,Confirmed,Paid,Delhi,Deluxe,1,Blue,0.0
BKG304492,CUST100532,HTL200955,2026-04-13,2026-05-15,2026-05-17,32517.86,3511.93,3251.79,32778.0,Website,Confirmed,Paid,MaNaLi,Deluxe,2,Silver,0.0
BKG304493,CUST100501,HTL200625,2026-03-25,2026-04-21,2026-04-24,8726.67,890.12,1309.0,8307.79,Mobile App,Confirmed,Paid,Hyderabad,Suite,4,Silver,0.0
BKG304494,CUST101177,HTL200468,2026-02-18,2026-02-28,2026-03-01,9986.9,1198.43,0.0,11185.33,Mobile App,Confirmed,Paid,Kochi,Family Room,3,Blue,0.0
BKG304495,CUST100913,HTL200139,2026-05-11,2026-06-05,2026-06-10,44026.52,5019.02,2201.33,46844.21,Mobile App,Confirmed,Paid,Delhi,Family Room,1,Blue,0.0
BKG304496,CUST101091,HTL200902,2026-04-22,2026-05-25,2026-05-28,7160.8,816.33,358.04,7619.09,Mobile App,Cancelled,Refunded,Pune,Standard,2,Blue,7619.09
BKG304497,CUST101064,HTL200961,2026-03-01,2026-03-12,2026-03-14,31678.12,3611.31,1583.91,33705.52,Mobile App,Confirmed,Paid,Pune,Family Room,5,Platinum,0.0
BKG304498,CUST100526,HTL200358,2026-03-07,2026-04-13,2026-04-17,23654.67,2412.78,3548.2,22519.25,Mobile App,Completed,Paid,Bengaluru,Deluxe,1,Blue,0.0
BKG304499,CUST101192,HTL200552,2026-03-28,2026-04-06,2026-04-09,47724.82,5726.98,0.0,53451.8,Website,Confirmed,Paid,Udaipur,Deluxe,1,Blue,0.0
BKG304500,CUST100710,HTL200407,2026-05-06,2026-05-13,2026-05-20,76317.43,8242.28,7631.74,76927.97,Mobile App,Confirmed,Paid,Ahmedabad,Deluxe,2,Silver,0.0
BKG304501,CUST100749,HTL200473,2026-01-26,2026-02-02,2026-02-09,45462.44,4637.17,6819.37,43280.24,Website,No Show,Paid,Kolkata,Standard,3,Blue,0.0
BKG304502,CUST100955,HTL200664,2026-03-12,2026-04-15,2026-04-16,8811.86,898.81,1321.78,8388.89,Mobile App,Cancelled,Refunded,Udaipur,Executive,1,Silver,3775.0
BKG304503,CUST100111,HTL200445,2026-03-15,2026-04-03,2026-04-10,86860.3,9380.91,8686.03,87555.18,Call Center,Cancelled,Refund Pending,Kolkata,Deluxe,3,Silver,0.0
BKG304504,CUST100462,HTL200979,2026-02-16,2026-03-08,2026-03-13,10017.41,1141.98,500.87,10658.52,Call Center,Completed,Paid,Chennai,Family Room,2,Platinum,0.0
BKG304505,CUST100051,HTL200231,2026-03-17,2026-04-28,2026-05-02,26927.67,3069.75,1346.38,28651.04,Mobile App,Confirmed,Partially Paid,Varanasi,Family Room,5,Gold,0.0
BKG304506,CUST100254,HTL200616,2026-04-06,2026-05-01,2026-05-03,16723.51,1605.46,3344.7,14984.27,Call Center,Confirmed,Paid,HYDERABAD,Deluxe,1,Gold,0.0
BKG304507,CUST101181,HTL200617,2026-01-31,2026-02-05,2026-02-06,2054.15,209.52,308.12,1955.55,Website,Completed,Paid,Kolkata,Executive,3,Blue,0.0
BKG304508,CUST100299,HTL200299,2026-01-22,2026-02-20,2026-02-24,64903.22,7398.97,3245.16,69057.03,Mobile App,CANCELLED,Refunded,Kolkata,Standard,3,Gold,31075.66
BKG304509,CUST100957,HTL200641,2026-01-17,2026-02-13,2026-02-19,75091.29,7208.76,15018.26,67281.79,Call Center,No Show,ReFuNd pEnDiNg,Shimla,Deluxe,4,Silver,33640.89
BKG304510,CUST100426,HTL200425,2026-05-28,2026-06-22,2026-06-28,78803.99,8038.01,11820.6,75021.4,Mobile App,confirmed,Paid,Goa,Standard,3,Silver,0.0
BKG304511,CUST100989,HTL200994,2026-05-16,2026-06-22,2026-06-24,17764.07,1811.94,2664.61,16911.4,Mobile App,Confirmed,Paid,Kolkata,Executive,3,Silver,0.0
BKG304512,CUST100306,HTL200160,2026-04-08,2026-04-23,2026-04-24,7021.6,758.33,702.16,7077.77,Mobile App,Confirmed,Paid,Delhi,Deluxe,2,Blue,0.0
BKG304513,CUST100098,HTL200400,2026-02-18,2026-02-22,2026-03-01,90310.95,9211.72,13546.64,85976.03,Mobile App,Cancelled,Refunded,Pune,Deluxe,3,Blue,60183.22
BKG304514,CUST100120,HTL200377,2026-03-28,2026-04-11,2026-04-16,53919.86,5499.83,8087.98,51331.71,Mobile App,Confirmed,Paid,Shimla,Deluxe,4,Silver,0.0
BKG304515,CUST101053,HTL200958,2026-02-07,2026-02-24,2026-02-26,13808.86,1657.06,0.0,15465.92,Call Center,Completed,Paid,Hyderabad,Suite,5,Gold,0.0
BKG304516,CUST100229,HTL200917,2026-02-22,2026-03-15,2026-03-22,55246.19,5303.63,11049.24,49500.58,Call Center,Check-in Denied,Refund Pending,Hyderabad,Deluxe,4,Blue,49500.58
BKG304517,CUST100650,HTL200256,2026-01-28,2026-02-13,2026-02-17,23346.72,2661.53,1167.34,24840.91,Website,Cancelled,Refunded,Udaipur,Deluxe,5,Silver,11178.41
BKG304518,CUST101054,HTL200740,2026-03-18,2026-04-13,2026-04-14,3851.27,439.05,192.56,4097.76,Mobile App,Confirmed,Paid,Pune,Executive,1,Silver,0.0
BKG304519,CUST101185,HTL200861,2026-05-19,2026-05-28,2026-06-03,112430.13,11467.87,16864.52,107033.48,Partner Desk,Confirmed,Paid,Mumbai,Executive,5,Platinum,0.0
BKG304520,CUST101179,HTL200493,2026-01-18,2026-01-20,2026-01-26,56380.17,6089.06,5638.02,56831.21,Mobile App,Cancelled,Refund Pending,Manali,Suite,5,Gold,39781.85
BKG304521,CUST100628,HTL200965,2026-02-19,2026-04-03,2026-04-06,46806.63,4774.28,7020.99,44559.92,Call Center,Completed,Partially Paid,Chennai,Deluxe,4,Blue,0.0
BKG304522,CUST101199,HTL200488,2026-03-30,2026-04-14,2026-04-15,11609.5,1323.48,580.48,12352.5,Mobile App,Cancelled,Refund Pending,Chennai,Family Room,2,Silver,0.0
BKG304523,CUST100947,HTL200181,2026-05-30,2026-07-04,2026-07-08,45673.84,5206.82,2283.69,48596.97,Website,Confirmed,Paid,Pune,Standard,2,Gold,0.0
BKG304524,CUST100516,HTL200525,2026-02-14,2026-03-10,2026-03-14,54449.04,6533.88,0.0,60982.92,Website,No sHoW,Paid,Jaipur,Deluxe,5,Blue,0.0
BKG304525,CUST100844,HTL200099,2026-05-07,2026-06-14,2026-06-17,20688.54,2358.49,1034.43,22012.6,Call Center,Cancelled,Refund Pending,Varanasi,Suite,4,Silver,15408.82
BKG304526,CUST100832,HTL200736,2026-04-03,2026-04-17,2026-04-24,11866.9,1281.62,1186.69,11961.83,WEBSITE,No Show,Refunded,Bengaluru,Family Room,2,Blue,3588.55
BKG304527,CUST100819,HTL200357,2026-01-21,2026-02-27,2026-03-03,70192.22,8001.91,3509.61,74684.52,  Website  ,  Confirmed  ,Paid,Chennai,Executive,2,Blue,0.0
BKG304528,CUST100810,HTL200230,2026-03-17,2026-04-23,2026-04-30,75956.1,8659.0,3797.8,80817.3,Website,Confirmed,Paid,Delhi,Standard,4,Blue,0.0
BKG304529,CUST100761,HTL200564,2026-04-01,2026-04-07,2026-04-14,120418.1,14450.17,0.0,134868.27,Website,Confirmed,Paid,Ahmedabad,Suite,5,Gold,0.0
BKG304530,CUST100318,HTL200005,2026-04-06,2026-04-24,2026-04-25,1782.31,181.79,267.35,1696.75,Website,Check-in Denied,Refunded,Varanasi,Executive,1,Platinum,0.0
BKG304531,CUST100110,HTL200089,2026-04-06,2026-04-28,2026-05-05,117826.6,14139.19,0.0,131965.79,Mobile App,Confirmed,Paid,Chennai,Deluxe,4,Silver,0.0
BKG304532,CUST100806,HTL200063,2026-03-16,2026-04-03,2026-04-09,108372.82,11704.26,10837.28,109239.8,Website,Confirmed,Paid,Kochi,Suite,4,Silver,0.0
BKG304533,CUST101040,HTL200087,2026-04-20,2026-04-22,2026-04-24,21157.97,2412.01,1057.9,22512.08,Mobile App,Confirmed,Paid,Bengaluru,Deluxe,4,Platinum,0.0
BKG304534,CUST100486,HTL200032,2026-03-23,2026-04-24,2026-04-30,14047.89,1685.75,0.0,15733.64,Website,Cancelled,Paid,Agra,Suite,5,Blue,11013.55
BKG304535,CUST100810,HTL200071,2026-05-08,2026-05-25,2026-06-01,102668.16,10472.15,15400.22,97740.09,Mobile App,No Show,Refunded,Pune,Suite,5,Silver,29322.03
BKG304536,CUST100516,HTL200555,2026-04-13,2026-04-14,2026-04-20,42324.46,4824.99,2116.22,45033.23,Call Center,Cancelled,Refunded,Agra,Deluxe,4,Gold,0.0
BKG304537,CUST101152,HTL200252,2026-05-13,2026-05-22,2026-05-23,10325.97,1115.2,1032.6,10408.57,Mobile App,Completed,Paid,Jaipur,Suite,2,Silver,0.0
BKG304538,CUST100834,HTL200106,2026-05-24,2026-06-06,2026-06-13,23974.93,2589.29,2397.49,24166.73,Mobile App,Pending,Paid,Delhi,Executive,1,Blue,0.0
BKG304539,CUST100623,HTL200801,2026-05-19,2026-06-24,2026-06-28,63844.38,6895.19,6384.44,64355.13,Call Center,Confirmed,Paid,Udaipur,Executive,3,Gold,0.0
BKG304540,CUST101047,HTL200929,2026-02-04,2026-03-13,2026-03-16,23778.92,2568.12,2377.89,23969.15,Mobile App,No Show,Refund Pending,Ahmedabad,Standard,4,Blue,11984.58
BKG304541,CUST101155,HTL200919,2026-04-22,2026-05-22,2026-05-25,33189.23,3584.44,3318.92,33454.75,Mobile App,Completed,Payment Failed,Varanasi,Standard,4,Gold,0.0
BKG304542,CUST100555,HTL200513,2026-03-28,2026-04-28,2026-05-03,37393.08,4038.45,3739.31,37692.22,Website,Completed,Paid,Pune,Suite,5,Platinum,0.0
BKG304543,CUST100496,HTL200135,2026-04-29,2026-05-22,2026-05-25,19760.51,2252.7,988.03,21025.18,Mobile App,Confirmed,Paid,Hyderabad,Executive,5,Silver,0.0
BKG304544,CUST100887,HTL200628,2026-04-08,2026-05-06,2026-05-09,35880.26,4305.63,0.0,40185.89,Mobile App,Confirmed,Paid,Mumbai,Deluxe,3,Blue,0.0
BKG304545,CUST100381,HTL200408,2026-03-22,2026-04-01,2026-04-05,22795.23,2325.11,3419.29,21701.05,Website,Confirmed,Paid,Pune,Suite,5,Platinum,0.0
BKG304546,CUST100215,HTL200120,2026-05-18,2026-06-12,2026-06-14,18626.45,1788.14,3725.29,16689.3,Call Center,Confirmed,Paid,Mumbai,Deluxe,5,Gold,0.0
BKG304547,CUST100755,HTL200477,2026-03-23,2026-04-28,2026-04-30,16264.9,1854.2,813.24,17305.86,Mobile App,Completed,Paid,Mumbai,Family Room,2,Blue,0.0
BKG304548,CUST100542,HTL200799,2026-05-16,2026-06-11,2026-06-15,33316.83,3998.02,0.0,37314.85,Mobile App,Confirmed,Partially Paid,Shimla,Standard,1,Silver,0.0
BKG304549,CUST100915,HTL200823,2026-01-26,2026-02-21,2026-02-24,49849.96,5982.0,0.0,55831.96,Mobile App,Confirmed,Paid,Kochi,Suite,2,Blue,0.0
BKG304550,CUST101034,HTL200093,2026-01-03,2026-01-16,2026-01-17,7609.7,821.85,760.97,7670.58,Mobile App,No Show,Refunded,Kolkata,Suite,4,Blue,7670.58
BKG304551,CUST100081,HTL200504,2026-02-28,2026-03-17,2026-03-23,62182.04,7461.85,0.0,69643.89,MoBiLe aPp,Check-in Denied,Paid,KOCHI,Deluxe,2,Silver,0.0
BKG304552,CUST100993,HTL200006,2026-04-26,2026-06-05,2026-06-12,97040.76,9898.16,14556.11,92382.81,Mobile App,Pending,Paid,Jaipur,Standard,3,Silver,0.0
BKG304553,CUST101179,HTL200943,2026-05-11,2026-05-15,2026-05-21,33644.33,3229.86,6728.87,30145.32,Mobile App,CaNcElLeD,Refunded,Manali,Deluxe,2,Blue,13565.39
BKG304554,CUST100165,HTL200599,2026-05-10,2026-06-02,2026-06-04,13894.86,1333.91,2778.97,12449.8,Website,Cancelled,Refunded,Mumbai,Deluxe,5,Blue,5602.41
BKG304555,CUST100207,HTL200693,2026-05-25,2026-06-29,2026-07-03,19303.52,2316.42,0.0,21619.94,mobile app,Cancelled,Refund Pending,ShImLa,Standard,3,Gold,0.0
BKG304556,CUST100023,HTL200190,2026-02-05,2026-02-16,2026-02-17,11707.12,1123.88,2341.42,10489.58,Mobile App,Completed,  Paid  ,Jaipur,Family Room,3,Silver,0.0
BKG304557,CUST100806,HTL200456,2026-03-27,2026-04-08,2026-04-11,10230.85,1104.93,1023.09,10312.69,Website,Confirmed,PaId,Mumbai,Executive,4,Silver,0.0
BKG304558,CUST100886,HTL200719,2026-04-08,2026-04-17,2026-04-21,13622.79,1634.73,0.0,15257.52,Mobile App,Confirmed,Payment Failed,Mumbai,Executive,4,Gold,0.0
BKG304559,CUST100690,HTL200385,2026-05-04,2026-05-19,2026-05-21,8362.17,953.29,418.11,8897.35,Website,Confirmed,Paid,Shimla,Family Room,5,Blue,0.0
BKG304560,CUST100331,HTL200802,2026-03-14,2026-04-20,2026-04-27,8075.57,872.16,807.56,8140.17,Mobile App,Cancelled,Refunded,Varanasi,Standard,1,Silver,3663.08
BKG304561,CUST101001,HTL200865,2026-04-20,2026-04-25,2026-04-26,7337.01,704.35,1467.4,6573.96,Mobile App,Cancelled,Paid,Jaipur,Suite,3,Silver,6573.96
BKG304562,CUST100240,HTL200277,2026-05-02,2026-05-21,2026-05-22,17397.46,2087.7,0.0,19485.16,Mobile App,Completed,paid,Pune,Standard,5,Gold,0.0
BKG304563,CUST100835,HTL200978,2026-05-10,2026-05-21,2026-05-23,27677.08,3321.25,0.0,30998.33,Mobile App,Confirmed,Payment Failed,Ahmedabad,Deluxe,4,Silver,0.0
BKG304564,CUST100180,HTL200447,2026-01-27,2026-02-05,2026-02-06,5809.71,662.31,290.49,6181.53,Website,Confirmed,Partially Paid,Ahmedabad,Standard,4,Silver,0.0
BKG304565,CUST101106,HTL200826,2026-05-30,2026-07-04,2026-07-10,77048.32,7396.64,15409.66,69035.3,call center,Cancelled,  Refunded  ,Shimla,Executive,1,Gold,69035.3
BKG304566,CUST100089,HTL200944,2026-03-09,2026-04-05,2026-04-12,47600.04,4569.6,9520.01,42649.63,Mobile App,Completed,Payment Failed,Bengaluru,Suite,3,Silver,0.0
BKG304567,CUST100438,HTL200051,2026-01-14,2026-01-27,2026-01-29,19077.69,2289.32,0.0,21367.01,Mobile App,Completed,Partially Paid,Manali,Family Room,3,Blue,0.0
BKG304568,CUST100542,HTL200404,2026-04-08,2026-04-20,2026-04-26,64112.46,7308.82,3205.62,68215.66,Mobile App,Confirmed,Paid,Ahmedabad,Standard,5,Blue,0.0
BKG304569,CUST100192,HTL200395,2026-01-23,2026-02-01,2026-02-05,64952.7,6625.18,9742.9,61834.98,Website,Completed,PaRtIaLlY PaId,Manali,Suite,1,Blue,0.0
BKG304570,CUST100487,HTL200778,2026-04-25,2026-06-06,2026-06-11,65373.6,7060.35,6537.36,65896.59,Mobile App,Pending,Paid,Manali,Suite,2,Gold,0.0
BKG304571,CUST100611,HTL200755,2026-04-22,2026-05-20,2026-05-27,77881.34,7476.61,15576.27,69781.68,  Mobile App  ,No Show,Paid,Jaipur,Executive,5,Blue,69781.68
BKG304572,CUST101112,HTL200693,2026-04-06,2026-04-19,2026-04-22,15383.77,1569.14,2307.57,14645.34,Mobile App,Confirmed,Payment Failed,Shimla,Deluxe,3,Platinum,0.0
BKG304573,CUST100954,HTL200210,2026-03-19,2026-04-08,2026-04-12,53441.49,6412.98,0.0,59854.47,Mobile App,Completed,Paid,Shimla,Suite,5,Silver,0.0
BKG304574,CUST101146,HTL200889,2026-03-02,2026-03-15,2026-03-21,33274.79,3593.68,3327.48,33540.99,Mobile App,Confirmed,Paid,Manali,Suite,5,Gold,0.0
BKG304575,CUST101070,HTL200709,2026-03-26,2026-04-22,2026-04-25,28239.85,3388.78,0.0,31628.63,Website,Completed,Paid,Bengaluru,Standard,5,Silver,0.0
BKG304576,CUST100145,HTL200269,2026-03-12,2026-04-07,2026-04-10,6576.91,670.84,986.54,6261.21,Partner Desk,Completed,Paid,Manali,Family Room,5,Silver,0.0
BKG304577,CUST101026,HTL200544,2026-03-26,2026-04-24,2026-04-30,72971.63,7880.94,7297.16,73555.41,Website,Confirmed,Paid,Hyderabad,Standard,3,Platinum,0.0
BKG304578,CUST100326,HTL200613,2026-02-19,2026-03-20,2026-03-26,91219.92,8757.11,18243.98,81733.05,Mobile App,Cancelled,Refund Pending,Bengaluru,Executive,1,Silver,81733.05
BKG304579,CUST100987,HTL200844,2026-05-20,2026-06-11,2026-06-18,15540.74,1491.91,3108.15,13924.5,Mobile App,Completed,Paid,Hyderabad,Suite,1,Blue,0.0
BKG304580,CUST101104,HTL200281,2026-01-15,2026-01-24,2026-01-26,16049.3,1925.92,0.0,17975.22,Mobile App,Pending,Paid,Kolkata,Deluxe,4,Silver,0.0
BKG304581,CUST100152,HTL200397,2026-05-25,2026-06-18,2026-06-23,64406.19,7728.74,0.0,72134.93,Mobile App,Confirmed,Paid,Varanasi,Suite,4,Gold,0.0
BKG304582,CUST100401,HTL200748,2026-02-03,2026-03-17,2026-03-24,85279.83,9721.9,4263.99,90737.74,  Mobile App  ,Confirmed,Paid,Ahmedabad,Deluxe,2,Blue,0.0
BKG304583,CUST100819,HTL200215,2026-02-04,2026-02-23,2026-03-01,72407.81,7385.6,10861.17,68932.24,Mobile App,Cancelled,Refund Pending,Kochi,Deluxe,1,Platinum,31019.51
BKG304584,CUST100487,HTL200431,2026-02-08,2026-03-18,2026-03-21,56987.26,5812.7,8548.09,54251.87,Mobile App,Cancelled,Refunded,Goa,Deluxe,5,Silver,24413.34
BKG304585,CUST100066,HTL200320,2026-05-13,2026-06-13,2026-06-16,17129.81,1644.46,3425.96,15348.31,Mobile App,Completed,Paid,Goa,Family Room,4,Gold,0.0
BKG304586,CUST100088,HTL200813,2026-01-30,2026-03-10,2026-03-14,51887.44,5603.84,5188.74,52302.54,  Mobile App  ,pending,Paid,PuNe,Standard,5,Blue,0.0
BKG304587,CUST101158,HTL200638,2026-05-12,2026-05-27,2026-06-01,27075.27,3249.03,0.0,30324.3,Mobile App,Completed,Paid,Hyderabad,Executive,2,Blue,0.0
BKG304588,CUST100201,HTL200492,2026-05-23,2026-06-24,2026-06-29,91540.25,10984.83,0.0,102525.08,Mobile App,Completed,Paid,Ahmedabad,Family Room,1,Platinum,0.0
BKG304589,CUST100427,HTL200950,2026-04-13,2026-05-12,2026-05-15,54187.52,6502.5,0.0,60690.02,Mobile App,No Show,Refund Pending,Goa,Family Room,3,Blue,0.0
BKG304590,CUST100939,HTL200605,2026-03-15,2026-04-18,2026-04-23,28519.45,3080.1,2851.95,28747.6,Mobile App,Completed,Paid,Pune,Deluxe,2,Blue,0.0
BKG304591,CUST100338,HTL200585,2026-02-24,2026-03-05,2026-03-09,9282.96,891.16,1856.59,8317.53,Mobile App,Confirmed,Paid,Jaipur,Family Room,3,Blue,0.0
BKG304592,CUST100078,HTL200127,2026-03-01,2026-04-05,2026-04-07,7915.61,902.38,395.78,8422.21,Mobile App,Cancelled,Refund Pending,Ahmedabad,Executive,1,Silver,5895.55
BKG304593,CUST100377,HTL200073,2026-01-24,2026-01-30,2026-02-02,27622.74,2817.52,4143.41,26296.85,mobile app,Completed,Paid,Pune,Executive,3,Blue,0.0
BKG304594,CUST100164,HTL200475,2026-01-22,2026-02-28,2026-03-01,6327.62,721.35,316.38,6732.59,Call Center,Confirmed,Paid,Bengaluru,Suite,1,Silver,0.0
BKG304595,CUST100748,HTL200451,2026-02-01,2026-02-15,2026-02-18,27280.51,3109.98,1364.03,29026.46,Mobile App,Confirmed,paid,Goa,Family Room,5,Blue,0.0
BKG304596,CUST100936,HTL200461,2026-04-05,2026-04-14,2026-04-17,46114.51,5257.05,2305.73,49065.83,Mobile App,Completed,Paid,Kochi,Suite,2,Gold,0.0
BKG304597,CUST100154,HTL200907,2026-03-24,2026-04-12,2026-04-14,37205.62,4241.44,1860.28,39586.78,Website,Confirmed,Paid,Manali,Executive,5,Blue,0.0
BKG304598,CUST101146,HTL200437,2026-01-03,2026-01-26,2026-02-01,93992.33,9587.22,14098.85,89480.7,Mobile App,  Check-in Denied  ,Refunded,Goa,Family Room,1,Gold,0.0
BKG304599,CUST101063,HTL200255,2026-03-11,2026-04-21,2026-04-27,93887.22,10703.14,4694.36,99896.0,MOBILE APP,Confirmed,Paid,Chennai,Deluxe,1,Silver,0.0
BKG304600,CUST100168,HTL200447,2026-05-10,2026-06-07,2026-06-08,5686.4,682.37,0.0,6368.77,Mobile App,Confirmed,Paid,Ahmedabad,Deluxe,5,Gold,0.0
BKG304601,CUST101093,HTL200101,2026-03-29,2026-04-14,2026-04-15,5174.52,527.8,776.18,4926.14,Call Center,Completed,Paid,Shimla,Family Room,5,Gold,0.0
BKG304602,CUST100791,HTL200558,2026-04-19,2026-05-15,2026-05-16,8364.17,802.96,1672.83,7494.3,Call Center,Cancelled,Paid,Agra,Suite,5,Gold,3372.44
BKG304603,CUST101002,HTL200676,2026-02-28,2026-04-07,2026-04-13,28689.0,3098.41,2868.9,28918.51,WeBsItE,Cancelled,Paid,Kolkata,Suite,2,Silver,20242.96
BKG304604,CUST100353,HTL200969,2026-03-18,2026-04-27,2026-05-04,53449.06,6413.89,0.0,59862.95,Website,Completed,Paid,Shimla,Deluxe,2,Gold,0.0
BKG304605,CUST100327,HTL200767,2026-01-14,2026-02-08,2026-02-10,4563.41,547.61,0.0,5111.02,Mobile App,No Show,Refund Pending,Kolkata,Suite,1,Blue,5111.02
BKG304606,CUST100497,HTL200936,2026-02-20,2026-03-27,2026-04-01,63261.22,7591.35,0.0,70852.57,Call Center,Completed,PAID,Jaipur,Deluxe,4,Blue,0.0
BKG304607,CUST100344,HTL200282,2026-05-19,2026-05-24,2026-05-25,8316.73,998.01,0.0,9314.74,Mobile App,Completed,  Paid  ,Hyderabad,Standard,5,Silver,0.0
BKG304608,CUST100642,HTL200937,2026-03-19,2026-03-26,2026-03-31,32402.35,3305.04,4860.35,30847.04,Mobile App,Cancelled,Refund Pending,Kolkata,Deluxe,3,Gold,30847.04
BKG304609,CUST100788,HTL200759,2026-03-21,2026-04-13,2026-04-17,22548.21,2705.79,0.0,25254.0,Mobile App,Confirmed,Partially Paid,Jaipur,Standard,3,Blue,0.0
BKG304610,CUST100376,HTL200203,2026-01-10,2026-02-04,2026-02-06,10334.92,1178.18,516.75,10996.35,Mobile App,No Show,Paid,Delhi,Family Room,3,Platinum,10996.35
BKG304611,CUST100433,HTL200085,2026-03-21,2026-03-22,2026-03-27,39876.65,4306.68,3987.67,40195.66,Mobile App,Completed,Paid,Varanasi,Standard,5,Blue,0.0
BKG304612,CUST100500,HTL200323,2026-05-04,2026-05-26,2026-06-01,23391.9,2385.97,3508.79,22269.08,Mobile App,No Show,Refunded,Kochi,Executive,4,Silver,0.0
BKG304613,CUST101108,HTL200924,2026-02-03,2026-02-07,2026-02-14,134469.18,16136.3,0.0,150605.48,Website,Confirmed,Partially Paid,Udaipur,Suite,4,Gold,0.0
BKG304614,CUST100520,HTL200163,2026-05-01,2026-05-29,2026-06-04,106360.18,12125.06,5318.01,113167.23,Mobile App,Check-in Denied,Refunded,Varanasi,Standard,2,Platinum,56583.62
BKG304615,CUST100561,HTL200876,2026-03-21,2026-04-04,2026-04-05,5652.82,678.34,0.0,6331.16,Website,Cancelled,Refund Pending,Goa,Executive,4,Silver,6331.16
BKG304616,CUST100512,HTL200056,2026-02-22,2026-03-27,2026-04-03,114501.72,13740.21,0.0,128241.93,Mobile App,  Completed  ,Paid,Hyderabad,Executive,3,Silver,0.0
BKG304617,CUST100515,HTL200205,2026-01-18,2026-01-22,2026-01-23,12257.05,1397.3,612.85,13041.5,Website,Completed,Paid,Agra,Suite,3,Blue,0.0
BKG304618,CUST100496,HTL200907,2026-04-12,2026-05-24,2026-05-31,108550.31,11723.43,10855.03,109418.71,Mobile App,Check-in Denied,Refund Pending,Manali,Deluxe,5,Blue,32825.61
BKG304619,CUST100601,HTL200428,2026-05-15,2026-05-26,2026-05-31,78898.92,9467.87,0.0,88366.79,Website,Completed,Paid,Kolkata,Executive,2,Platinum,0.0
BKG304620,CUST101014,HTL200147,2026-04-08,2026-05-17,2026-05-23,27816.06,3171.03,1390.8,29596.29,Mobile App,Completed,Paid,Ahmedabad,Standard,1,Blue,0.0
BKG304621,CUST101185,HTL200300,2026-02-14,2026-03-18,2026-03-23,81945.96,9833.52,0.0,91779.48,Mobile App,Cancelled,Refund Pending,Varanasi,Suite,2,Blue,64245.64
BKG304622,CUST100666,HTL200790,2026-02-04,2026-02-08,2026-02-12,24944.22,2394.65,4988.84,22350.03,Website,Confirmed,Paid,Udaipur,Standard,1,Silver,0.0
BKG304623,CUST100364,HTL200957,2026-04-24,2026-04-25,2026-04-27,31284.35,3378.71,3128.44,31534.62,Website,Confirmed,Paid,Delhi,Deluxe,2,Blue,0.0
BKG304624,CUST100966,HTL200981,2026-01-21,2026-02-16,2026-02-22,35570.53,3628.19,5335.58,33863.14,MOBILE APP,Cancelled,Refunded,Delhi,Suite,4,Blue,15238.41
BKG304625,CUST100363,HTL200289,2026-04-06,2026-05-09,2026-05-12,44968.55,5396.23,0.0,50364.78,mobile app,Confirmed,Paid,Bengaluru,Executive,2,Blue,0.0
BKG304626,CUST100107,HTL200020,2026-02-13,2026-03-02,2026-03-08,101654.74,10368.78,15248.21,96775.31,Mobile App,Cancelled,Paid,Ahmedabad,Standard,5,Blue,96775.31
BKG304627,CUST101037,HTL200946,2026-03-21,2026-04-17,2026-04-21,13872.08,1581.42,693.6,14759.9,Mobile App,Completed,Paid,Kolkata,Standard,1,Platinum,0.0
BKG304628,CUST101046,HTL200136,2026-02-25,2026-04-08,2026-04-14,30559.35,3667.12,0.0,34226.47,Partner Desk,Completed,Paid,Kolkata,Executive,4,Blue,0.0
BKG304629,CUST100622,HTL200969,2026-05-18,2026-05-23,2026-05-27,28383.51,3065.42,2838.35,28610.58,Mobile App,Confirmed,Paid,Shimla,Executive,4,Silver,0.0
BKG304630,CUST100320,HTL200368,2026-05-23,2026-05-30,2026-06-05,52972.21,5721.0,5297.22,53395.99,Website,Cancelled,Refunded,Agra,Deluxe,2,Blue,37377.19
BKG304631,CUST100509,HTL200521,2026-02-24,2026-03-21,2026-03-25,17613.97,1690.94,3522.79,15782.12,Website,Cancelled,Refunded,KOLKATA,Deluxe,4,Gold,15782.12
BKG304632,CUST100671,HTL200819,2026-02-12,2026-02-20,2026-02-27,20578.0,2098.96,3086.7,19590.26,Mobile App,Completed,Paid,MuMbAi,Executive,3,Blue,0.0
BKG304633,CUST101064,HTL200556,2026-02-19,2026-03-25,2026-03-26,8841.96,1061.03,0.0,9902.99,Mobile App,Completed,Payment Failed,Ahmedabad,Suite,3,Silver,0.0
BKG304634,CUST100303,HTL200435,2026-01-06,2026-02-16,2026-02-21,76507.02,8721.8,3825.35,81403.47,Mobile App,Confirmed,Paid,Varanasi,Executive,3,Gold,0.0
BKG304635,CUST100968,HTL200760,2026-03-03,2026-03-07,2026-03-13,42981.13,4899.85,2149.06,45731.92,Website,Cancelled,Paid,Pune,Executive,2,Blue,0.0
BKG304636,CUST100364,HTL200029,2026-02-24,2026-03-08,2026-03-10,14631.38,1755.77,0.0,16387.15,Mobile App,COMPLETED,Payment Failed,Chennai,Family Room,1,Gold,0.0
BKG304637,CUST100737,HTL200447,2026-05-20,2026-06-20,2026-06-21,6209.83,633.4,931.47,5911.76,Mobile App,Confirmed,Paid,Ahmedabad,Suite,2,Blue,0.0
BKG304638,CUST100988,HTL200224,2026-04-26,2026-05-07,2026-05-11,23879.65,2722.28,1193.98,25407.95,Mobile App,  Cancelled  ,Refunded,Agra,Suite,5,Blue,17785.56
BKG304639,CUST101020,HTL200385,2026-01-31,2026-03-09,2026-03-11,7360.25,706.58,1472.05,6594.78,Mobile App,  No Show  ,Refund Pending,ShImLa,Deluxe,4,Blue,3297.39
BKG304640,CUST100151,HTL200688,2026-03-15,2026-04-28,2026-04-29,6456.66,697.32,645.67,6508.31,Mobile App,Confirmed,Paid,Bengaluru,Deluxe,3,Blue,0.0
BKG304641,CUST100258,HTL200607,2026-02-03,2026-03-11,2026-03-14,25128.0,2864.59,1256.4,26736.19,Mobile App,Cancelled,Refunded,Kolkata,Deluxe,2,Silver,18715.33
BKG304642,CUST100706,HTL200428,2026-01-10,2026-02-01,2026-02-07,87521.53,10502.58,0.0,98024.11,Mobile App,Cancelled,Refund Pending,Kolkata,Standard,2,Blue,98024.11
BKG304643,CUST100222,HTL200528,2026-02-21,2026-02-22,2026-02-28,111205.14,13344.62,0.0,124549.76,Website,Pending,Paid,Jaipur,Suite,4,Blue,0.0
BKG304644,CUST100229,HTL200027,2026-03-19,2026-03-23,2026-03-27,56559.38,5769.06,8483.91,53844.53,  Mobile App  ,Confirmed,Paid,Kochi,Family Room,2,Blue,0.0
BKG304645,CUST100438,HTL200125,2026-01-03,2026-02-08,2026-02-09,1412.6,135.61,282.52,1265.69,Website,Completed,Paid,Hyderabad,Deluxe,3,Platinum,0.0
BKG304646,CUST100149,HTL200812,2026-05-15,2026-05-23,2026-05-24,8306.57,946.95,415.33,8838.19,mobile app,Pending,Paid,Chennai,Deluxe,4,Blue,0.0
BKG304647,CUST100909,HTL200784,2026-01-04,2026-01-29,2026-02-02,54113.99,5519.63,8117.1,51516.52,Partner Desk,Confirmed,Paid,Agra,Deluxe,1,Silver,0.0
BKG304648,CUST100977,HTL200498,2026-02-17,2026-03-17,2026-03-20,24594.51,2656.21,2459.45,24791.27,Mobile App,Completed,Paid,Kolkata,Deluxe,3,Silver,0.0
BKG304649,CUST101159,HTL200186,2026-03-15,2026-04-22,2026-04-28,53825.29,5167.23,10765.06,48227.46,  Mobile App  ,Completed,Paid,Delhi,Deluxe,5,Silver,0.0
BKG304650,CUST100634,HTL200653,2026-03-20,2026-04-25,2026-04-30,76619.79,9194.37,0.0,85814.16,Website,Completed,Paid,Agra,Standard,5,Gold,0.0
BKG304651,CUST100398,HTL200371,2026-05-24,2026-06-29,2026-07-02,23169.63,2502.32,2316.96,23354.99,Website,Confirmed,Payment Failed,Bengaluru,Family Room,4,Blue,0.0
BKG304652,CUST100621,HTL200137,2026-01-04,2026-02-16,2026-02-20,27419.0,3125.77,1370.95,29173.82,Mobile App,Check-in Denied,Paid,Shimla,Suite,3,Blue,0.0
BKG304653,CUST100142,HTL200993,2026-01-04,2026-02-14,2026-02-19,20237.33,2185.63,2023.73,20399.23,Mobile App,Confirmed,Paid,Ahmedabad,Family Room,3,Blue,0.0
BKG304654,CUST100947,HTL200973,2026-04-30,2026-05-04,2026-05-05,3185.63,382.28,0.0,3567.91,Website,Completed,Paid,Shimla,Executive,3,Blue,0.0
BKG304655,CUST101093,HTL200336,2026-04-29,2026-05-12,2026-05-19,50830.83,5794.71,2541.54,54084.0,Mobile App,Completed,Paid,Kolkata,Suite,5,Blue,0.0
BKG304656,CUST100053,HTL200740,2026-01-17,2026-02-24,2026-03-03,30887.36,3335.83,3088.74,31134.45,Website,Confirmed,Partially Paid,Pune,Deluxe,4,Gold,0.0
BKG304657,CUST100843,HTL200213,2026-04-06,2026-05-01,2026-05-04,50204.49,6024.54,0.0,56229.03,Call Center,Confirmed,Paid,Chennai,Executive,5,Blue,0.0
BKG304658,CUST100937,HTL200785,2026-03-11,2026-03-14,2026-03-21,115043.86,12424.74,11504.39,115964.21,Mobile App,Check-in Denied,Refund Pending,Manali,Executive,2,Blue,0.0
BKG304659,CUST100551,HTL200290,2026-04-07,2026-05-09,2026-05-12,54015.04,5833.63,5401.5,54447.17,Website,Completed,Paid,Agra,Executive,1,Blue,0.0
BKG304660,CUST101050,HTL200943,2026-01-08,2026-02-16,2026-02-23,41325.94,4215.25,6198.89,39342.3,Mobile App,Completed,Paid,Manali,Executive,5,Blue,0.0
BKG304661,CUST100298,HTL200569,2026-04-24,2026-04-25,2026-05-01,62766.09,7155.34,3138.3,66783.13,WEBSITE,Cancelled,Refunded,Bengaluru,Deluxe,4,Blue,66783.13
BKG304662,CUST100691,HTL200370,2026-01-05,2026-01-16,2026-01-23,61363.6,7363.63,0.0,68727.23,Mobile App,Confirmed,Paid,Goa,Executive,5,Blue,0.0
BKG304663,CUST100557,HTL200529,2026-02-16,2026-02-18,2026-02-24,18280.55,2083.98,914.03,19450.5,Mobile App,Cancelled,Paid,Pune,Family Room,2,Gold,8752.72
BKG304664,CUST100444,HTL200691,2026-02-09,2026-02-14,2026-02-19,51943.08,6233.17,0.0,58176.25,Website,Confirmed,Paid,Bengaluru,Deluxe,2,Platinum,0.0
BKG304665,CUST100097,HTL200669,2026-05-02,2026-05-24,2026-05-25,5710.73,616.76,571.07,5756.42,Mobile App,Cancelled,Refund Pending,Bengaluru,Executive,2,Silver,0.0
BKG304666,CUST101149,HTL200767,2026-05-15,2026-05-28,2026-05-31,7116.97,854.04,0.0,7971.01,Partner Desk,Confirmed,Paid,Kolkata,Executive,2,Gold,0.0
BKG304667,CUST100057,HTL200548,2026-05-20,2026-06-12,2026-06-17,90883.92,10360.77,4544.2,96700.49,Mobile App,Cancelled,Refunded,Agra,Family Room,1,Gold,43515.22
BKG304668,CUST100176,HTL200295,2026-04-04,2026-05-05,2026-05-08,10883.42,1306.01,0.0,12189.43,Mobile App,Cancelled,Refund Pending,Bengaluru,Standard,3,Silver,0.0
BKG304669,CUST100718,HTL200773,2026-01-28,2026-03-04,2026-03-11,113942.89,13673.15,0.0,127616.04,Mobile App,Completed,Paid,Goa,Standard,2,Gold,0.0
BKG304670,CUST100665,HTL200590,2026-03-18,2026-04-25,2026-05-01,90728.22,8709.91,18145.64,81292.49,Website,Confirmed,Partially Paid,Jaipur,Family Room,1,Platinum,0.0
BKG304671,CUST101050,HTL200418,2026-02-18,2026-03-31,2026-04-01,3804.19,365.2,760.84,3408.55,Mobile App,Confirmed,Paid,Goa,Standard,5,Silver,0.0
BKG304672,CUST100322,HTL200665,2026-03-27,2026-05-01,2026-05-08,95601.77,10324.99,9560.18,96366.58,Website,No Show,Paid,Udaipur,Suite,2,Silver,0.0
BKG304673,CUST100674,HTL200360,2026-02-23,2026-03-08,2026-03-09,12511.73,1501.41,0.0,14013.14,Mobile App,Confirmed,Paid,Kolkata,Suite,5,Blue,0.0
BKG304674,CUST100845,HTL200858,2026-01-18,2026-01-25,2026-01-27,13086.18,1334.79,1962.93,12458.04,Mobile App,Completed,Paid,Varanasi,Suite,5,Silver,0.0
BKG304675,CUST100089,HTL200157,2026-01-27,2026-02-01,2026-02-06,16644.04,1597.83,3328.81,14913.06,Website,Confirmed,Paid,Goa,Standard,4,Gold,0.0
BKG304676,CUST100130,HTL200074,2026-03-13,2026-04-11,2026-04-17,25415.47,2592.38,3812.32,24195.53,Mobile App,Pending,Paid,Pune,Suite,1,Gold,0.0
BKG304677,CUST101052,HTL200371,2026-05-14,2026-05-22,2026-05-28,51409.22,5552.2,5140.92,51820.5,Mobile App,Completed,Paid,BENGALURU,Suite,1,Silver,0.0
BKG304678,CUST100661,HTL200919,2026-05-02,2026-05-10,2026-05-16,54015.89,6481.91,0.0,60497.8,Partner Desk,Confirmed,Paid,Varanasi,Standard,2,Blue,0.0
BKG304679,CUST101109,HTL200889,2026-04-15,2026-04-22,2026-04-29,44949.9,5393.99,0.0,50343.89,Mobile App,  Completed  ,Payment Failed,Manali,Family Room,2,Platinum,0.0
BKG304680,CUST100057,HTL200566,2026-03-10,2026-03-29,2026-04-02,27966.62,2852.6,4194.99,26624.23,Website,Pending,Paid,Jaipur,Deluxe,2,Blue,0.0
BKG304681,CUST101080,HTL200717,2026-03-12,2026-04-20,2026-04-23,18472.58,1884.2,2770.89,17585.89,Website,Completed,Paid,Chennai,Suite,1,Silver,0.0
BKG304682,CUST100993,HTL200726,2026-05-30,2026-06-22,2026-06-23,6902.74,786.91,345.14,7344.51,Mobile App,Completed,Paid,Agra,Standard,5,Blue,0.0
BKG304683,CUST101048,HTL200520,2026-04-27,2026-06-02,2026-06-05,13731.29,1565.37,686.56,14610.1,Website,Confirmed,Paid,Ahmedabad,Deluxe,5,Blue,0.0
BKG304684,CUST100189,HTL200105,2026-02-01,2026-03-15,2026-03-18,31521.62,3404.33,3152.16,31773.79,Website,Confirmed,Paid,Chennai,Deluxe,2,Silver,0.0
BKG304685,CUST100958,HTL200829,2026-04-19,2026-05-21,2026-05-25,67289.33,6863.51,10093.4,64059.44,Website,Confirmed,Paid,Goa,Executive,5,Silver,0.0
BKG304686,CUST100075,HTL200366,2026-04-07,2026-04-11,2026-04-12,16274.71,1757.67,1627.47,16404.91,Mobile App,Completed,Paid,Agra,Deluxe,2,Blue,0.0
BKG304687,CUST100370,HTL200401,2026-01-01,2026-01-31,2026-02-02,22833.94,2466.07,2283.39,23016.62,CALL CENTER,cancelled,Refunded,Bengaluru,Suite,3,Gold,0.0
BKG304688,CUST100898,HTL200756,2026-04-18,2026-05-30,2026-06-05,52551.69,6306.2,0.0,58857.89,Website,No Show,Paid,JAIPUR,Family Room,5,Blue,17657.37
BKG304689,CUST100850,HTL200818,2026-04-24,2026-06-02,2026-06-07,53187.8,6382.54,0.0,59570.34,Mobile App,Cancelled,Refund Pending,Agra,Suite,1,Blue,26806.65
BKG304690,CUST100505,HTL200102,2026-02-10,2026-02-15,2026-02-18,4234.51,457.33,423.45,4268.39,Mobile App,Confirmed,Paid,Chennai,Executive,4,Blue,0.0
BKG304691,CUST100182,HTL200786,2026-01-08,2026-01-11,2026-01-15,21873.86,2231.13,3281.08,20823.91,Mobile App,Cancelled,Refund Pending,Kochi,Deluxe,1,Silver,0.0
BKG304692,CUST100153,HTL200324,2026-01-30,2026-02-21,2026-02-25,54446.29,6533.55,0.0,60979.84,Website,Completed,Payment Failed,Pune,Executive,1,Blue,0.0
BKG304693,CUST100902,HTL200372,2026-02-15,2026-03-15,2026-03-20,16491.8,1979.02,0.0,18470.82,Call Center,Completed,Paid,Chennai,Suite,4,Silver,0.0
BKG304694,CUST101046,HTL200337,2026-04-15,2026-05-07,2026-05-12,17611.84,1902.08,1761.18,17752.74,Mobile App,Completed,Paid,Varanasi,Suite,2,Silver,0.0
BKG304695,CUST100525,HTL200890,2026-04-06,2026-04-28,2026-05-05,79487.03,9061.52,3974.35,84574.2,Call Center,Confirmed,Paid,Varanasi,Suite,5,Blue,0.0
BKG304696,CUST100605,HTL200032,2026-03-02,2026-04-05,2026-04-06,2252.14,243.23,225.21,2270.16,Mobile App,Confirmed,Paid,Agra,Family Room,1,Blue,0.0
BKG304697,CUST100878,HTL200107,2026-05-21,2026-06-19,2026-06-22,26755.56,2889.6,2675.56,26969.6,Mobile App,  Completed  ,Paid,Pune,Suite,5,Blue,0.0
BKG304698,CUST101075,HTL200421,2026-03-30,2026-05-12,2026-05-15,19197.28,1958.12,2879.59,18275.81,Mobile App,Confirmed,Paid,Pune,Suite,4,Platinum,0.0
BKG304699,CUST100338,HTL200268,2026-05-06,2026-06-17,2026-06-22,32045.77,3268.67,4806.87,30507.57,  Mobile App  ,Completed,Paid,delhi,Deluxe,4,Platinum,0.0
BKG304700,CUST101064,HTL200944,2026-03-02,2026-03-15,2026-03-21,43983.93,5014.17,2199.2,46798.9,Mobile App,Confirmed,Paid,Bengaluru,Family Room,5,Platinum,0.0
BKG304701,CUST100517,HTL200072,2026-04-30,2026-05-07,2026-05-14,59896.2,6468.79,5989.62,60375.37,Website,No Show,Paid,Kolkata,Deluxe,5,Blue,60375.37
BKG304702,CUST100406,HTL200857,2026-05-01,2026-05-11,2026-05-13,13445.18,1613.42,0.0,15058.6,Mobile App,Check-in Denied,Paid,Chennai,Executive,4,Blue,7529.3
BKG304703,CUST100137,HTL200180,2026-02-17,2026-03-17,2026-03-20,18386.53,1875.43,2757.98,17503.98,Mobile App,Pending,Paid,Udaipur,Standard,2,Blue,0.0
BKG304704,CUST101122,HTL200896,2026-02-28,2026-03-04,2026-03-08,28596.83,2916.88,4289.52,27224.19,Website,No Show,Refund Pending,Kolkata,Deluxe,5,Gold,27224.19
BKG304705,CUST100340,HTL200779,2026-01-11,2026-02-12,2026-02-18,29849.36,3402.83,1492.47,31759.72,Website,Pending,Paid,goa,Family Room,3,Platinum,0.0
BKG304706,CUST100541,HTL200151,2026-01-25,2026-02-16,2026-02-21,57643.83,6917.26,0.0,64561.09,CaLl cEnTeR,Cancelled,Paid,CHENNAI,Deluxe,3,Silver,29052.49
BKG304707,CUST100224,HTL200511,2026-02-15,2026-03-07,2026-03-10,50753.61,6090.43,0.0,56844.04,Mobile App,Pending,Paid,Pune,Standard,5,Silver,0.0
BKG304708,CUST100260,HTL200896,2026-02-23,2026-03-15,2026-03-16,6157.72,665.03,615.77,6206.98,Partner Desk,Completed,Paid,Kolkata,Deluxe,1,Blue,0.0
BKG304709,CUST101102,HTL200067,2026-02-03,2026-02-09,2026-02-14,77568.59,9308.23,0.0,86876.82,Mobile App,cancelled,Refund Pending,Bengaluru,Standard,4,Gold,39094.57
BKG304710,CUST100696,HTL200902,2026-03-25,2026-04-03,2026-04-07,9458.49,1021.52,945.85,9534.16,Mobile App,Confirmed,Paid,Pune,Family Room,2,Silver,0.0
BKG304711,CUST100810,HTL200371,2026-05-15,2026-06-12,2026-06-13,7209.77,778.65,720.98,7267.44,Call Center,Cancelled,Paid,Bengaluru,Deluxe,3,Gold,3270.35
BKG304712,CUST100472,HTL200347,2026-03-03,2026-03-16,2026-03-23,104810.06,11319.49,10481.01,105648.54,Mobile App,Check-in Denied,Paid,Agra,Family Room,3,Silver,105648.54
BKG304713,CUST100076,HTL200996,2026-02-26,2026-03-29,2026-04-03,82233.39,8387.81,12335.01,78286.19,Website,Completed,Paid,Kochi,Family Room,1,Blue,0.0
BKG304714,CUST100261,HTL200708,2026-04-03,2026-05-12,2026-05-17,18932.74,2158.33,946.64,20144.43,Website,Confirmed,Paid,Jaipur,Executive,5,Silver,0.0
BKG304715,CUST101025,HTL200806,2026-04-26,2026-05-10,2026-05-13,40663.02,4147.63,6099.45,38711.2,Mobile App,Completed,Paid,Ahmedabad,Executive,1,Blue,0.0
BKG304716,CUST100016,HTL200031,2026-03-17,2026-04-08,2026-04-09,7909.61,949.15,0.0,8858.76,Website,Cancelled,refunded,Chennai,Deluxe,2,Silver,6201.13
BKG304717,CUST100343,HTL200944,2026-05-13,2026-06-19,2026-06-26,47817.11,5738.05,0.0,53555.16,Mobile App,Cancelled,Refunded,Bengaluru,Deluxe,5,Blue,24099.82
BKG304718,CUST101035,HTL200926,2026-03-17,2026-04-10,2026-04-15,54151.82,6173.31,2707.59,57617.54,Mobile App,  Completed  ,Paid,Goa,Family Room,3,Blue,0.0
BKG304719,CUST100939,HTL200619,2026-02-06,2026-02-14,2026-02-20,116049.89,12533.39,11604.99,116978.29,Website,Confirmed,Paid,SHIMLA,Executive,3,Blue,0.0
BKG304720,CUST100693,HTL200078,2026-05-24,2026-06-08,2026-06-12,13726.92,1647.23,0.0,15374.15,Partner Desk,Check-in Denied,Paid,KOCHI,Deluxe,4,Gold,15374.15
BKG304721,CUST100845,HTL200258,2026-01-30,2026-03-12,2026-03-13,17658.76,1907.15,1765.88,17800.03,Mobile App,Cancelled,Refund Pending,Delhi,Deluxe,2,Blue,17800.03
BKG304722,CUST101030,HTL200496,2026-02-11,2026-02-17,2026-02-23,108085.89,12321.79,5404.29,115003.39,Call Center,Confirmed,Paid,Chennai,Deluxe,3,Gold,0.0
BKG304723,CUST100245,HTL200877,2026-03-02,2026-03-25,2026-03-28,16137.09,1645.98,2420.56,15362.51,Mobile App,Cancelled,Refunded,  Goa  ,Executive,1,Blue,6913.13
BKG304724,CUST100985,HTL200174,2026-02-17,2026-03-14,2026-03-16,11359.38,1226.81,1135.94,11450.25,Mobile App,Confirmed,Paid,Udaipur,Deluxe,3,Blue,0.0
BKG304725,CUST101180,HTL200366,2026-03-25,2026-04-25,2026-05-02,96802.58,10454.68,9680.26,97577.0,Website,Confirmed,Partially Paid,Agra,Family Room,1,Gold,0.0
BKG304726,CUST100173,HTL200014,2026-04-03,2026-05-02,2026-05-07,16512.13,1585.16,3302.43,14794.86,Mobile App,No Show,Refund Pending,Goa,Deluxe,1,Silver,7397.43
BKG304727,CUST100845,HTL200050,2026-03-09,2026-04-01,2026-04-03,17255.01,1863.54,1725.5,17393.05,Partner Desk,No Show,paid,Jaipur,Suite,5,Blue,8696.52
BKG304728,CUST100692,HTL200106,2026-02-15,2026-02-25,2026-03-02,20690.56,2358.72,1034.53,22014.75,Website,Completed,Paid,Delhi,Standard,5,Gold,0.0
BKG304729,CUST101008,HTL200721,2026-04-23,2026-05-02,2026-05-08,97574.85,11123.53,4878.74,103819.64,Website,Confirmed,Paid,  Delhi  ,Family Room,3,Platinum,0.0
BKG304730,CUST100280,HTL200468,2026-01-28,2026-02-10,2026-02-13,29926.13,3232.02,2992.61,30165.54,Mobile App,Confirmed,Paid,Kochi,Deluxe,3,Silver,0.0
BKG304731,CUST100989,HTL200201,2026-03-18,2026-04-19,2026-04-22,29933.48,3592.02,0.0,33525.5,Website,No Show,Refunded,Kochi,Suite,1,Silver,0.0
BKG304732,CUST100236,HTL200788,2026-05-01,2026-06-11,2026-06-14,47944.35,5753.32,0.0,53697.67,Website,No Show,Paid,GOA,Executive,5,Blue,16109.3
BKG304733,CUST100156,HTL200217,2026-01-03,2026-01-04,2026-01-07,49726.57,5668.83,2486.33,52909.07,Mobile App,Completed,PaId,Pune,Family Room,3,Gold,0.0
BKG304734,CUST101022,HTL200040,2026-02-06,2026-02-07,2026-02-08,20108.19,2051.03,3016.23,19142.99,Call Center,Confirmed,  Paid  ,Kolkata,Family Room,5,Blue,0.0
BKG304735,CUST100337,HTL200887,2026-05-27,2026-07-03,2026-07-04,6200.13,744.02,0.0,6944.15,Mobile App,Confirmed,Paid,Hyderabad,Deluxe,2,Gold,0.0
BKG304736,CUST100336,HTL200770,2026-04-02,2026-05-12,2026-05-17,78001.62,9360.19,0.0,87361.81,Mobile App,No Show,Refund Pending,Hyderabad,Executive,1,Silver,43680.9
BKG304737,CUST101157,HTL200384,2026-03-24,2026-04-11,2026-04-12,10530.62,1263.67,0.0,11794.29,Mobile App,Confirmed,Paid,Udaipur,Deluxe,5,Blue,0.0
BKG304738,CUST100770,HTL200916,2026-01-17,2026-02-22,2026-02-27,48690.55,5258.58,4869.06,49080.07,Call Center,Completed,Payment Failed,Mumbai,Suite,3,Blue,0.0
BKG304739,CUST100494,HTL200714,2026-05-01,2026-06-01,2026-06-08,72147.17,7791.89,7214.72,72724.34,Mobile App,Cancelled,Paid,Pune,Standard,1,Silver,32725.95
BKG304740,CUST100546,HTL200335,2026-03-28,2026-03-29,2026-03-30,3185.03,343.98,318.5,3210.51,Mobile App,Confirmed,Paid,Pune,Executive,4,Blue,0.0
BKG304741,CUST100160,HTL200610,2026-02-09,2026-03-17,2026-03-18,8342.66,951.06,417.13,8876.59,Mobile App,Confirmed,Partially Paid,Chennai,Standard,1,Platinum,0.0
BKG304742,CUST100604,HTL200660,2026-03-14,2026-03-23,2026-03-24,3296.31,336.22,494.45,3138.08,Mobile App,Confirmed,Paid,Goa,Suite,2,Blue,0.0
BKG304743,CUST100386,HTL200104,2026-01-29,2026-02-20,2026-02-27,55405.1,6316.18,2770.25,58951.03,Mobile App,  Completed  ,Paid,Udaipur,Family Room,1,Blue,0.0
BKG304744,CUST100987,HTL200202,2026-02-11,2026-03-11,2026-03-15,60533.36,6900.8,3026.67,64407.49,Website,Cancelled,Paid,Delhi,Suite,5,Silver,0.0
BKG304745,CUST100233,HTL200509,2026-01-29,2026-02-24,2026-03-03,31300.97,3004.89,6260.19,28045.67,Mobile App,Completed,Paid,Agra,Standard,5,Silver,0.0
BKG304746,CUST100710,HTL200094,2026-03-07,2026-03-17,2026-03-20,11988.81,1150.93,2397.76,10741.98,Website,Confirmed,  Paid  ,Hyderabad,Executive,3,Silver,0.0
BKG304747,CUST100458,HTL200176,2026-05-04,2026-05-07,2026-05-14,67687.08,7310.2,6768.71,68228.57,Mobile App,Completed,Paid,Kolkata,Deluxe,3,Blue,0.0
BKG304748,CUST100412,HTL200064,2026-05-25,2026-05-27,2026-05-31,58391.33,5605.57,11678.27,52318.63,Mobile App,Confirmed,Paid,Hyderabad,Standard,1,Silver,0.0
BKG304749,CUST101041,HTL200552,2026-04-30,2026-06-06,2026-06-07,13964.57,1508.17,1396.46,14076.28,Website,Confirmed,Paid,Udaipur,Executive,1,Blue,0.0
BKG304750,CUST100071,HTL200223,2026-04-19,2026-05-20,2026-05-21,4617.54,526.4,230.88,4913.06,Mobile App,Completed,Paid,Shimla,Standard,1,Blue,0.0
BKG304751,CUST100377,HTL200578,2026-04-02,2026-05-05,2026-05-09,40348.79,4599.76,2017.44,42931.11,Mobile App,Check-in Denied,Refund Pending,Varanasi,Family Room,5,Blue,0.0
BKG304752,CUST100681,HTL200379,2026-04-22,2026-05-24,2026-05-30,74755.49,8073.59,7475.55,75353.53,Call Center,Cancelled,Paid,AgRa,Family Room,5,Silver,52747.47
BKG304753,CUST100833,HTL200254,2026-02-21,2026-04-05,2026-04-10,44485.93,4804.48,4448.59,44841.82,Mobile App,Cancelled,Refund Pending,  Varanasi  ,Deluxe,4,Blue,44841.82
BKG304754,CUST100150,HTL200991,2026-03-01,2026-03-13,2026-03-16,11692.08,1332.9,584.6,12440.38,Mobile App,Cancelled,Refund Pending,Chennai,Family Room,4,Blue,5598.17
BKG304755,CUST101103,HTL200297,2026-04-04,2026-04-07,2026-04-14,93227.49,9509.2,13984.12,88752.57,Mobile App,No Show,Paid,Agra,Suite,4,Blue,88752.57
BKG304756,CUST101129,HTL200580,2026-05-24,2026-06-19,2026-06-24,72653.98,8282.55,3632.7,77303.83,Mobile App,Cancelled,Refunded,Kochi,Deluxe,3,Blue,54112.68
BKG304757,CUST100719,HTL200952,2026-04-08,2026-04-22,2026-04-28,67471.2,8096.54,0.0,75567.74,Mobile App,Completed,Paid,KoLkAtA,Standard,5,Platinum,0.0
BKG304758,CUST100129,HTL200170,2026-01-14,2026-01-26,2026-01-29,14178.93,1701.47,0.0,15880.4,Website,Completed,PAID,Delhi,Suite,1,Gold,0.0
BKG304759,CUST101194,HTL200612,2026-02-20,2026-03-18,2026-03-20,23632.64,2268.73,4726.53,21174.84,Mobile App,Confirmed,Paid,Manali,Executive,1,Blue,0.0
BKG304760,CUST100405,HTL200651,2026-01-24,2026-02-09,2026-02-12,48009.08,4896.93,7201.36,45704.65,Mobile App,Completed,Paid,Delhi,Standard,4,Silver,0.0
BKG304761,CUST101056,HTL200717,2026-04-17,2026-04-25,2026-05-02,43378.81,4684.91,4337.88,43725.84,website,ChEcK-In dEnIeD,Refund Pending,Chennai,Family Room,3,Gold,0.0
BKG304762,CUST100535,HTL200831,2026-03-14,2026-04-11,2026-04-16,75004.02,7650.41,11250.6,71403.83,Mobile App,Completed,Paid,Goa,Standard,3,Blue,0.0
BKG304763,CUST100196,HTL200363,2026-05-27,2026-06-03,2026-06-06,19364.04,1975.13,2904.61,18434.56,Mobile App,Confirmed,Paid,Mumbai,Family Room,4,Silver,0.0
BKG304764,CUST100916,HTL200818,2026-03-25,2026-99-99,2026-04-11,27370.48,2627.57,5474.1,24523.95,Mobile App,Completed,Paid,Agra,Suite,1,Gold,0.0
BKG304765,CUST101069,HTL200072,2026-03-02,2026-04-12,2026-04-14,18508.59,2109.98,925.43,19693.14,Mobile App,Completed,Paid,Kolkata,Suite,3,Silver,0.0
BKG304766,CUST100273,HTL200059,2026-04-16,2026-05-22,2026-05-23,5991.88,647.12,599.19,6039.81,Mobile App,Check-in Denied,Refund Pending,Chennai,Suite,2,Gold,0.0
BKG304767,CUST100132,HTL200454,2026-04-04,2026-04-12,2026-04-19,107570.25,12908.43,0.0,120478.68,Mobile App,Confirmed,Paid,Agra,Deluxe,4,Blue,0.0
BKG304768,CUST100263,HTL200335,2026-03-04,2026-03-14,2026-03-16,5025.96,482.49,1005.19,4503.26,Call Center,Cancelled,Refunded,Pune,Family Room,1,Gold,0.0
BKG304769,CUST100366,HTL200667,2026-04-05,2026-04-20,2026-04-24,40670.2,3904.34,8134.04,36440.5,Mobile App,Cancelled,Refund Pending,Jaipur,Standard,2,Gold,36440.5
BKG304770,CUST100824,HTL200123,2026-02-04,2026-02-22,2026-02-27,84187.74,8587.15,12628.16,80146.73,Website,Pending,Paid,Udaipur,Standard,5,Gold,0.0
BKG304771,CUST100004,HTL200454,2026-03-08,2026-04-14,2026-04-18,63251.97,7210.72,3162.6,67300.09,Mobile App,Completed,Paid,Agra,Standard,1,Blue,0.0
BKG304772,CUST100268,HTL200013,2026-02-25,2026-04-07,2026-04-13,13228.72,1508.07,661.44,14075.35,Mobile App,No Show,Refunded,Ahmedabad,Deluxe,2,Silver,7037.68
BKG304773,CUST100850,HTL200415,2026-02-09,2026-03-24,2026-03-28,65660.91,7485.34,3283.05,69863.2,Mobile App,Confirmed,Paid,Goa,Deluxe,5,Blue,0.0
BKG304774,CUST100732,HTL200775,2026-05-14,2026-06-27,2026-07-02,32679.47,3725.46,1633.97,34770.96,Mobile App,  Confirmed  ,Partially Paid,Shimla,Family Room,3,Silver,0.0
BKG304775,CUST100068,HTL200026,2026-05-09,2026-06-13,2026-06-19,52119.05,5941.57,2605.95,55454.67,Mobile App,Confirmed,Paid,Mumbai,Deluxe,1,Blue,0.0
BKG304776,CUST100799,HTL200756,2026-01-24,2026-01-26,2026-01-30,42651.04,5118.12,0.0,47769.16,Call Center,Completed,Paid,Jaipur,Suite,1,Blue,0.0
BKG304777,CUST100357,HTL200049,2026-04-12,2026-05-04,2026-05-08,56373.5,5411.86,11274.7,50510.66,Partner Desk,Completed,Paid,Varanasi,Standard,3,Blue,0.0
BKG304778,CUST100324,HTL200186,2026-04-25,2026-05-10,2026-05-17,82404.14,9394.07,4120.21,87678.0,MoBiLe aPp,Confirmed,Paid,Delhi,Suite,1,Silver,0.0
BKG304779,CUST100750,HTL200056,2026-05-15,2026-06-21,2026-06-27,75925.15,7288.81,15185.03,68028.93,Mobile App,Completed,Partially Paid,  Hyderabad  ,Deluxe,4,Silver,0.0
BKG304780,CUST100255,HTL200770,2026-03-16,2026-04-24,2026-04-28,55985.84,6046.47,5598.58,56433.73,Mobile App,CoMpLeTeD,Paid,Hyderabad,Standard,2,Blue,0.0
BKG304781,CUST100418,HTL200666,2026-01-11,2026-02-16,2026-02-18,12024.33,1370.77,601.22,12793.88,WeBsItE,Completed,Paid,Manali,Executive,5,Blue,0.0
BKG304782,CUST100210,HTL200989,2026-02-05,2026-02-10,2026-02-15,12231.8,1467.82,0.0,13699.62,  Mobile App  ,Confirmed,Paid,Kochi,Suite,5,Platinum,0.0
BKG304783,CUST100910,HTL200033,2026-05-28,2026-06-12,2026-06-17,34086.92,3272.34,6817.38,30541.88,Mobile App,Check-in Denied,Paid,Agra,Executive,2,Blue,30541.88
BKG304784,,HTL200537,2026-03-04,2026-03-31,2026-04-05,39321.12,4010.75,5898.17,37433.7,Mobile App,Completed,Paid,Varanasi,Family Room,4,Blue,0.0
BKG304785,CUST100576,HTL200761,2026-03-21,2026-04-06,2026-04-10,46338.36,5560.6,0.0,51898.96,Mobile App,Confirmed,Paid,Kolkata,Suite,1,Blue,0.0
BKG304786,CUST100165,HTL200996,2026-03-29,2026-05-04,2026-05-06,28222.84,3386.74,0.0,31609.58,Mobile App,Cancelled,Refund Pending,Kochi,Standard,3,Blue,14224.31
BKG304787,CUST100213,HTL200935,2026-01-30,2026-03-09,2026-03-14,79364.97,8571.42,7936.5,79999.89,Call Center,Confirmed,Paid,Pune,Standard,3,Blue,0.0
BKG304788,CUST100528,HTL200370,2026-04-13,2026-05-01,2026-05-04,24769.55,2823.73,1238.48,26354.8,Mobile App,Completed,Paid,Goa,Executive,1,Blue,0.0
BKG304789,CUST101196,HTL200085,2026-04-22,2026-05-27,2026-06-01,45156.65,5418.8,0.0,50575.45,Mobile App,Confirmed,Paid,Varanasi,Standard,5,Silver,0.0
BKG304790,CUST101152,HTL200159,2026-03-25,2026-04-19,2026-04-20,12328.27,1331.45,1232.83,12426.89,Call Center,No Show,Paid,Bengaluru,Suite,2,Silver,6213.44
BKG304791,CUST100002,HTL200424,2026-05-30,2026-06-21,2026-06-24,31369.38,3387.89,3136.94,31620.33,Mobile App,Pending,Paid,Kochi,Deluxe,2,Silver,0.0
BKG304792,CUST100894,HTL200897,2026-04-15,2026-05-16,2026-05-21,57498.58,6554.84,2874.93,61178.49,Website,Confirmed,Partially Paid,Delhi,Deluxe,5,Blue,0.0
BKG304793,CUST100895,HTL200878,2026-01-21,2026-02-27,2026-03-03,50279.81,4826.86,10055.96,45050.71,Mobile App,Confirmed,Payment Failed,Chennai,Standard,2,Silver,0.0
BKG304794,CUST101093,HTL200711,2026-02-06,2026-03-12,2026-03-17,17397.47,1878.93,1739.75,17536.65,Mobile App,Confirmed,Paid,goa,Family Room,5,Blue,0.0
BKG304795,CUST100051,HTL200105,2026-01-27,2026-02-19,2026-02-21,20652.55,2106.56,3097.88,19661.23,Mobile App,Completed,Paid,Chennai,Suite,4,Gold,0.0
BKG304796,CUST100436,HTL200390,2026-04-12,2026-04-28,2026-04-30,16933.51,2032.02,0.0,18965.53,Mobile App,Confirmed,Paid,Jaipur,Family Room,1,Blue,0.0
BKG304797,CUST101021,HTL200511,2026-02-07,2026-02-13,2026-02-18,84543.37,9637.94,4227.17,89954.14,Mobile App,Cancelled,Paid,Pune,Executive,5,Platinum,62967.9
BKG304798,CUST100093,HTL200274,2026-03-01,2026-03-16,2026-03-23,26192.72,3143.13,0.0,29335.85,Mobile App,Completed,PAID,Delhi,Standard,4,Silver,0.0
BKG304799,CUST100586,HTL200288,2026-03-11,2026-03-29,2026-04-02,25866.19,2948.75,1293.31,27521.63,Mobile App,Completed,Paid,Kolkata,Executive,5,Blue,0.0
BKG304800,CUST100602,HTL200257,2026-02-01,2026-03-11,2026-03-15,25138.77,2413.32,5027.75,22524.34,WEBSITE,Completed,Paid,Mumbai,Family Room,4,Silver,0.0
BKG304801,CUST100085,HTL200962,2026-03-21,2026-04-03,2026-04-07,18624.75,1787.98,3724.95,16687.78,Mobile App,No Show,Paid,Chennai,Suite,4,Blue,16687.78
BKG304802,CUST100517,HTL200219,2026-05-11,2026-06-04,2026-06-09,28379.75,3065.01,2837.97,28606.79,Website,Confirmed,Partially Paid,Goa,Family Room,4,Silver,0.0
BKG304803,CUST100741,HTL200973,2026-04-12,2026-04-25,2026-04-30,14238.16,1623.15,711.91,15149.4,Mobile App,Cancelled,Paid,Shimla,Deluxe,1,Platinum,0.0
BKG304804,CUST100429,HTL200526,2026-04-12,2026-04-13,2026-04-14,2052.87,209.39,307.93,1954.33,Website,Completed,Paid,Shimla,Family Room,5,Silver,0.0
BKG304805,CUST100862,HTL200532,2026-01-30,2026-03-07,2026-03-09,8918.76,963.23,891.88,8990.11,Mobile App,Completed,PAID,Bengaluru,Family Room,5,Platinum,0.0
BKG304806,CUST100828,HTL200845,2026-01-22,2026-02-09,2026-02-16,38921.63,4670.6,0.0,43592.23,Mobile App,Completed,Paid,Manali,Family Room,5,Blue,0.0
BKG304807,CUST100042,HTL200058,2026-01-19,2026-02-21,2026-02-24,34612.37,3945.81,1730.62,36827.56,Mobile App,Confirmed,Partially Paid,Udaipur,Family Room,4,Silver,0.0
BKG304808,CUST100403,HTL200359,2026-01-31,2026-03-10,2026-03-13,54802.4,5918.66,5480.24,55240.82,Partner Desk,Cancelled,Refund Pending,Shimla,Suite,2,Silver,24858.37
BKG304809,CUST100168,HTL200593,2026-01-20,2026-03-04,2026-03-06,7450.35,894.04,0.0,8344.39,Partner Desk,Cancelled,ReFuNdEd,Shimla,Standard,2,Blue,5841.07
BKG304810,CUST100202,HTL200629,2026-05-27,2026-06-02,2026-06-08,98070.24,11768.43,0.0,109838.67,Mobile App,Confirmed,Partially Paid,Agra,Suite,5,Blue,0.0
BKG304811,CUST100705,HTL200112,2026-05-10,2026-05-27,2026-05-28,8700.37,1044.04,0.0,9744.41,Website,COMPLETED,Paid,Udaipur,Executive,2,Platinum,0.0
BKG304812,CUST100542,HTL200806,2026-02-09,2026-02-13,2026-02-15,27190.73,2936.6,2719.07,27408.26,Mobile App,Confirmed,Partially Paid,Ahmedabad,Deluxe,2,Silver,0.0
BKG304813,,HTL200275,2026-04-01,2026-04-15,2026-04-16,14172.77,1700.73,0.0,15873.5,mobile app,Completed,Paid,Varanasi,Standard,2,Gold,0.0
BKG304814,CUST100345,HTL200256,2026-03-13,2026-04-12,2026-04-18,33308.07,3597.27,3330.81,33574.53,Website,Cancelled,Refund Pending,Udaipur,Deluxe,4,Silver,0.0
BKG304815,CUST100602,HTL200328,2026-04-19,2026-05-09,2026-05-10,11986.91,1366.51,599.35,12754.07,Mobile App,CoMpLeTeD,Paid,Kochi,Deluxe,5,Silver,0.0
BKG304816,CUST100441,HTL200776,2026-01-27,2026-02-04,2026-02-08,33634.56,3834.34,1681.73,35787.17,Mobile App,Confirmed,Paid,UdAiPuR,Standard,5,Blue,0.0
BKG304817,CUST100249,HTL200234,2026-03-20,2026-03-22,2026-03-24,22545.12,2299.6,3381.77,21462.95,Mobile App,Confirmed,Paid,Kolkata,Standard,3,Silver,0.0
BKG304818,CUST100877,HTL200050,2026-05-20,2026-06-26,2026-06-29,33334.27,3800.11,1666.71,35467.67,Website,Cancelled,Refunded,Jaipur,Executive,3,Blue,0.0
BKG304819,CUST101112,HTL200677,2026-03-19,2026-03-23,2026-03-28,21192.22,2415.91,1059.61,22548.52,Mobile App,  Confirmed  ,Partially Paid,Goa,Suite,2,Silver,0.0
BKG304820,CUST100670,HTL200742,2026-01-17,2026-01-27,2026-02-02,60497.23,6170.72,9074.58,57593.37,Mobile App,Confirmed,Paid,Goa,Standard,5,Gold,0.0
BKG304821,CUST101153,HTL200220,2026-03-25,2026-04-14,2026-04-20,41129.84,4688.8,2056.49,43762.15,Mobile App,Completed,Paid,Bengaluru,Executive,2,Platinum,0.0
BKG304822,CUST100247,HTL200782,2026-05-18,2026-06-22,2026-06-27,66478.52,6780.81,9971.78,63287.55,Mobile App,Confirmed,Paid,Goa,Family Room,4,Silver,0.0
BKG304823,CUST100651,HTL200595,2026-05-27,2026-06-06,2026-06-08,23061.56,2629.02,1153.08,24537.5,Mobile App,Cancelled,Refund Pending,Shimla,Standard,5,Blue,24537.5
BKG304824,CUST100900,HTL200229,2026-03-29,2026-04-26,2026-05-03,109846.62,13181.59,0.0,123028.21,Call Center,Confirmed,Paid,Varanasi,Suite,4,Blue,0.0
BKG304825,CUST100090,HTL200808,2026-03-15,2026-03-30,2026-04-04,6515.12,703.63,651.51,6567.24,Mobile App,Completed,Paid,Goa,Family Room,4,Blue,0.0
BKG304826,CUST100567,HTL200221,2026-05-07,2026-06-12,2026-06-13,16702.6,1904.1,835.13,17771.57,Mobile App,Confirmed,Paid,Kochi,Family Room,5,Silver,0.0
BKG304827,CUST101188,HTL200942,2026-04-12,2026-04-13,2026-04-18,17791.92,2135.03,0.0,19926.95,Partner Desk,Cancelled,Refund Pending,Delhi,Family Room,2,Platinum,8967.13
BKG304828,CUST100547,HTL200665,2026-04-06,2026-04-28,2026-04-29,15652.63,1878.32,0.0,17530.95,Website,Completed,Paid,Udaipur,Family Room,3,Gold,0.0
BKG304829,CUST100079,HTL200053,2026-02-20,2026-03-19,2026-03-20,9359.71,1123.17,0.0,10482.88,Mobile App,Cancelled,Refund Pending,Mumbai,Deluxe,2,Silver,4717.3
BKG304830,CUST100933,HTL200630,2026-04-11,2026-05-10,2026-05-13,6975.96,753.4,697.6,7031.76,Mobile App,Completed,Paid,Varanasi,Suite,3,Platinum,0.0
BKG304831,CUST100980,HTL200709,2026-03-12,2026-03-27,2026-04-01,58574.04,5974.55,8786.11,55762.48,Partner Desk,Confirmed,Partially Paid,Bengaluru,Executive,1,Gold,0.0
BKG304832,CUST100869,HTL200934,2026-03-12,2026-03-22,2026-03-29,113221.89,11548.63,16983.28,107787.24,Mobile App,Confirmed,Paid,Chennai,Standard,3,Blue,0.0
BKG304833,CUST100168,HTL200272,2026-01-10,2026-01-30,2026-02-02,47217.35,5666.08,0.0,52883.43,Mobile App,Pending,Paid,Varanasi,Executive,5,Silver,0.0
BKG304834,CUST101116,HTL200197,2026-04-07,2026-04-29,2026-05-06,131262.77,14176.38,13126.28,132312.87,Mobile App,Completed,Paid,Chennai,Deluxe,3,Blue,0.0
BKG304835,CUST100623,HTL200127,2026-05-14,2026-05-23,2026-05-28,17450.11,2094.01,0.0,19544.12,Mobile App,Completed,PAID,Ahmedabad,Family Room,1,Blue,0.0
BKG304836,CUST100378,HTL200603,2026-01-06,2026-02-07,2026-02-14,69432.64,7498.73,6943.26,69988.11,Mobile App,No Show,Refund Pending,Agra,Standard,3,Silver,20996.43
BKG304837,CUST100193,HTL200008,2026-03-18,2026-04-04,2026-04-05,11636.51,1186.92,1745.48,11077.95,Website,Confirmed,Paid,Shimla,Suite,2,Gold,0.0
BKG304838,CUST100263,HTL200986,2026-03-18,2026-04-29,2026-05-06,131849.19,15821.9,0.0,147671.09,Website,  Completed  ,Paid,Varanasi,Standard,3,Silver,0.0
BKG304839,CUST100520,HTL200226,2026-01-02,2026-01-21,2026-01-26,35891.51,3445.58,7178.3,32158.79,Mobile App,Confirmed,Paid,Bengaluru,Standard,5,Platinum,0.0
BKG304840,CUST100918,HTL200557,2026-02-20,2026-04-01,2026-04-07,19276.67,1966.22,2891.5,18351.39,Website,Confirmed,Paid,Delhi,Executive,5,Silver,0.0
BKG304841,CUST100478,HTL200133,2026-05-27,2026-06-23,2026-06-29,84275.47,9101.75,8427.55,84949.67,Mobile App,CoNfIrMeD,Partially Paid,Kolkata,Family Room,4,Blue,0.0
BKG304842,CUST101152,HTL200963,2026-05-01,2026-06-07,2026-06-10,48455.16,5233.16,4845.52,48842.8,Website,Cancelled,Paid,Bengaluru,Suite,2,Blue,34189.96
BKG304843,CUST100573,HTL200015,2026-05-08,2026-06-11,2026-06-15,5154.53,525.76,773.18,4907.11,Mobile App,Completed,Paid,Goa,Standard,2,Blue,0.0
BKG304844,CUST100842,HTL200214,2026-01-02,2026-01-12,2026-01-18,111090.73,10664.71,22218.15,99537.29,Website,Confirmed,Paid,Mumbai,Deluxe,3,Gold,0.0
BKG304845,CUST101195,HTL200111,2026-02-20,2026-03-22,2026-03-29,81845.22,8348.21,12276.78,77916.65,Mobile App,Confirmed,Partially Paid,Ahmedabad,Deluxe,3,Platinum,0.0
BKG304846,CUST101111,HTL200854,2026-03-11,2026-04-01,2026-04-04,44654.35,5090.6,2232.72,47512.23,Mobile App,confirmed,Paid,Goa,Family Room,5,Blue,0.0
BKG304847,CUST100895,HTL200156,2026-01-20,2026-99-99,2026-02-17,56180.35,6067.48,5618.04,56629.79,Mobile App,No Show,Paid,Jaipur,Standard,4,Gold,0.0
BKG304848,CUST101106,HTL200424,2026-01-23,2026-02-26,2026-03-02,36940.17,4211.18,1847.01,39304.34,Mobile App,Completed,Paid,Kochi,Family Room,1,Blue,0.0
BKG304849,CUST100516,HTL200451,2026-02-23,2026-03-04,2026-03-06,17861.06,1714.66,3572.21,16003.51,Mobile App,No Show,Refund Pending,Goa,Standard,3,Blue,0.0
BKG304850,CUST101023,HTL200317,2026-05-23,2026-06-26,2026-06-29,55520.41,5663.08,8328.06,52855.43,Mobile App,Cancelled,Paid,Mumbai,Suite,2,Platinum,0.0
BKG304851,CUST100895,HTL200359,2026-05-14,2026-05-26,2026-06-01,95096.31,10270.4,9509.63,95857.08,Mobile App,Cancelled,Paid,Shimla,Deluxe,3,Blue,43135.69
BKG304852,CUST100464,HTL200375,2026-05-16,2026-06-06,2026-06-12,90870.86,9268.83,13630.63,86509.06,Mobile App,CONFIRMED,Paid,Ahmedabad,Executive,4,Silver,0.0
BKG304853,CUST100612,HTL200935,2026-02-26,2026-03-18,2026-03-23,67614.49,6896.68,10142.17,64369.0,Mobile App,Confirmed,Paid,Pune,Family Room,2,Silver,0.0
BKG304854,CUST101164,HTL200957,2026-04-25,2026-05-01,2026-05-05,71302.1,8556.25,0.0,79858.35,Mobile App,Completed,Paid,delhi,Suite,4,Gold,0.0
BKG304855,CUST100604,HTL200919,2026-05-29,2026-07-04,2026-07-10,62036.9,6699.99,6203.69,62533.2,Mobile App,Completed,Paid,Varanasi,Deluxe,2,Gold,0.0
BKG304856,CUST100620,HTL200901,2026-05-03,2026-05-15,2026-05-20,28519.79,3251.26,1425.99,30345.06,Mobile App,Completed,Paid,Kolkata,Suite,3,Silver,0.0
BKG304857,CUST100999,HTL200295,2026-02-05,2026-03-18,2026-03-22,17744.89,1809.98,2661.73,16893.14,Mobile App,Confirmed,paid,Bengaluru,Executive,4,Silver,0.0
BKG304858,CUST100554,HTL200197,2026-03-12,2026-04-12,2026-04-15,53393.1,6086.81,2669.65,56810.26,Mobile App,Pending,Paid,Chennai,Standard,5,Silver,0.0
BKG304859,CUST100135,HTL200569,2026-03-10,2026-03-12,2026-03-15,33753.8,3645.41,3375.38,34023.83,Mobile App,Confirmed,Paid,Bengaluru,Standard,2,Blue,0.0
BKG304860,CUST100329,HTL200397,2026-02-27,2026-03-15,2026-03-20,66824.73,7618.02,3341.24,71101.51,Website,Confirmed,Paid,Varanasi,Suite,4,Blue,0.0
BKG304861,CUST100954,HTL200589,2026-03-04,2026-03-05,2026-03-08,23476.02,2817.12,0.0,26293.14,Website,Completed,Paid,Udaipur,Suite,4,Gold,0.0
BKG304862,CUST100394,HTL200241,2026-01-16,2026-01-20,2026-01-25,67088.5,8050.62,0.0,75139.12,Mobile App,Confirmed,Paid,Kolkata,Family Room,1,Blue,0.0
BKG304863,CUST100155,HTL200428,2026-05-14,2026-05-15,2026-05-16,15879.4,1905.53,0.0,17784.93,Mobile App,confirmed,Paid,Kolkata,Suite,1,Silver,0.0
BKG304864,CUST101062,HTL200878,2026-03-19,2026-04-23,2026-04-30,82186.66,9862.4,0.0,92049.06,Mobile App,Confirmed,Paid,Chennai,Standard,3,Blue,0.0
BKG304865,CUST100869,HTL200610,2026-05-02,2026-05-15,2026-05-19,31865.86,3441.51,3186.59,32120.78,Mobile App,Confirmed,Paid,Chennai,Suite,5,Blue,0.0
BKG304866,CUST100537,HTL200005,2026-01-02,2026-02-13,2026-02-18,8069.49,871.5,806.95,8134.04,  Call Center  ,Confirmed,paid,Varanasi,Deluxe,5,Silver,0.0
BKG304867,CUST101069,HTL200790,2026-04-24,2026-05-25,2026-05-29,27988.07,3358.57,0.0,31346.64,Mobile App,Confirmed,Paid,Udaipur,Deluxe,4,Silver,0.0
BKG304868,CUST100667,HTL200317,2026-04-24,2026-05-14,2026-05-15,17458.63,1885.53,1745.86,17598.3,Website,Completed,Paid,Mumbai,Standard,4,Silver,0.0
BKG304869,CUST100243,HTL200211,2026-05-04,2026-05-11,2026-05-15,49616.47,5358.58,4961.65,50013.4,Call Center,Completed,Paid,Kochi,Suite,4,Silver,0.0
BKG304870,CUST100546,HTL200272,2026-05-26,2026-07-05,2026-07-10,78253.17,9390.38,0.0,87643.55,Mobile App,Completed,Partially Paid,Varanasi,Suite,2,Blue,0.0
BKG304871,CUST100449,HTL200083,2026-03-27,2026-04-29,2026-05-06,77540.95,8839.67,3877.05,82503.57,Mobile App,Completed,Paid,Mumbai,Suite,3,Silver,0.0
BKG304872,CUST100277,HTL200623,2026-05-09,2026-06-06,2026-06-13,71679.9,7741.43,7167.99,72253.34,Mobile App,  Confirmed  ,Paid,Mumbai,Deluxe,3,Blue,0.0
BKG304873,CUST100753,HTL200709,2026-01-21,2026-03-06,2026-03-09,28991.69,3479.0,0.0,32470.69,Mobile App,Confirmed,Payment Failed,Bengaluru,Standard,1,Blue,0.0
BKG304874,CUST100405,HTL200359,2026-01-01,2026-02-14,2026-02-21,122686.32,14722.36,0.0,137408.68,Mobile App,No Show,Refund Pending,Shimla,Family Room,4,Blue,68704.34
BKG304875,CUST100770,HTL200380,2026-05-12,2026-06-01,2026-06-08,109559.27,10517.69,21911.85,98165.11,Call Center,Completed,Partially Paid,Agra,Deluxe,4,Blue,0.0
BKG304876,CUST101069,HTL200539,2026-02-27,2026-03-31,2026-04-04,7149.9,772.19,714.99,7207.1,Call Center,Confirmed,Paid,Ahmedabad,Standard,2,Blue,0.0
BKG304877,CUST100748,HTL200140,2026-01-01,2026-01-10,2026-01-14,37798.6,4309.04,1889.93,40217.71,Website,Pending,Partially Paid,Delhi,Standard,4,Blue,0.0
BKG304878,CUST100771,HTL200924,2026-05-21,2026-06-24,2026-06-30,114339.26,12348.64,11433.93,115253.97,Website,Cancelled,Refund Pending,Udaipur,Family Room,4,Blue,0.0
BKG304879,CUST100237,HTL200509,2026-01-07,2026-01-21,2026-01-27,32222.9,3286.74,4833.44,30676.2,Mobile App,Confirmed,Paid,Agra,Executive,3,Blue,0.0
BKG304880,CUST101190,HTL200172,2026-02-20,2026-02-24,2026-02-25,12546.36,1279.73,1881.95,11944.14,Mobile App,Pending,Partially Paid,Manali,Family Room,4,Silver,0.0
BKG304881,CUST100200,HTL200019,2026-01-03,2026-02-01,2026-02-03,8560.04,975.85,428.0,9107.89,Mobile App,Completed,Paid,Hyderabad,Family Room,2,Silver,0.0
BKG304882,CUST100745,HTL200953,2026-01-31,2026-02-15,2026-02-22,27783.99,3167.38,1389.2,29562.17,Mobile App,Pending,Paid,Udaipur,Standard,2,Platinum,0.0
BKG304883,CUST100231,HTL200976,2026-04-10,2026-04-27,2026-04-30,29471.52,3182.92,2947.15,29707.29,Mobile App,confirmed,Paid,Ahmedabad,Executive,5,Platinum,0.0
BKG304884,CUST100723,HTL200628,2026-03-03,2026-03-22,2026-03-29,72550.69,8706.08,0.0,81256.77,Mobile App,Confirmed,Paid,Mumbai,Executive,5,Platinum,0.0
BKG304885,CUST101177,HTL200502,2026-04-18,2026-05-26,2026-05-31,82156.79,7887.05,16431.36,73612.48,Mobile App,Completed,Paid,  Manali  ,Suite,1,Blue,0.0
BKG304886,CUST100724,HTL200565,2026-02-24,2026-03-05,2026-03-06,18436.22,2101.73,921.81,19616.14,MoBiLe aPp,Confirmed,Payment Failed,Ahmedabad,Family Room,2,Blue,0.0
BKG304887,CUST100086,HTL200226,2026-02-13,2026-03-12,2026-03-17,36754.86,4190.05,1837.74,39107.17,Mobile App,Confirmed,Paid,Bengaluru,Family Room,2,Gold,0.0
BKG304888,CUST100702,HTL200108,2026-03-22,2026-04-06,2026-04-11,32388.35,3303.61,4858.25,30833.71,Website,CANCELLED,Refunded,Pune,Executive,3,Blue,13875.17
BKG304889,CUST100819,HTL200742,2026-01-30,2026-03-08,2026-03-12,47116.27,5653.95,0.0,52770.22,Mobile App,Confirmed,Paid,Goa,Executive,5,Silver,0.0
BKG304890,CUST100053,HTL200319,2026-03-07,2026-04-04,2026-04-05,15106.56,1812.79,0.0,16919.35,Mobile App,No Show,Refund Pending,Ahmedabad,Executive,1,Gold,5075.8
BKG304891,CUST101065,HTL200307,2026-05-16,2026-05-20,2026-05-21,8197.4,885.32,819.74,8262.98,Website,Completed,Paid,Udaipur,Standard,3,Silver,0.0
BKG304892,CUST100741,HTL200740,2026-01-14,2026-02-04,2026-02-10,22803.62,2599.61,1140.18,24263.05,Mobile App,No Show,Paid,Pune,Standard,3,Silver,24263.05
BKG304893,CUST100693,HTL200810,2026-04-11,2026-05-15,2026-05-18,49883.46,5387.41,4988.35,50282.52,Website,Completed,Paid,Bengaluru,Standard,5,Blue,0.0
BKG304894,CUST100435,HTL200086,2026-04-16,2026-05-05,2026-05-07,32456.47,3894.78,0.0,36351.25,Mobile App,Completed,Paid,Jaipur,Family Room,3,Blue,0.0
BKG304895,CUST101164,HTL200785,2026-04-13,2026-05-20,2026-05-25,78500.32,8949.04,3925.02,83524.34,Website,Confirmed,Paid,Manali,Executive,5,Silver,0.0
BKG304896,CUST100593,HTL200227,2026-03-03,2026-03-07,2026-03-14,116247.65,13949.72,0.0,130197.37,Website,Completed,Paid,Pune,Standard,2,Silver,0.0
BKG304897,CUST100441,HTL200851,2026-03-16,2026-04-22,2026-04-25,47300.28,5108.43,4730.03,47678.68,Website,Confirmed,Paid,Hyderabad,Suite,2,Gold,0.0
BKG304898,CUST100166,HTL200309,2026-03-20,2026-04-21,2026-04-28,62836.71,7540.41,0.0,70377.12,Mobile App,Confirmed,Paid,Chennai,Executive,5,Gold,0.0
BKG304899,CUST100565,HTL200827,2026-04-17,2026-04-29,2026-05-05,14614.17,1666.01,730.71,15549.47,Mobile App,Confirmed,Paid,Ahmedabad,Executive,4,Platinum,0.0
BKG304900,CUST100072,HTL200378,2026-04-06,2026-05-17,2026-05-20,13745.19,1402.01,2061.78,13085.42,Website,Confirmed,Paid,Kolkata,Executive,4,Platinum,0.0
BKG304901,CUST100724,HTL200582,2026-02-09,2026-02-25,2026-03-02,24741.58,2523.64,3711.24,23553.98,Mobile App,Confirmed,Paid,KOCHI,Standard,1,Silver,0.0
BKG304902,CUST100947,HTL200739,2026-05-21,2026-06-04,2026-06-08,42760.35,4618.12,4276.04,43102.43,Website,Cancelled,Refund Pending,Pune,Deluxe,4,Silver,43102.43
BKG304903,CUST100269,HTL200384,2026-04-17,2026-04-18,2026-04-22,47678.76,5435.38,2383.94,50730.2,Website,CONFIRMED,Paid,Udaipur,Suite,1,Gold,0.0
BKG304904,CUST100218,HTL200112,2026-01-17,2026-02-18,2026-02-23,43323.08,4678.89,4332.31,43669.66,Mobile App,Confirmed,Partially Paid,Udaipur,Suite,5,Blue,0.0
BKG304905,CUST100546,HTL200292,2026-01-15,2026-02-05,2026-02-11,29334.29,3168.1,2933.43,29568.96,Call Center,No Show,Paid,Jaipur,Deluxe,5,Blue,0.0
BKG304906,CUST101101,HTL200304,2026-01-16,2026-01-20,2026-01-26,90923.51,9274.2,13638.53,86559.18,Mobile App,Completed,Paid,Kochi,Suite,5,Gold,0.0
BKG304907,CUST100307,HTL200290,2026-01-13,2026-01-22,2026-01-23,16918.09,1725.65,2537.71,16106.03,Website,No Show,Paid,AgRa,Standard,1,Platinum,16106.03
BKG304908,CUST100420,HTL200104,2026-02-05,2026-02-27,2026-03-01,13427.38,1289.03,2685.48,12030.93,Website,No Show,Refund Pending,Udaipur,Executive,3,Gold,6015.46
BKG304909,CUST100848,HTL200962,2026-02-12,2026-02-24,2026-03-03,28801.3,2937.73,4320.2,27418.83,Mobile App,Confirmed,Paid,Chennai,Deluxe,1,Blue,0.0
BKG304910,CUST100885,HTL200290,2026-04-24,2026-05-24,2026-05-28,56896.48,6827.58,0.0,63724.06,MoBiLe aPp,Check-in Denied,Refund Pending,agra,Executive,3,Blue,0.0
BKG304911,CUST100461,HTL200476,2026-03-15,2026-04-14,2026-04-16,34135.98,3686.69,3413.6,34409.07,Website,Confirmed,Partially Paid,GoA,Suite,2,Blue,0.0
BKG304912,CUST100584,HTL200520,2026-03-22,2026-04-23,2026-04-26,14203.18,1448.72,2130.48,13521.42,Mobile App,Check-in Denied,Refund Pending,Ahmedabad,Family Room,2,Blue,6760.71
BKG304913,CUST100915,HTL200676,2026-04-04,2026-05-10,2026-05-17,33820.25,3449.66,5073.04,32196.87,Mobile App,Completed,Partially Paid,Kolkata,Suite,3,Blue,0.0
BKG304914,CUST100037,HTL200059,2026-05-21,2026-05-28,2026-06-04,43554.02,4181.19,8710.8,39024.41,Website,Completed,Partially Paid,Chennai,Suite,3,Blue,0.0
BKG304915,CUST100425,HTL200311,2026-01-30,2026-02-16,2026-02-23,49389.18,5630.37,2469.46,52550.09,Mobile App,Cancelled,Paid,kolkata,Deluxe,4,Silver,23647.54
BKG304916,CUST100433,HTL200105,2026-01-30,2026-01-31,2026-02-03,25327.01,2735.32,2532.7,25529.63,Mobile App,No Show,Refund Pending,Chennai,Executive,3,Blue,12764.82
BKG304917,CUST101054,HTL200622,2026-01-10,2026-01-24,2026-01-29,56348.6,6761.83,0.0,63110.43,Mobile App,CoMpLeTeD,Paid,Udaipur,Deluxe,3,Platinum,0.0
BKG304918,CUST100204,HTL200088,2026-04-09,2026-05-23,2026-05-28,74904.84,8089.72,7490.48,75504.08,Mobile App,Completed,Paid,JaIpUr,Standard,5,Blue,0.0
BKG304919,CUST100704,HTL200267,2026-04-04,2026-05-18,2026-05-23,66935.74,7630.67,3346.79,71219.62,Website,Confirmed,Partially Paid,  Kolkata  ,Executive,1,Blue,0.0
BKG304920,CUST100741,HTL200741,2026-02-08,2026-03-18,2026-03-25,71476.09,6861.7,14295.22,64042.57,Website,Cancelled,Refunded,BENGALURU,Standard,3,Gold,0.0
BKG304921,CUST100039,HTL200838,2026-02-06,2026-03-04,2026-03-10,57870.9,5902.83,8680.63,55093.1,Call Center,Confirmed,Paid,HYDERABAD,Standard,5,Gold,0.0
BKG304922,CUST100840,HTL200582,2026-05-11,2026-06-07,2026-06-11,19894.79,2029.27,2984.22,18939.84,Mobile App,Cancelled,Refunded,Kochi,Deluxe,3,Platinum,13257.89
BKG304923,CUST100905,HTL200118,2026-03-30,2026-04-15,2026-04-17,8379.1,1005.49,0.0,9384.59,Website,Completed,Paid,Mumbai,Suite,4,Silver,0.0
BKG304924,CUST101180,HTL200899,2026-01-14,2026-01-21,2026-01-24,7720.62,880.15,386.03,8214.74,Mobile App,Completed,PaRtIaLlY PaId,Delhi,Family Room,3,Platinum,0.0
BKG304925,CUST100167,HTL200444,2026-02-08,2026-03-12,2026-03-14,27211.61,2938.85,2721.16,27429.3,Mobile App,Completed,Paid,GoA,Suite,3,Silver,0.0
BKG304926,CUST100641,HTL200428,2026-05-10,2026-06-04,2026-06-08,58636.17,7036.34,0.0,65672.51,Website,Cancelled,Refunded,Kolkata,Suite,5,Blue,45970.76
BKG304927,CUST101105,HTL200350,2026-02-12,2026-03-15,2026-03-22,120984.54,14518.14,0.0,135502.68,Mobile App,Check-in Denied,Paid,Manali,Executive,3,Silver,135502.68
BKG304928,CUST100686,HTL200945,2026-05-11,2026-05-27,2026-05-29,32285.36,3293.11,4842.8,30735.67,Mobile App,Confirmed,Paid,Pune,Deluxe,5,Blue,0.0
BKG304929,CUST100599,HTL200305,2026-01-08,2026-02-18,2026-02-25,58819.26,7058.31,0.0,65877.57,Mobile App,Check-in Denied,Refunded,Shimla,Executive,1,Silver,19763.27
BKG304930,CUST100101,HTL200614,2026-04-06,2026-04-20,2026-04-22,8530.1,1023.61,0.0,9553.71,Website,Pending,Paid,ShImLa,Family Room,5,Blue,0.0
BKG304931,CUST100759,HTL200201,2026-03-06,2026-03-31,2026-04-06,53661.81,5795.48,5366.18,54091.11,Website,Cancelled,Refund Pending,Kochi,Deluxe,1,Blue,37863.78
BKG304932,CUST100717,HTL200943,2026-03-20,2026-04-19,2026-04-24,30618.94,2939.42,6123.79,27434.57,Mobile App,No Show,Paid,Manali,Suite,3,Blue,8230.37
BKG304933,CUST100088,HTL200022,2026-05-12,2026-05-19,2026-05-25,10257.34,1046.25,1538.6,9764.99,Mobile App,Cancelled,Refunded,Bengaluru,Standard,1,Silver,6835.49
BKG304934,CUST100344,HTL200089,2026-03-09,2026-03-21,2026-03-27,93197.39,8946.95,18639.48,83504.86,Mobile App,Confirmed,PaId,Chennai,Suite,2,Blue,0.0
BKG304935,CUST100799,HTL200470,2026-04-02,2026-04-05,2026-04-12,23909.72,2582.25,2390.97,24101.0,Mobile App,Completed,Paid,Mumbai,Suite,2,Blue,0.0
BKG304936,CUST100607,HTL200092,2026-01-10,2026-02-06,2026-02-08,15992.97,1823.2,799.65,17016.52,Website,Cancelled,Refunded,Varanasi,Deluxe,5,Blue,11911.56
BKG304937,CUST100158,HTL200775,2026-03-16,2026-04-04,2026-04-06,11781.17,1130.99,2356.23,10555.93,Partner Desk,Check-in Denied,Paid,Shimla,Suite,4,Blue,5277.96
BKG304938,CUST101137,HTL200978,2026-03-02,2026-04-14,2026-04-20,68046.16,7757.26,3402.31,72401.11,Call Center,Completed,Paid,Ahmedabad,Family Room,3,Silver,0.0
BKG304939,CUST100535,HTL200284,2026-02-16,2026-03-25,2026-03-27,40589.95,4627.25,2029.5,43187.7,Website,Cancelled,Paid,Shimla,Suite,2,Blue,0.0
BKG304940,CUST100162,HTL200682,2026-01-03,2026-02-14,2026-02-20,39935.13,4552.6,1996.76,42490.97,Website,Cancelled,Refund Pending,Shimla,Standard,4,Silver,29743.68
BKG304941,CUST100285,HTL200308,2026-04-13,2026-04-20,2026-04-21,1606.17,163.83,240.93,1529.07,Website,Confirmed,Paid,Kochi,Deluxe,5,Blue,0.0
BKG304942,CUST100864,HTL200901,2026-01-17,2026-02-02,2026-02-08,39769.7,4056.51,5965.46,37860.75,Call Center,CONFIRMED,Paid,  Kolkata  ,Family Room,1,Platinum,0.0
BKG304943,CUST100054,HTL200732,2026-01-22,2026-02-23,2026-02-26,6786.27,773.63,339.31,7220.59,Website,Cancelled,Refunded,Delhi,Deluxe,3,Blue,0.0
BKG304944,CUST100575,HTL200535,2026-04-26,2026-05-04,2026-05-07,40225.91,4585.75,2011.3,42800.36,Mobile App,Confirmed,Paid,Hyderabad,Standard,1,Blue,0.0
BKG304945,CUST100032,HTL200375,2026-04-01,2026-04-14,2026-04-16,24720.57,2521.5,3708.09,23533.98,Mobile App,Confirmed,Paid,Ahmedabad,Executive,3,Silver,0.0
BKG304946,CUST100557,HTL200713,2026-05-24,2026-06-04,2026-06-10,88238.46,10588.62,0.0,98827.08,Mobile App,Completed,Payment Failed,Delhi,Family Room,2,Silver,0.0
BKG304947,CUST100730,HTL200498,2026-04-14,2026-05-04,2026-05-10,38235.88,3900.06,5735.38,36400.56,Mobile App,Cancelled,Refunded,Kolkata,Standard,4,Blue,16380.25
BKG304948,CUST100992,HTL200635,2026-01-03,2026-01-21,2026-01-26,84476.61,9630.33,4223.83,89883.11,Mobile App,Completed,Paid,Goa,Executive,5,Gold,0.0
BKG304949,CUST100800,HTL200141,2026-02-21,2026-03-30,2026-04-06,36142.85,4120.29,1807.14,38456.0,Website,No Show,Refund Pending,Goa,Standard,3,Blue,0.0
BKG304950,CUST100195,HTL200051,2026-04-21,2026-04-27,2026-05-02,45194.6,5152.18,2259.73,48087.05,Website,Confirmed,Paid,Manali,Executive,2,Silver,0.0
BKG304951,CUST100447,HTL200069,2026-02-11,2026-03-03,2026-03-08,14033.82,1599.86,701.69,14931.99,Mobile App,Confirmed,Paid,Varanasi,Executive,5,Blue,0.0
BKG304952,CUST100924,HTL200259,2026-05-10,2026-06-11,2026-06-17,116440.65,12575.59,11644.07,117372.17,Mobile App,Completed,Paid,chennai,Deluxe,3,Blue,0.0
BKG304953,CUST100091,HTL200697,2026-02-08,2026-03-24,2026-03-30,50746.67,4871.68,10149.33,45469.02,Website,Cancelled,Refund Pending,Pune,Suite,2,Silver,20461.06
BKG304954,CUST100607,HTL200883,2026-02-15,2026-03-16,2026-03-19,37513.67,4276.56,1875.68,39914.55,Mobile App,Completed,Paid,Hyderabad,Suite,5,Blue,0.0
BKG304955,CUST100285,HTL200718,2026-02-17,2026-02-21,2026-02-25,21682.24,2211.59,3252.34,20641.49,Mobile App,Confirmed,Paid,Hyderabad,Standard,1,Blue,0.0
BKG304956,CUST100873,HTL200292,2026-01-27,2026-02-03,2026-02-05,9969.6,1076.72,996.96,10049.36,Website,Completed,Paid,Jaipur,Executive,4,Blue,0.0
BKG304957,CUST100101,HTL200815,2026-01-15,2026-02-27,2026-03-02,11299.0,1288.09,564.95,12022.14,Mobile App,Cancelled,Refunded,Varanasi,Suite,4,Blue,5409.96
BKG304958,CUST100139,HTL200377,2026-01-07,2026-01-27,2026-02-01,56157.08,6064.96,5615.71,56606.33,Mobile App,Confirmed,Paid,Shimla,Standard,1,Silver,0.0
BKG304959,CUST100834,HTL200038,2026-04-19,2026-05-23,2026-05-26,38549.53,4163.35,3854.95,38857.93,Mobile App,Confirmed,Paid,Agra,Standard,4,Blue,0.0
BKG304960,CUST100265,HTL200347,2026-02-11,2026-03-19,2026-03-22,45431.29,5451.75,0.0,50883.04,Website,  Completed  ,Paid,Agra,Family Room,4,Platinum,0.0
BKG304961,CUST100572,HTL200577,2026-01-09,2026-01-16,2026-01-19,5199.32,592.72,259.97,5532.07,Website,Confirmed,Paid,Pune,Deluxe,3,Silver,0.0
BKG304962,CUST100534,HTL200524,2026-04-15,2026-05-18,2026-05-23,58814.64,5646.21,11762.93,52697.92,Mobile App,Completed,Paid,Delhi,Deluxe,2,Silver,0.0
BKG304963,CUST100522,HTL200705,2026-05-14,2026-05-29,2026-06-02,10536.24,1137.91,1053.62,10620.53,Call Center,Confirmed,Paid,Jaipur,Executive,1,Blue,0.0
BKG304964,CUST100015,HTL200827,2026-03-17,2026-04-18,2026-04-19,2190.52,249.72,109.53,2330.71,Partner Desk,Confirmed,Paid,Ahmedabad,Suite,2,Gold,0.0
BKG304965,CUST100560,HTL200505,2026-01-30,2026-02-21,2026-02-23,10269.46,1232.34,0.0,11501.8,Website,Completed,Partially Paid,Shimla,Executive,4,Blue,0.0
BKG304966,CUST100877,HTL200381,2026-03-25,2026-05-04,2026-05-06,33208.53,3985.02,0.0,37193.55,Partner Desk,Confirmed,Paid,Udaipur,Suite,2,Gold,0.0
BKG304967,CUST100335,HTL200424,2026-05-06,2026-06-04,2026-06-11,74369.38,8478.11,3718.47,79129.02,Website,Confirmed,Paid,Kochi,Suite,5,Silver,0.0
BKG304968,CUST100909,HTL200799,2026-03-25,2026-04-19,2026-04-22,26960.03,3235.2,0.0,30195.23,Website,Cancelled,Refunded,Shimla,Suite,1,Silver,0.0
BKG304969,CUST100169,HTL200435,2026-02-23,2026-02-28,2026-03-04,64775.99,7773.12,0.0,72549.11,Mobile App,Confirmed,Payment Failed,Varanasi,Suite,1,Gold,0.0
BKG304970,CUST100912,HTL200644,2026-04-20,2026-05-04,2026-05-09,24018.72,2738.13,1200.94,25555.91,mobile app,Cancelled,Paid,Manali,Suite,1,Blue,17889.14
BKG304971,CUST100118,HTL200706,2026-01-27,2026-03-03,2026-03-04,5479.28,591.76,547.93,5523.11,Mobile App,Cancelled,  Refund Pending  ,Bengaluru,Family Room,3,Blue,3866.18
BKG304972,CUST101065,HTL200321,2026-03-25,2026-03-27,2026-03-28,4298.22,515.79,0.0,4814.01,Website,Confirmed,Paid,Shimla,Family Room,2,Blue,0.0
BKG304973,CUST101012,HTL200589,2026-01-07,2026-02-01,2026-02-04,21983.13,2637.98,0.0,25620.11,Mobile App,Confirmed,Paid,Udaipur,Suite,2,Gold,0.0
BKG304974,CUST100009,HTL200249,2026-04-14,2026-04-30,2026-05-03,22012.53,2641.5,0.0,24654.03,Mobile App,Completed,Paid,Hyderabad,Standard,3,Blue,0.0
BKG304975,CUST100429,HTL200743,2026-03-13,2026-03-29,2026-04-03,75396.12,9047.53,0.0,84443.65,Mobile App,Confirmed,Paid,Manali,Standard,1,Gold,0.0
BKG304976,CUST100048,HTL200179,2026-01-02,2026-01-13,2026-01-20,36766.64,4412.0,0.0,41178.64,Mobile App,Completed,PAID,Mumbai,Deluxe,3,Gold,0.0
BKG304977,CUST100206,HTL200893,2026-05-22,2026-06-26,2026-07-01,69989.43,7558.86,6998.94,70549.35,Mobile App,Cancelled,Refund Pending,Kochi,Suite,3,Blue,0.0
BKG304978,CUST100513,HTL200688,2026-05-18,2026-06-10,2026-06-16,34077.63,3884.85,1703.88,36258.6,Website,Confirmed,Paid,Bengaluru,Standard,4,Blue,0.0
BKG304979,CUST101162,HTL200028,2026-02-19,2026-02-24,2026-03-01,38768.04,4419.56,1938.4,41249.2,Call Center,Completed,Paid,Delhi,Deluxe,1,Blue,0.0
BKG304980,CUST100036,HTL200495,2026-05-26,2026-06-30,2026-07-03,4720.44,481.48,708.07,4493.85,Call Center,Check-in Denied,Paid,Goa,Standard,5,Blue,4493.85
BKG304981,CUST100217,HTL200677,2026-01-18,2026-02-16,2026-02-20,17945.58,2045.8,897.28,19094.1,Website,Confirmed,Paid,Goa,Deluxe,4,Platinum,0.0
BKG304982,CUST100179,HTL200325,2026-01-16,2026-01-21,2026-01-24,47170.88,5660.51,0.0,52831.39,Call Center,Confirmed,Paid,Kolkata,Executive,1,Blue,0.0
BKG304983,CUST100129,HTL200737,2026-02-21,2026-02-24,2026-03-03,50321.08,5736.6,2516.05,53541.63,Mobile App,Completed,Paid,Shimla,Standard,1,Platinum,0.0
BKG304984,CUST100610,HTL200647,2026-03-25,2026-03-31,2026-04-03,12549.09,1204.71,2509.82,11243.98,mobile app,Pending,Paid,Kochi,Suite,1,Blue,0.0
BKG304985,CUST100658,HTL200186,2026-04-06,2026-04-29,2026-04-30,11569.56,1110.68,2313.91,10366.33,Mobile App,Confirmed,Paid,Delhi,Suite,2,Platinum,0.0
BKG304986,CUST100358,HTL200054,2026-02-11,2026-02-13,2026-02-18,61358.95,7363.07,0.0,68722.02,Partner Desk,Confirmed,paid,Varanasi,Family Room,1,Blue,0.0
BKG304987,CUST100626,HTL200877,2026-04-23,2026-05-11,2026-05-13,11467.62,1376.11,0.0,12843.73,Mobile App,Confirmed,  Payment Failed  ,Goa,Executive,1,Blue,0.0
BKG304988,CUST101027,HTL200513,2026-05-04,2026-06-03,2026-06-08,36473.68,4158.0,1823.68,38808.0,Mobile App,Completed,Partially Paid,Pune,Executive,5,Blue,0.0
BKG304989,CUST101106,HTL200409,2026-01-15,2026-02-22,2026-02-28,47161.05,5376.36,2358.05,50179.36,Website,Confirmed,Paid,Mumbai,Standard,1,Blue,0.0
BKG304990,CUST101177,HTL200830,2026-03-31,2026-04-05,2026-04-09,66499.28,7580.92,3324.96,70755.24,Mobile App,Completed,Payment Failed,Mumbai,Deluxe,3,Silver,0.0
BKG304991,CUST100505,HTL200016,2026-02-11,2026-02-22,2026-02-26,36548.56,4166.54,1827.43,38887.67,Mobile App,Completed,Paid,Pune,Family Room,1,Silver,0.0
BKG304992,CUST100817,HTL200570,2026-02-14,2026-02-15,2026-02-20,60312.01,7237.44,0.0,67549.45,Mobile App,Pending,Paid,Delhi,Executive,1,Blue,0.0
BKG304993,CUST100793,HTL200087,2026-04-04,2026-04-14,2026-04-19,52465.26,6295.83,0.0,58761.09,Website,Cancelled,Refund Pending,Bengaluru,Executive,1,Blue,41132.76
BKG304994,CUST100838,HTL200222,2026-04-17,2026-05-28,2026-05-31,45781.48,4944.4,4578.15,46147.73,Mobile App,Cancelled,Paid,Shimla,Suite,2,Platinum,0.0
BKG304995,CUST100622,HTL200783,2026-01-22,2026-03-07,2026-03-09,3045.22,292.34,609.04,2728.52,Website,Confirmed,Paid,Kolkata,Suite,4,Blue,0.0
BKG304996,CUST100628,HTL200057,2026-05-08,2026-06-03,2026-06-10,63455.32,7614.64,0.0,71069.96,Website,Confirmed,Paid,Goa,Deluxe,2,Blue,0.0
BKG304997,CUST100096,HTL200703,2026-02-07,2026-03-12,2026-03-15,33632.54,3632.31,3363.25,33901.6,Call Center,Completed,Paid,Pune,Standard,5,Silver,0.0
BKG304998,CUST100818,HTL200561,2026-04-07,2026-05-04,2026-05-05,1479.82,168.7,73.99,1574.53,Mobile App,Completed,Paid,Goa,Deluxe,5,Silver,0.0
BKG304999,CUST100598,HTL200724,2026-04-11,2026-04-23,2026-04-24,16257.8,1853.39,812.89,17298.3,Mobile App,Completed,Paid,  Pune  ,Standard,3,Blue,0.0
