ticket_id,booking_id,customer_id,complaint_id,ticket_created_date,ticket_status,assigned_team,resolution_time_hours,escalation_flag,sla_hours
TKT700000,BKG302021,CUST100319,CMP600635,2026-03-31,Resolved,Refund Ops,48.0,False,72
TKT700001,BKG300503,CUST100602,CMP600241,2026-08-12,Resolved,Finance Ops,24.0,N,24
TKT700002,BKG302346,CUST100857,CMP601200,2026-02-14,Resolved,Hotel Ops,120.0,No,72
TKT700003,BKG303364,CUST101105,CMP600131,2026-05-04,In Progress,City Ops,4.0,Y,48
TKT700004,BKG300204,CUST100987,CMP601095,2026-02-27,Escalated,Finance Ops,24.0,Yes,24
TKT700005,BKG304243,CUST100459,CMP600236,2026-04-08,In Progress,City Ops,,Yes,48
TKT700006,BKG303937,CUST100415,CMP600751,2026-04-04,In Progress,CX Escalations,36.0,False,48
TKT700007,BKG304423,CUST101106,CMP600425,2026-07-11,In Progress,Refund Ops,120.0,No,24
TKT700008,BKG302402,CUST100417,CMP601307,2026-07-06,In Progress,Refund Ops,72.0,True,48
TKT700009,BKG303926,CUST100319,CMP601150,2026-02-19,In Progress,City Ops,,True,48
TKT700010,BKG303616,CUST100790,CMP600819,2026-06-29,Escalated,Hotel Ops,18.0,Y,48
TKT700011,BKG300228,CUST101125,CMP600434,2026-07-03,Open,City Ops,72.0,Y,48
TKT700012,BKG301675,CUST100611,CMP601192,2026-01-29,Reopened,Hotel Ops,,True,72
TKT700013,BKG304460,CUST100278,CMP600171,2026-03-20,open ,Hotel Ops,,False,72
TKT700014,BKG301043,CUST100296,CMP600906,2026-03-03,Reopened,City Ops,36.0,Yes,24
TKT700015,BKG300903,CUST100018,CMP600659,2026-02-21,Open,CX Escalations,96.0,Y,72
TKT700016,BKG303261,CUST100663,CMP600243,2026-05-27,Open,Refund Ops,48.0,Yes,72
TKT700017,BKG302691,CUST100209,CMP600943,2026-07-21,Resolved,Finance Ops,48.0,False,24
TKT700018,BKG302308,CUST100878,CMP600146,2026-06-12,Closed,Finance Ops,48.0,N,24
TKT700019,BKG301332,CUST100853,CMP601465,2026-03-22,Resolved,Hotel Ops,,True,48
TKT700020,BKG304556,CUST100023,CMP600551,2026-03-23,Escalated,CX Escalations,8.0,Y,48
TKT700021,BKG300609,CUST100765,CMP601233,2026-06-15,Resolved,Hotel Ops,24.0,False,72
TKT700022,BKG300606,CUST100363,CMP600606,2026-03-01,Escalated,Hotel Ops,4.0,N,24
TKT700023,BKG303071,CUST100358,CMP600658,2026-06-10,Resolved,CX Escalations,96.0,Y,48
TKT700024,BKG303887,CUST100298,CMP601342,2026-02-22,In Progress,Refund Ops,8.0,True,24
TKT700025,BKG304513,CUST100098,CMP601325,2026-04-23,Resolved,City Ops,,Y,72
TKT700026,BKG304548,CUST100542,CMP600262,2026-05-22,Resolved,City Ops,18.0,N,24
TKT700027,BKG301667,CUST100663,CMP601175,2026-05-31,Reopened,Hotel Ops,4.0,Y,72
TKT700028,BKG300232,CUST100883,CMP600311,2026-08-06,In Progress,Hotel Ops,120.0,False,72
TKT700029,BKG304724,CUST100985,CMP601469,2026-03-28,Open,Finance Ops,4.0,No,24
TKT700030,BKG304410,CUST101041,CMP600898,2026-05-22,open ,Finance Ops,48.0,True,72
TKT700031,BKG303407,CUST101029,CMP601121,2026-03-20,Reopened,Hotel Ops,18.0,No,72
TKT700032,BKG304976,CUST100048,CMP600592,2026-01-09,Closed,Refund Ops,48.0,False,48
TKT700033,BKG301540,CUST101060,CMP601358,2026-04-20,Escalated,Hotel Ops,4.0,Yes,72
TKT700034,BKG302347,CUST100098,CMP601348,2026-05-20,In Progress,CX Escalations,24.0,False,72
TKT700035,BKG301657,CUST100104,CMP601210,2026-04-11,Closed,Refund Ops,120.0,N,48
TKT700036,BKG304473,CUST100120,CMP600745,2026-04-08,In Progress,Refund Ops,8.0,Y,24
TKT700037,BKG300086,CUST101020,CMP600454,2026-06-07,Closed,Hotel Ops,12.0,No,48
TKT700038,BKG301242,CUST100974,CMP600879,2026-04-01,In Progress,Finance Ops,24.0,Y,48
TKT700039,BKG304917,CUST101054,CMP601299,2026-02-21,Escalated,CX Escalations,48.0,Yes,48
TKT700040,BKG301223,CUST100072,CMP601289,2026-05-21,Resolved,City Ops,4.0,N,24
TKT700041,BKG304749,CUST101041,CMP600151,2026-07-18,Closed,CX Escalations,12.0,Yes,24
TKT700042,BKG304491,CUST101179,CMP600038,2026-07-03,Resolved,CX Escalations,72.0,N,24
TKT700043,BKG300652,CUST100952,CMP600812,2026-03-30,open ,City Ops,12.0,Yes,24
TKT700044,BKG302602,CUST101180,CMP600001,2026-03-22,Escalated,City Ops,36.0,Yes,48
TKT700045,BKG301900,CUST100037,CMP600722,2026-04-26,open ,Hotel Ops,36.0,False,24
TKT700046,BKG300571,CUST100316,CMP600947,2026-03-23,In Progress,City Ops,48.0,True,24
TKT700047,BKG302325,CUST100840,CMP601180,2026-01-27,Reopened,Hotel Ops,24.0,False,72
TKT700048,BKG300677,CUST100564,CMP601144,2026-03-14,Escalated,City Ops,96.0,True,72
TKT700049,BKG304509,CUST100957,CMP600200,2026-01-20,Escalated,CX Escalations,96.0,False,24
TKT700050,BKG300514,CUST100579,CMP600705,invalid-date,Resolved,Hotel Ops,12.0,Y,72
TKT700051,BKG303730,CUST100259,CMP601352,2026-04-08,Closed,Finance Ops,36.0,Y,24
TKT700052,BKG304060,CUST100575,CMP600885,2026-05-23,Closed,Finance Ops,24.0,Y,24
TKT700053,BKG303618,CUST100026,CMP600331,2026-07-31,Resolved,Hotel Ops,72.0,Y,72
TKT700054,BKG301168,CUST100845,CMP601305,2026-03-07,Open,Hotel Ops,4.0,False,72
TKT700055,BKG304192,CUST100733,CMP600009,2026-06-05,Reopened,City Ops,120.0,N,48
TKT700056,BKG304782,CUST100210,CMP600970,2026-04-17,Reopened,Refund Ops,120.0,Y,48
TKT700057,BKG300495,CUST100869,CMP600756,2026-07-19,Open,CX Escalations,24.0,True,72
TKT700058,BKG304889,CUST100819,CMP600734,2026-03-04,In Progress,CX Escalations,4.0,True,72
TKT700059,BKG304350,CUST100146,CMP600578,2026-03-23,Open,CX Escalations,72.0,Y,72
TKT700060,BKG300279,CUST100328,CMP600213,2026-06-18,Open,City Ops,24.0,True,48
TKT700061,BKG302922,CUST100307,CMP601180,2026-06-04,open ,Refund Ops,72.0,Yes,48
TKT700062,BKG303318,CUST100151,CMP601205,2026-03-14,In Progress,City Ops,48.0,Y,72
TKT700063,BKG300604,CUST100319,CMP600934,2026-08-18,open ,City Ops,,Y,24
TKT700064,BKG301522,CUST100219,CMP600815,2026-07-01,Reopened,CX Escalations,,False,24
TKT700065,BKG304409,CUST100396,CMP601431,2026-07-20,open ,Finance Ops,4.0,False,48
TKT700066,BKG300231,CUST100897,CMP600023,2026-06-19,Closed,City Ops,18.0,Yes,24
TKT700067,BKG304946,CUST100557,CMP601221,2026-06-05,Resolved,Refund Ops,72.0,Yes,72
TKT700068,BKG304496,CUST101091,CMP600380,2026-06-25,Resolved,Hotel Ops,,No,72
TKT700069,BKG301570,CUST100690,CMP600935,2026-06-06,Open,Finance Ops,48.0,Yes,48
TKT700070,BKG304887,CUST100086,CMP600573,2026-04-06,Closed,Finance Ops,18.0,No,48
TKT700071,BKG300732,CUST101040,CMP600858,2026-06-12,Closed,Finance Ops,96.0,Y,48
TKT700072,BKG301601,CUST100205,CMP600484,2026-05-07,Open,Refund Ops,48.0,Y,48
TKT700073,BKG302038,CUST100186,CMP600755,2026-08-01,open ,CX Escalations,48.0,N,72
TKT700074,BKG300802,CUST100773,CMP601012,2026-06-08,Escalated,City Ops,24.0,No,24
TKT700075,BKG300239,CUST100020,CMP601121,2026-03-15,Resolved,Finance Ops,24.0,False,48
TKT700076,BKG302292,CUST100997,CMP601499,2026-06-14,In Progress,CX Escalations,18.0,Y,48
TKT700077,BKG301873,CUST100510,CMP600167,2026-03-10,In Progress,City Ops,4.0,True,24
TKT700078,BKG304039,CUST100988,CMP600240,2026-05-09,Reopened,Refund Ops,18.0,Yes,72
TKT700079,BKG301208,CUST100093,CMP600173,2026-06-05,Closed,Hotel Ops,8.0,Y,24
TKT700080,BKG300895,CUST100092,CMP600928,2026-07-02,Escalated,CX Escalations,8.0,False,72
TKT700081,BKG301992,CUST100620,CMP600641,2026-05-30,Escalated,City Ops,96.0,No,24
TKT700082,BKG301201,CUST100003,CMP600561,2026-03-22,In Progress,City Ops,8.0,Y,72
TKT700083,BKG302076,CUST100335,CMP600138,2026-06-19,Resolved,CX Escalations,12.0,False,72
TKT700084,BKG304969,CUST100169,CMP600537,2026-04-25,Closed,Refund Ops,96.0,True,24
TKT700085,BKG304239,CUST101116,CMP601020,2026-05-28,Reopened,Hotel Ops,4.0,No,72
TKT700086,BKG301086,CUST100422,CMP600743,2026-05-24,Resolved,Hotel Ops,96.0,No,72
TKT700087,BKG301637,CUST100896,CMP600675,2026-02-20,In Progress,CX Escalations,24.0,False,24
TKT700088,BKG300167,CUST100220,CMP600352,2026-03-05,Reopened,Refund Ops,72.0,False,24
TKT700089,BKG304378,CUST101087,CMP600598,2026-04-21,Escalated,Finance Ops,36.0,True,72
TKT700090,BKG301199,CUST101168,CMP600003,2026-05-25,open ,Hotel Ops,,True,24
TKT700091,BKG301776,CUST100666,CMP600269,2026-02-13,Closed,Refund Ops,72.0,False,24
TKT700092,BKG300514,CUST100579,CMP600896,2026-03-11,Reopened,Finance Ops,96.0,False,72
TKT700093,BKG302512,CUST100756,CMP600619,2026-03-12,Resolved,Hotel Ops,18.0,True,24
TKT700094,BKG304444,CUST100472,CMP600095,2026-07-19,In Progress,City Ops,72.0,False,48
TKT700095,BKG303113,CUST100188,CMP600411,2026-07-22,Closed,CX Escalations,4.0,No,72
TKT700096,BKG301810,CUST100322,CMP600094,2026-03-10,Reopened,CX Escalations,120.0,Yes,72
TKT700097,BKG303356,CUST101095,CMP600923,2026-05-09,In Progress,Finance Ops,4.0,False,24
TKT700098,BKG301246,CUST100961,CMP600775,2026-05-24,Closed,CX Escalations,12.0,True,72
TKT700099,BKG303373,CUST101015,CMP601402,2026-06-17,Resolved,Finance Ops,24.0,True,24
TKT700100,BKG304675,CUST100089,CMP600586,2026-03-26,Resolved,Refund Ops,4.0,Yes,48
TKT700101,BKG303148,CUST101037,CMP601296,2026-06-06,In Progress,Finance Ops,18.0,False,48
TKT700102,BKG300324,CUST101013,CMP600043,2026-06-07,open ,Hotel Ops,4.0,N,48
TKT700103,BKG304573,CUST100954,CMP600300,2026-03-20,Closed,Refund Ops,,Y,72
TKT700104,BKG302830,CUST100986,CMP600352,2026-07-14,Escalated,City Ops,,Y,72
TKT700105,BKG304581,CUST100152,CMP600986,2026-08-03,In Progress,CX Escalations,48.0,No,72
TKT700106,BKG300320,CUST100194,CMP600642,2026-06-20,Open,City Ops,36.0,N,72
TKT700107,BKG301269,CUST101154,CMP600348,2026-04-19,In Progress,City Ops,12.0,True,24
TKT700108,BKG303225,CUST100668,CMP601276,2026-05-22,In Progress,CX Escalations,8.0,True,48
TKT700109,BKG303927,CUST101010,CMP601468,2026-04-06,In Progress,Hotel Ops,18.0,No,24
TKT700110,BKG301508,CUST100778,CMP600624,2026-04-22,In Progress,CX Escalations,12.0,Y,24
TKT700111,BKG303478,CUST100488,CMP601056,2026-03-24,Reopened,City Ops,48.0,False,24
TKT700112,BKG304646,CUST100149,CMP600520,2026-07-23,Reopened,City Ops,,Yes,24
TKT700113,BKG302792,CUST100447,CMP600341,2026-07-08,In Progress,Hotel Ops,96.0,False,72
TKT700114,BKG303169,CUST100961,CMP600361,2026-07-10,Closed,CX Escalations,18.0,No,24
TKT700115,BKG302528,CUST100410,CMP601232,2026-06-01,Reopened,Finance Ops,48.0,Y,24
TKT700116,BKG304243,CUST100459,CMP601448,2026-04-04,open ,City Ops,4.0,No,72
TKT700117,BKG301566,CUST100937,CMP600227,2026-04-05,Closed,Hotel Ops,18.0,No,24
TKT700118,BKG301258,CUST100441,CMP601394,2026-04-21,Open,CX Escalations,36.0,Yes,72
TKT700119,BKG302131,CUST101167,CMP600618,2026-02-27,Escalated,Hotel Ops,,N,48
TKT700120,BKG303344,CUST100570,CMP601463,2026-01-29,open ,CX Escalations,72.0,True,24
TKT700121,BKG301488,CUST101037,CMP601304,2026-07-25,Escalated,CX Escalations,120.0,Yes,72
TKT700122,BKG300915,CUST101046,CMP601346,2026-05-04,Reopened,Finance Ops,12.0,N,24
TKT700123,BKG303433,CUST100342,CMP601006,2026-02-07,Reopened,CX Escalations,4.0,False,24
TKT700124,BKG302418,CUST100245,CMP600434,2026-06-16,open ,CX Escalations,4.0,N,72
TKT700125,BKG300472,CUST100538,CMP600103,2026-05-19,Escalated,Refund Ops,12.0,False,72
TKT700126,BKG303938,CUST100024,CMP600004,2026-06-27,Escalated,Finance Ops,96.0,N,24
TKT700127,BKG303447,CUST100668,CMP601360,2026-04-25,Escalated,CX Escalations,48.0,True,72
TKT700128,BKG302159,CUST100617,CMP601062,2026-03-31,Escalated,Refund Ops,36.0,False,72
TKT700129,BKG302545,CUST100794,CMP600479,2026-02-13,In Progress,CX Escalations,36.0,N,48
TKT700130,BKG301260,CUST100533,CMP601021,2026-07-26,Open,Hotel Ops,96.0,N,24
TKT700131,BKG300388,CUST100430,CMP601212,2026-02-24,open ,Refund Ops,96.0,Yes,72
TKT700132,BKG303094,CUST101101,CMP601497,2026-03-12,Closed,Finance Ops,48.0,No,72
TKT700133,BKG300840,CUST100339,CMP600345,2026-05-08,Closed,City Ops,8.0,Y,72
TKT700134,BKG304599,CUST101063,CMP601385,2026-03-16,Escalated,City Ops,12.0,False,72
TKT700135,BKG303604,CUST100783,CMP600573,2026-06-08,Open,City Ops,48.0,True,24
TKT700136,BKG303854,CUST100083,CMP600327,2026-04-09,Closed,Hotel Ops,36.0,No,24
TKT700137,BKG300270,CUST100958,CMP600237,2026-07-02,Closed,Hotel Ops,36.0,No,48
TKT700138,BKG301247,CUST100680,CMP600161,2026-07-18,open ,Refund Ops,12.0,Y,24
TKT700139,BKG300547,CUST101019,CMP600657,2026-05-05,Resolved,CX Escalations,8.0,False,48
TKT700140,BKG301539,CUST100535,CMP600941,2026-05-19,Escalated,Hotel Ops,48.0,Yes,48
TKT700141,BKG304916,CUST100433,CMP600857,2026-03-29,Closed,CX Escalations,8.0,Yes,24
TKT700142,BKG301814,CUST100632,CMP601238,2026-07-21,open ,City Ops,24.0,True,72
TKT700143,BKG300812,CUST100888,CMP601005,2026-03-03,Closed,Finance Ops,4.0,No,72
TKT700144,BKG301342,CUST100344,CMP601063,2026-04-20,Open,Hotel Ops,,Y,48
TKT700145,BKG301577,CUST100123,CMP601178,2026-06-06,In Progress,Refund Ops,12.0,Y,48
TKT700146,BKG304021,CUST100367,CMP600459,2026-06-26,Open,City Ops,96.0,No,24
TKT700147,BKG303455,CUST101187,CMP601447,2026-06-06,open ,Refund Ops,8.0,N,48
TKT700148,BKG300998,CUST100109,CMP600397,2026-02-25,open ,Hotel Ops,120.0,True,72
TKT700149,BKG304622,CUST100666,CMP600756,2026-03-10,In Progress,Refund Ops,4.0,N,24
TKT700150,BKG302562,CUST101118,CMP600450,2026-04-16,In Progress,City Ops,72.0,Yes,72
TKT700151,BKG302160,CUST100133,CMP601128,2026-04-09,Closed,City Ops,4.0,Y,48
TKT700152,BKG300616,CUST101156,CMP601021,2026-07-27,Resolved,City Ops,120.0,True,72
TKT700153,BKG304461,CUST100787,CMP600282,2026-07-10,In Progress,City Ops,72.0,N,24
TKT700154,BKG300355,CUST100704,CMP600079,2026-05-08,Reopened,Hotel Ops,72.0,True,72
TKT700155,BKG301860,CUST101186,CMP601357,2026-03-29,open ,City Ops,18.0,No,72
TKT700156,BKG301014,CUST101151,CMP600192,2026-07-07,Open,Finance Ops,18.0,N,72
TKT700157,BKG304714,CUST100261,CMP600878,2026-05-31,Reopened,Finance Ops,4.0,N,48
TKT700158,BKG302255,CUST100706,CMP601111,2026-04-20,open ,Finance Ops,4.0,True,24
TKT700159,BKG303550,CUST100500,CMP600527,2026-03-31,Escalated,Finance Ops,8.0,Y,72
TKT700160,BKG302083,CUST101198,CMP600777,2026-05-21,Reopened,City Ops,72.0,False,72
TKT700161,BKG300808,CUST100313,CMP600558,2026-03-22,Reopened,Refund Ops,48.0,Y,48
TKT700162,BKG301713,CUST101111,CMP600167,2026-01-16,Open,CX Escalations,96.0,Yes,48
TKT700163,BKG300640,CUST100003,CMP600901,2026-02-11,Resolved,CX Escalations,,No,24
TKT700164,BKG300838,CUST100864,CMP600209,2026-04-05,Closed,Refund Ops,18.0,True,24
TKT700165,BKG301966,CUST100211,CMP600691,2026-04-25,Resolved,Hotel Ops,72.0,N,24
TKT700166,BKG303909,CUST100268,CMP600330,2026-04-07,Closed,Finance Ops,4.0,N,24
TKT700167,BKG301027,CUST100158,CMP600762,2026-03-25,Open,CX Escalations,72.0,N,72
TKT700168,BKG303020,CUST100641,CMP601365,2026-01-21,In Progress,Refund Ops,72.0,Y,72
TKT700169,BKG300748,CUST100119,CMP600588,2026-02-16,Closed,Finance Ops,24.0,No,24
TKT700170,BKG302365,CUST100848,CMP600324,2026-07-06,Escalated,Finance Ops,18.0,Yes,72
TKT700171,BKG302333,CUST100835,CMP600270,2026-03-18,Escalated,Finance Ops,120.0,Y,48
TKT700172,BKG304811,CUST100705,CMP601042,2026-08-07,Resolved,Finance Ops,,Y,72
TKT700173,BKG300087,CUST101131,CMP601438,2026-03-31,Escalated,CX Escalations,36.0,False,24
TKT700174,BKG301929,CUST100295,CMP600124,2026-05-30,Escalated,City Ops,72.0,N,48
TKT700175,BKG303021,CUST100810,CMP601324,2026-03-31,Escalated,City Ops,24.0,True,72
TKT700176,BKG300240,CUST101120,CMP600874,2026-06-13,Resolved,Finance Ops,72.0,N,24
TKT700177,BKG304698,CUST101075,CMP601156,2026-04-10,open ,Finance Ops,120.0,No,24
TKT700178,BKG304820,CUST100670,CMP600039,2026-02-27,In Progress,City Ops,18.0,Y,48
TKT700179,BKG303906,CUST100337,CMP600174,2026-03-10,Open,Refund Ops,96.0,No,24
TKT700180,BKG301643,CUST100996,CMP600484,2026-02-05,open ,City Ops,72.0,N,72
TKT700181,BKG300742,CUST101146,CMP600976,2026-07-30,Resolved,Refund Ops,48.0,True,24
TKT700182,BKG301117,CUST100120,CMP601390,2026-05-07,In Progress,Hotel Ops,96.0,N,48
TKT700183,BKG304169,CUST100390,CMP601055,2026-04-13,Reopened,Hotel Ops,36.0,N,24
TKT700184,BKG302324,CUST101076,CMP600307,2026-03-28,Escalated,CX Escalations,120.0,False,72
TKT700185,BKG300202,CUST100419,CMP600542,2026-04-13,Closed,CX Escalations,24.0,False,48
TKT700186,BKG302764,CUST100423,CMP600987,2026-02-05,Escalated,City Ops,24.0,No,48
TKT700187,BKG303998,CUST100167,CMP600594,2026-03-05,open ,Finance Ops,120.0,False,24
TKT700188,BKG303927,CUST101010,CMP600155,2026-05-15,Resolved,Refund Ops,,No,48
TKT700189,BKG301439,CUST100041,CMP600793,2026-07-17,Reopened,City Ops,48.0,False,72
TKT700190,BKG300076,CUST100586,CMP600011,2026-07-05,open ,Finance Ops,24.0,Y,24
TKT700191,BKG304685,CUST100958,CMP600878,2026-07-05,Reopened,Hotel Ops,18.0,N,48
TKT700192,BKG301778,CUST100136,CMP600174,2026-06-13,In Progress,CX Escalations,72.0,False,48
TKT700193,BKG301361,CUST101022,CMP600060,2026-06-20,Escalated,City Ops,120.0,No,24
TKT700194,BKG300322,CUST101048,CMP601229,2026-02-19,In Progress,City Ops,120.0,Y,24
TKT700195,BKG303144,CUST100344,CMP600330,2026-06-05,In Progress,CX Escalations,12.0,False,24
TKT700196,BKG303529,CUST100001,CMP600748,2026-03-28,Escalated,Refund Ops,96.0,Y,24
TKT700197,BKG300243,CUST100714,CMP600350,2026-01-30,Closed,CX Escalations,12.0,False,48
TKT700198,BKG300518,CUST100942,CMP600409,2026-04-04,Resolved,Finance Ops,8.0,N,72
TKT700199,BKG304364,CUST100475,CMP600595,2026-05-16,Escalated,Hotel Ops,96.0,True,48
TKT700200,BKG301213,CUST100368,CMP600520,2026-02-22,Closed,Refund Ops,12.0,N,72
TKT700201,BKG303659,CUST100370,CMP600271,2026-05-16,Open,CX Escalations,36.0,N,72
TKT700202,BKG303145,CUST100976,CMP601152,2026-01-19,Reopened,Hotel Ops,12.0,True,24
TKT700203,BKG302663,CUST101051,CMP600314,2026-03-16,Escalated,City Ops,,No,24
TKT700204,BKG300013,CUST100685,CMP600882,2026-08-06,Escalated,City Ops,,N,48
TKT700205,BKG304962,CUST100534,CMP600199,2026-06-16,In Progress,City Ops,4.0,False,24
TKT700206,BKG301029,CUST101112,CMP601259,2026-06-27,In Progress,Finance Ops,24.0,Yes,24
TKT700207,BKG303025,CUST101018,CMP600997,2026-05-17,Closed,City Ops,8.0,Yes,24
TKT700208,BKG300845,CUST100436,CMP600620,2026-08-11,Open,City Ops,96.0,False,24
TKT700209,BKG302480,CUST100564,CMP601153,2026-07-21,open ,Refund Ops,48.0,True,48
TKT700210,BKG304532,CUST100806,CMP600139,2026-06-03,In Progress,Refund Ops,24.0,True,48
TKT700211,BKG301452,CUST100618,CMP600873,2026-04-12,In Progress,City Ops,24.0,Yes,72
TKT700212,BKG303772,CUST100185,CMP600537,2026-04-19,Resolved,Finance Ops,8.0,True,72
TKT700213,BKG304477,CUST100720,CMP600710,2026-06-15,open ,City Ops,24.0,N,72
TKT700214,BKG303033,CUST100858,CMP600203,2026-05-23,open ,Finance Ops,24.0,Yes,24
TKT700215,BKG300136,CUST100295,CMP600927,2026-08-24,open ,City Ops,12.0,True,72
TKT700216,BKG304336,CUST101124,CMP600285,2026-04-27,Escalated,CX Escalations,72.0,Y,24
TKT700217,BKG301236,CUST101037,CMP600688,2026-08-15,In Progress,Refund Ops,12.0,False,24
TKT700218,BKG300559,CUST100614,CMP600972,2026-03-30,Resolved,CX Escalations,12.0,Yes,24
TKT700219,BKG301623,CUST100517,CMP600749,2026-04-16,Closed,Refund Ops,,N,72
TKT700220,BKG303097,CUST100831,CMP600927,2026-03-24,Resolved,City Ops,,N,24
TKT700221,BKG303570,CUST100748,CMP600876,2026-03-28,Escalated,Hotel Ops,36.0,N,48
TKT700222,BKG301773,CUST100126,CMP600904,2026-07-07,Escalated,City Ops,120.0,N,48
TKT700223,BKG300130,CUST100350,CMP600908,2026-05-29,Open,Finance Ops,120.0,N,24
TKT700224,BKG303617,CUST100697,CMP600820,2026-07-18,In Progress,Finance Ops,96.0,No,24
TKT700225,BKG301179,CUST101074,CMP600026,2026-07-18,Closed,City Ops,120.0,Y,48
TKT700226,BKG302434,CUST100371,CMP600955,2026-04-06,In Progress,City Ops,72.0,False,24
TKT700227,BKG304211,CUST101114,CMP600799,2026-04-04,Reopened,Refund Ops,8.0,N,48
TKT700228,BKG303831,CUST100700,CMP600585,2026-04-17,Closed,CX Escalations,48.0,Yes,24
TKT700229,BKG302822,CUST101057,CMP601390,2026-05-23,Reopened,Refund Ops,24.0,True,24
TKT700230,BKG301255,CUST100749,CMP600681,2026-02-08,Closed,CX Escalations,36.0,False,48
TKT700231,BKG303717,CUST100360,CMP601147,2026-02-12,Open,CX Escalations,96.0,True,48
TKT700232,BKG303657,CUST100018,CMP601101,2026-02-18,open ,CX Escalations,12.0,False,24
TKT700233,BKG300317,CUST100420,CMP601452,2026-05-27,In Progress,City Ops,48.0,N,24
TKT700234,BKG301044,CUST100442,CMP600167,2026-06-04,Escalated,CX Escalations,36.0,True,24
TKT700235,BKG300537,CUST101065,CMP600387,2026-07-15,Reopened,Hotel Ops,,True,48
TKT700236,BKG304568,CUST100542,CMP601103,2026-05-10,Escalated,Refund Ops,4.0,No,48
TKT700237,BKG301869,CUST100435,CMP600538,2026-05-09,Resolved,Refund Ops,4.0,No,72
TKT700238,BKG304741,CUST100160,CMP600392,2026-02-19,Escalated,Hotel Ops,36.0,No,72
TKT700239,BKG304140,CUST101125,CMP601108,2026-07-15,open ,CX Escalations,8.0,Yes,24
TKT700240,BKG301593,CUST100086,CMP601320,2026-04-25,open ,CX Escalations,48.0,No,24
TKT700241,BKG304511,CUST100989,CMP600813,2026-05-29,open ,Hotel Ops,,No,72
TKT700242,BKG300069,CUST100924,CMP601080,2026-04-02,Closed,City Ops,36.0,True,24
TKT700243,BKG304585,CUST100066,CMP600686,2026-07-16,open ,CX Escalations,72.0,N,48
TKT700244,BKG301784,CUST100922,CMP601231,2026-07-23,Escalated,City Ops,72.0,True,72
TKT700245,BKG302825,CUST100366,CMP601456,2026-07-03,Reopened,Refund Ops,8.0,True,48
TKT700246,BKG304447,CUST100039,CMP600159,2026-03-23,Reopened,City Ops,48.0,True,48
TKT700247,BKG303381,CUST100792,CMP600585,2026-06-08,Resolved,Finance Ops,96.0,N,48
TKT700248,BKG300967,CUST100571,CMP600972,2026-05-19,Escalated,City Ops,12.0,Yes,24
TKT700249,BKG301877,CUST100073,CMP600944,2026-05-30,Escalated,Finance Ops,24.0,Y,48
TKT700250,BKG302552,CUST100634,CMP601066,2026-04-05,open ,CX Escalations,48.0,False,24
TKT700251,BKG301544,CUST100226,CMP601477,2026-04-16,Closed,Hotel Ops,36.0,Yes,72
TKT700252,BKG304915,CUST100425,CMP600848,2026-03-07,open ,Hotel Ops,96.0,N,48
TKT700253,BKG301579,CUST100348,CMP600747,2026-03-09,Open,Refund Ops,72.0,False,72
TKT700254,BKG303737,CUST100593,CMP600745,2026-02-24,Escalated,Finance Ops,36.0,Y,48
TKT700255,BKG300111,CUST101044,CMP600705,2026-05-16,In Progress,Finance Ops,8.0,No,72
TKT700256,BKG300259,CUST100455,CMP601101,2026-04-14,Reopened,Refund Ops,120.0,Yes,72
TKT700257,BKG301402,CUST100625,CMP601203,2026-04-05,Open,Refund Ops,12.0,True,48
TKT700258,BKG304482,CUST100331,CMP600815,2026-03-18,open ,Refund Ops,36.0,No,48
TKT700259,BKG301229,CUST100387,CMP600837,2026-05-19,Escalated,Finance Ops,24.0,False,72
TKT700260,BKG301507,CUST100024,CMP600411,2026-06-13,In Progress,Finance Ops,24.0,Yes,72
TKT700261,BKG302711,CUST100438,CMP601103,2026-02-13,Reopened,City Ops,36.0,N,72
TKT700262,BKG302153,CUST100678,CMP601339,2026-03-12,Resolved,City Ops,18.0,N,24
TKT700263,BKG304123,CUST100110,CMP600732,2026-06-24,Reopened,CX Escalations,,True,24
TKT700264,BKG303920,CUST100813,CMP601027,2026-05-24,In Progress,Refund Ops,,No,24
TKT700265,BKG304899,CUST100565,CMP600659,2026-05-13,Resolved,Finance Ops,48.0,True,48
TKT700266,BKG304396,CUST100571,CMP600179,2026-04-14,Reopened,Refund Ops,72.0,Y,72
TKT700267,BKG302656,CUST100897,CMP600168,2026-02-07,Open,Refund Ops,12.0,N,72
TKT700268,BKG301826,CUST100215,CMP600856,2026-05-23,Escalated,Refund Ops,12.0,No,72
TKT700269,BKG303423,CUST100181,CMP601040,2026-04-13,open ,Finance Ops,96.0,Yes,24
TKT700270,BKG303252,CUST101018,CMP601279,2026-08-03,Reopened,Refund Ops,24.0,No,72
TKT700271,BKG303026,CUST101028,CMP601422,2026-04-02,open ,Finance Ops,12.0,Yes,48
TKT700272,BKG304967,CUST100335,CMP601499,invalid-date,open ,CX Escalations,4.0,N,24
TKT700273,BKG301966,CUST100211,CMP600174,2026-03-11,In Progress,City Ops,36.0,Y,24
TKT700274,BKG300539,CUST100034,CMP600754,2026-05-10,Escalated,CX Escalations,36.0,True,24
TKT700275,BKG304506,CUST100254,CMP600149,2026-06-20,Escalated,Finance Ops,12.0,False,48
TKT700276,BKG300738,CUST101063,CMP600769,2026-04-21,Resolved,Hotel Ops,48.0,True,24
TKT700277,BKG303240,CUST101106,CMP601086,2026-05-15,Open,Refund Ops,18.0,No,24
TKT700278,BKG301356,CUST101118,CMP600236,2026-07-16,Escalated,CX Escalations,,Yes,24
TKT700279,BKG304902,CUST100947,CMP601104,2026-06-18,Resolved,City Ops,48.0,No,24
TKT700280,BKG300075,CUST101008,CMP600239,2026-07-19,Closed,CX Escalations,24.0,Y,72
TKT700281,BKG302020,CUST100285,CMP600414,2026-03-16,In Progress,Hotel Ops,72.0,N,72
TKT700282,BKG300534,CUST100239,CMP601397,invalid-date,Resolved,City Ops,8.0,No,48
TKT700283,BKG301209,CUST100135,CMP600211,2026-06-08,Resolved,Refund Ops,48.0,False,24
TKT700284,BKG300319,CUST100136,CMP600453,2026-04-12,Resolved,Refund Ops,4.0,Yes,72
TKT700285,BKG300401,CUST100540,CMP600573,2026-06-22,Closed,Finance Ops,8.0,False,48
TKT700286,BKG304330,CUST100494,CMP601403,2026-06-11,Reopened,Hotel Ops,48.0,N,72
TKT700287,BKG301140,CUST100750,CMP600929,2026-07-26,open ,Hotel Ops,120.0,False,72
TKT700288,BKG303941,CUST100304,CMP601083,2026-02-20,Open,Hotel Ops,12.0,True,48
TKT700289,BKG301425,CUST101112,CMP601278,2026-06-20,In Progress,CX Escalations,24.0,Yes,72
TKT700290,BKG300611,CUST100311,CMP601364,2026-03-28,Open,Hotel Ops,36.0,Y,72
TKT700291,BKG301438,CUST100010,CMP601373,2026-05-31,open ,Refund Ops,,Yes,72
TKT700292,BKG304416,CUST100285,CMP601464,2026-07-06,Resolved,Hotel Ops,,Yes,72
TKT700293,BKG301751,CUST100073,CMP601181,2026-06-16,In Progress,Refund Ops,18.0,Y,48
TKT700294,BKG304096,CUST101090,CMP600747,2026-04-27,Reopened,Finance Ops,120.0,Y,48
TKT700295,BKG301040,CUST100316,CMP600593,2026-02-19,Resolved,City Ops,36.0,True,72
TKT700296,BKG300634,CUST100135,CMP600641,2026-04-21,open ,Refund Ops,8.0,Y,48
TKT700297,BKG300451,CUST100835,CMP601310,2026-02-05,Reopened,City Ops,12.0,False,24
TKT700298,BKG300523,CUST100991,CMP601293,2026-04-13,Open,Hotel Ops,72.0,False,24
TKT700299,BKG304584,CUST100487,CMP600045,2026-03-16,In Progress,Refund Ops,,N,48
TKT700300,BKG302273,CUST100040,CMP600069,2026-06-28,Escalated,City Ops,8.0,No,24
TKT700301,BKG301494,CUST100492,CMP600724,2026-05-14,Open,Refund Ops,120.0,Y,48
TKT700302,BKG304082,CUST100332,CMP601128,2026-03-12,Resolved,CX Escalations,96.0,N,48
TKT700303,BKG302866,CUST100188,CMP600678,2026-07-16,Escalated,City Ops,36.0,No,72
TKT700304,BKG301781,CUST101172,CMP600338,2026-07-30,Open,CX Escalations,12.0,Yes,24
TKT700305,BKG300533,CUST100105,CMP600942,2026-04-10,Open,CX Escalations,24.0,No,24
TKT700306,BKG303421,CUST100081,CMP601229,2026-02-19,Reopened,Hotel Ops,72.0,False,24
TKT700307,BKG303288,CUST100106,CMP601174,2026-01-31,Escalated,Refund Ops,,No,48
TKT700308,BKG304976,CUST100048,CMP601057,2026-03-25,Escalated,Hotel Ops,24.0,False,72
TKT700309,BKG304289,CUST100394,CMP601074,2026-06-11,Reopened,City Ops,18.0,False,48
TKT700310,BKG300845,CUST100436,CMP600169,2026-07-18,Resolved,Hotel Ops,,Y,48
TKT700311,BKG300915,CUST101046,CMP600989,2026-03-24,Open,CX Escalations,24.0,True,48
TKT700312,BKG304628,CUST101046,CMP600014,2026-05-23,Escalated,Finance Ops,18.0,N,72
TKT700313,BKG303968,CUST100342,CMP600348,2026-06-11,Resolved,Hotel Ops,72.0,True,24
TKT700314,BKG302446,CUST100919,CMP601494,2026-03-25,In Progress,City Ops,12.0,N,48
TKT700315,BKG300045,CUST100546,CMP600808,2026-04-29,open ,Hotel Ops,12.0,Yes,72
TKT700316,BKG302296,CUST100635,CMP600426,2026-06-10,Reopened,Hotel Ops,4.0,No,48
TKT700317,BKG300755,CUST100564,CMP601392,2026-04-15,In Progress,Refund Ops,18.0,Y,72
TKT700318,BKG302428,CUST101041,CMP600525,2026-03-12,Escalated,CX Escalations,24.0,Y,48
TKT700319,BKG303702,CUST100167,CMP600115,2026-04-29,Resolved,CX Escalations,18.0,Y,72
TKT700320,BKG303264,CUST100021,CMP601423,2026-02-21,Open,Hotel Ops,96.0,True,48
TKT700321,BKG302925,CUST101000,CMP600089,2026-01-28,Closed,Refund Ops,72.0,Yes,24
TKT700322,BKG303992,CUST100437,CMP600446,2026-03-12,Resolved,Refund Ops,24.0,True,24
TKT700323,BKG303632,CUST100081,CMP601189,2026-06-06,open ,Hotel Ops,96.0,Yes,24
TKT700324,BKG300256,CUST100898,CMP601187,2026-07-11,Closed,Refund Ops,4.0,Y,72
TKT700325,BKG300458,CUST100350,CMP600827,2026-06-02,Resolved,City Ops,96.0,No,48
TKT700326,BKG303873,CUST100219,CMP601067,2026-06-28,Resolved,Hotel Ops,36.0,N,48
TKT700327,BKG300471,CUST100881,CMP600951,2026-04-08,Escalated,City Ops,36.0,Yes,24
TKT700328,BKG301092,CUST100593,CMP600750,2026-08-05,Escalated,CX Escalations,72.0,Yes,48
TKT700329,BKG301512,CUST101100,CMP600359,2026-04-05,Escalated,CX Escalations,12.0,Y,72
TKT700330,BKG304200,CUST100888,CMP600430,2026-04-25,open ,CX Escalations,8.0,N,72
TKT700331,BKG302359,CUST100282,CMP600639,2026-05-25,Resolved,Hotel Ops,48.0,N,48
TKT700332,BKG302312,CUST100930,CMP600869,2026-07-16,Open,City Ops,12.0,Yes,24
TKT700333,BKG304561,CUST101001,CMP601042,2026-05-03,Resolved,City Ops,12.0,True,24
TKT700334,BKG304555,CUST100207,CMP601411,2026-06-30,In Progress,Refund Ops,72.0,False,24
TKT700335,BKG300024,CUST100678,CMP600651,2026-06-01,Escalated,Finance Ops,18.0,True,72
TKT700336,BKG302109,CUST100466,CMP600362,2026-06-27,Open,CX Escalations,18.0,True,24
TKT700337,BKG301728,CUST100378,CMP600784,2026-03-15,Escalated,Hotel Ops,18.0,N,72
TKT700338,BKG303496,CUST100394,CMP600692,2026-04-09,Resolved,Hotel Ops,8.0,N,48
TKT700339,BKG301281,CUST100486,CMP601293,2026-06-30,Escalated,Finance Ops,72.0,False,24
TKT700340,BKG303184,CUST101187,CMP600127,2026-05-31,Resolved,City Ops,48.0,Yes,24
TKT700341,BKG303828,CUST100902,CMP600929,2026-04-27,Resolved,CX Escalations,96.0,False,24
TKT700342,BKG301896,CUST100898,CMP601201,2026-03-27,Resolved,City Ops,48.0,True,72
TKT700343,BKG300289,CUST100815,CMP601301,2026-05-08,Closed,Hotel Ops,72.0,False,24
TKT700344,BKG301273,CUST100388,CMP600656,2026-04-15,Open,CX Escalations,72.0,False,72
TKT700345,BKG302588,CUST100649,CMP601315,2026-05-17,Closed,Hotel Ops,,True,72
TKT700346,BKG300667,CUST100893,CMP600408,2026-03-14,Reopened,Finance Ops,96.0,No,72
TKT700347,BKG300612,CUST100588,CMP600043,2026-05-24,Resolved,Refund Ops,8.0,Yes,72
TKT700348,BKG302313,CUST100964,CMP600203,2026-06-12,open ,CX Escalations,48.0,Yes,24
TKT700349,BKG304887,CUST100086,CMP601011,2026-03-23,open ,City Ops,8.0,False,24
TKT700350,BKG303724,CUST100114,CMP601151,2026-04-02,Escalated,City Ops,96.0,No,24
TKT700351,BKG301739,CUST100387,CMP600762,2026-05-18,Reopened,City Ops,8.0,Y,24
TKT700352,BKG301010,CUST100891,CMP600147,2026-07-21,Escalated,Hotel Ops,8.0,True,48
TKT700353,BKG303047,CUST101031,CMP600162,2026-06-06,Escalated,City Ops,72.0,N,24
TKT700354,BKG303907,CUST100847,CMP600729,2026-05-04,In Progress,CX Escalations,,N,24
TKT700355,BKG303579,CUST100413,CMP600099,2026-06-15,Closed,Refund Ops,4.0,Y,48
TKT700356,BKG304074,CUST100485,CMP600986,2026-05-18,Reopened,Refund Ops,48.0,Yes,72
TKT700357,BKG304349,CUST100100,CMP600683,2026-04-06,open ,Finance Ops,24.0,True,24
TKT700358,BKG303484,CUST100381,CMP600137,2026-07-08,open ,CX Escalations,12.0,False,72
TKT700359,BKG302503,CUST100687,CMP601191,2026-03-17,Closed,Hotel Ops,72.0,False,24
TKT700360,BKG304193,CUST100143,CMP601017,2026-05-27,Open,Refund Ops,18.0,False,24
TKT700361,BKG301424,CUST100031,CMP600258,2026-02-13,Escalated,CX Escalations,72.0,True,24
TKT700362,BKG300722,CUST100898,CMP600370,2026-02-06,open ,Refund Ops,12.0,N,24
TKT700363,BKG301474,CUST100999,CMP601255,2026-07-07,open ,Refund Ops,24.0,Yes,72
TKT700364,BKG303368,CUST100248,CMP600514,2026-05-12,Open,Finance Ops,48.0,N,72
TKT700365,BKG302804,CUST100185,CMP600117,2026-04-30,Closed,CX Escalations,8.0,No,72
TKT700366,BKG302835,CUST100208,CMP600145,2026-04-30,Closed,Finance Ops,18.0,False,24
TKT700367,BKG300186,CUST100745,CMP601335,2026-05-25,Reopened,City Ops,72.0,No,24
TKT700368,BKG300542,CUST100810,CMP600716,2026-04-22,Closed,CX Escalations,96.0,Yes,24
TKT700369,BKG300157,CUST100842,CMP601268,2026-03-03,Open,City Ops,24.0,Y,48
TKT700370,BKG300227,CUST100433,CMP600304,2026-06-19,Resolved,Finance Ops,18.0,Y,24
TKT700371,BKG301041,CUST100287,CMP601023,2026-04-12,Resolved,Refund Ops,120.0,N,72
TKT700372,BKG300385,CUST100917,CMP600043,2026-02-14,Resolved,Refund Ops,36.0,No,72
TKT700373,BKG304021,CUST100367,CMP600988,2026-06-02,Closed,City Ops,48.0,False,48
TKT700374,BKG303031,CUST100116,CMP600266,2026-05-11,Reopened,CX Escalations,48.0,N,72
TKT700375,BKG300538,CUST100644,CMP601413,2026-05-22,In Progress,Refund Ops,48.0,Yes,72
TKT700376,BKG301195,CUST100646,CMP601260,2026-06-22,Reopened,Refund Ops,36.0,No,24
TKT700377,BKG300649,CUST100501,CMP600902,2026-06-04,open ,CX Escalations,12.0,False,24
TKT700378,BKG300792,CUST100204,CMP601060,2026-06-30,Resolved,City Ops,36.0,Yes,72
TKT700379,BKG301071,CUST100804,CMP600270,2026-04-21,Escalated,Finance Ops,4.0,No,24
TKT700380,BKG303266,CUST100955,CMP600265,2026-02-18,Reopened,Refund Ops,,No,24
TKT700381,BKG304771,CUST100004,CMP600259,2026-04-19,In Progress,Finance Ops,48.0,True,48
TKT700382,BKG303915,CUST100328,CMP601495,2026-06-09,Resolved,CX Escalations,18.0,Yes,72
TKT700383,BKG301672,CUST100388,CMP601205,2026-04-05,Escalated,Finance Ops,8.0,No,72
TKT700384,BKG301881,CUST100219,CMP600294,2026-04-24,Closed,Refund Ops,24.0,True,72
TKT700385,BKG301961,CUST100321,CMP600851,2026-05-23,Closed,CX Escalations,18.0,Yes,24
TKT700386,BKG300313,CUST100655,CMP601003,2026-03-19,Open,City Ops,18.0,Yes,72
TKT700387,BKG303939,CUST100626,CMP600910,2026-05-25,Resolved,Hotel Ops,12.0,N,48
TKT700388,BKG303622,CUST100500,CMP600691,2026-05-02,Closed,CX Escalations,72.0,True,24
TKT700389,BKG304019,CUST100427,CMP600637,2026-04-27,Escalated,City Ops,72.0,True,24
TKT700390,BKG301186,CUST100315,CMP601331,2026-05-09,In Progress,Hotel Ops,96.0,Yes,72
TKT700391,BKG302742,CUST100206,CMP600053,2026-03-06,In Progress,Finance Ops,18.0,No,48
TKT700392,BKG303581,CUST101119,CMP600810,2026-04-21,Reopened,Refund Ops,24.0,N,72
TKT700393,BKG301613,CUST100277,CMP600521,2026-06-14,open ,Refund Ops,18.0,N,72
TKT700394,BKG304660,CUST101050,CMP600695,2026-03-16,Escalated,Finance Ops,72.0,False,24
TKT700395,BKG300159,CUST100058,CMP600333,2026-06-14,open ,Refund Ops,36.0,False,24
TKT700396,BKG304036,CUST101062,CMP600328,2026-03-18,Open,CX Escalations,,Y,72
TKT700397,BKG300047,CUST100218,CMP600439,2026-03-27,Resolved,Hotel Ops,,Y,24
TKT700398,BKG303528,CUST100787,CMP601388,2026-06-10,Escalated,Hotel Ops,18.0,True,24
TKT700399,BKG300421,CUST101172,CMP600430,2026-03-01,open ,Refund Ops,24.0,Y,48
TKT700400,BKG303928,CUST100444,CMP600642,2026-04-12,Closed,Finance Ops,12.0,N,24
TKT700401,BKG303977,CUST100238,CMP600825,2026-03-08,Escalated,City Ops,96.0,Yes,24
TKT700402,BKG304805,CUST100862,CMP600833,2026-03-14,Reopened,Finance Ops,,False,24
TKT700403,BKG301419,CUST100918,CMP601262,2026-06-08,Reopened,City Ops,120.0,No,48
TKT700404,BKG302774,CUST100153,CMP600657,2026-07-05,Open,Hotel Ops,96.0,False,72
TKT700405,BKG304263,CUST101113,CMP600601,2026-04-25,Closed,CX Escalations,,N,48
TKT700406,BKG301719,CUST100081,CMP600798,2026-04-21,Escalated,Hotel Ops,12.0,No,72
TKT700407,BKG300267,CUST100008,CMP600638,2026-03-10,Reopened,Hotel Ops,36.0,Y,72
TKT700408,BKG300667,CUST100893,CMP601113,2026-03-29,Closed,Finance Ops,96.0,Y,72
TKT700409,BKG302852,CUST101186,CMP600819,2026-02-09,In Progress,CX Escalations,48.0,N,48
TKT700410,BKG303988,CUST100794,CMP601235,2026-05-06,Open,CX Escalations,96.0,Yes,24
TKT700411,BKG304295,CUST101000,CMP601045,2026-02-25,Resolved,City Ops,8.0,No,48
TKT700412,BKG304847,CUST100895,CMP600729,2026-04-16,Resolved,City Ops,72.0,Y,24
TKT700413,BKG300367,CUST100338,CMP601383,2026-02-07,Open,Finance Ops,8.0,Yes,72
TKT700414,BKG304546,CUST100215,CMP601011,2026-07-07,Resolved,Refund Ops,,N,48
TKT700415,BKG301788,CUST100805,CMP601401,2026-03-30,open ,CX Escalations,48.0,True,48
TKT700416,BKG301448,CUST100706,CMP600730,2026-04-03,Resolved,Refund Ops,4.0,N,48
TKT700417,BKG303898,CUST100508,CMP600533,2026-04-22,Escalated,Hotel Ops,96.0,True,24
TKT700418,BKG300713,CUST100009,CMP600618,2026-06-30,Reopened,CX Escalations,18.0,No,24
TKT700419,BKG302556,CUST100366,CMP600685,2026-06-27,Reopened,Hotel Ops,36.0,N,24
TKT700420,BKG304398,CUST100401,CMP601216,2026-03-25,Escalated,Finance Ops,18.0,Y,24
TKT700421,BKG304528,CUST100810,CMP600874,2026-05-13,Escalated,CX Escalations,36.0,False,72
TKT700422,BKG304327,CUST100233,CMP600343,2026-05-21,Reopened,City Ops,48.0,False,24
TKT700423,BKG301464,CUST101147,CMP600611,2026-03-17,Open,CX Escalations,18.0,No,24
TKT700424,BKG304997,CUST100096,CMP600787,2026-04-22,Closed,Hotel Ops,72.0,True,72
TKT700425,BKG303356,CUST101095,CMP600761,2026-05-29,In Progress,City Ops,120.0,Y,24
TKT700426,BKG302819,CUST101030,CMP601219,2026-02-05,Escalated,Hotel Ops,24.0,Yes,72
TKT700427,BKG304546,CUST100215,CMP601347,2026-06-07,Reopened,Refund Ops,,True,72
TKT700428,BKG303512,CUST100310,CMP600164,2026-05-05,Escalated,City Ops,18.0,No,24
TKT700429,BKG303396,CUST101192,CMP600540,2026-03-14,open ,Finance Ops,72.0,True,72
TKT700430,BKG304240,CUST100272,CMP600922,2026-05-23,In Progress,Refund Ops,48.0,No,72
TKT700431,BKG300886,CUST100885,CMP600177,2026-02-24,Escalated,City Ops,8.0,Yes,72
TKT700432,BKG303257,CUST100567,CMP601358,2026-04-29,In Progress,Finance Ops,24.0,True,24
TKT700433,BKG301308,CUST100005,CMP600168,2026-05-13,Closed,Finance Ops,72.0,False,72
TKT700434,BKG303891,CUST100947,CMP600233,2026-03-10,In Progress,City Ops,4.0,True,72
TKT700435,BKG302202,CUST100410,CMP600549,2026-03-07,Resolved,CX Escalations,,Y,48
TKT700436,BKG304510,CUST100426,CMP601193,2026-08-10,Reopened,CX Escalations,120.0,False,24
TKT700437,BKG304388,CUST100486,CMP601296,2026-04-05,Closed,Refund Ops,120.0,Y,72
TKT700438,BKG300911,CUST100732,CMP600345,2026-06-08,Open,CX Escalations,72.0,N,48
TKT700439,BKG300590,CUST100652,CMP600635,2026-01-04,Resolved,CX Escalations,12.0,Y,48
TKT700440,BKG300155,CUST100921,CMP601072,2026-06-22,Resolved,City Ops,12.0,True,24
TKT700441,BKG300065,CUST100873,CMP601330,2026-05-03,Open,City Ops,,Y,24
TKT700442,BKG301822,CUST100942,CMP600483,2026-04-13,Escalated,CX Escalations,4.0,N,72
TKT700443,BKG304877,CUST100748,CMP601160,2026-01-15,Open,Refund Ops,8.0,Yes,72
TKT700444,BKG304358,CUST100443,CMP600367,2026-03-12,Escalated,Refund Ops,,Y,72
TKT700445,BKG303074,CUST101134,CMP601283,2026-07-10,Resolved,City Ops,12.0,True,72
TKT700446,BKG300382,CUST100804,CMP600365,2026-06-12,open ,Hotel Ops,,Y,48
TKT700447,BKG302707,CUST100732,CMP600107,2026-08-02,Open,Refund Ops,,True,48
TKT700448,BKG301981,CUST100999,CMP600905,2026-01-28,Resolved,Hotel Ops,48.0,False,48
TKT700449,BKG300823,CUST100455,CMP601407,2026-02-27,Reopened,Refund Ops,120.0,N,48
TKT700450,BKG304299,CUST101037,CMP601373,2026-04-30,open ,Finance Ops,36.0,Yes,48
TKT700451,BKG303709,CUST100015,CMP601337,2026-06-12,In Progress,Hotel Ops,12.0,Yes,72
TKT700452,BKG303166,CUST100533,CMP600573,2026-05-27,Reopened,Finance Ops,120.0,No,72
TKT700453,BKG301753,CUST100091,CMP600161,2026-06-28,Closed,Finance Ops,120.0,Yes,72
TKT700454,BKG300770,CUST101072,CMP600578,2026-03-29,In Progress,Refund Ops,96.0,N,72
TKT700455,BKG303732,CUST100884,CMP601166,2026-03-27,Open,CX Escalations,18.0,True,48
TKT700456,BKG300363,CUST101110,CMP601023,2026-03-27,Closed,Finance Ops,,N,24
TKT700457,BKG301970,CUST101116,CMP600462,2026-07-04,In Progress,Finance Ops,72.0,Yes,24
TKT700458,BKG302673,CUST100303,CMP600182,2026-03-12,In Progress,City Ops,18.0,True,48
TKT700459,BKG301141,CUST100181,CMP601448,2026-05-04,Escalated,Refund Ops,72.0,No,24
TKT700460,BKG301662,CUST100590,CMP601038,2026-05-12,Escalated,CX Escalations,12.0,Yes,72
TKT700461,BKG304243,CUST100459,CMP600091,2026-03-29,Reopened,Finance Ops,96.0,Yes,48
TKT700462,BKG304972,CUST101065,CMP600546,2026-05-12,Reopened,City Ops,48.0,Yes,24
TKT700463,BKG302043,CUST101054,CMP601049,2026-07-15,Resolved,Finance Ops,96.0,False,24
TKT700464,BKG300616,CUST101156,CMP600890,2026-06-22,Reopened,CX Escalations,4.0,True,24
TKT700465,BKG303235,CUST100748,CMP600900,2026-03-13,Reopened,CX Escalations,48.0,N,48
TKT700466,BKG301981,CUST100999,CMP601265,2026-03-20,open ,CX Escalations,12.0,N,48
TKT700467,BKG303845,CUST100284,CMP600084,2026-05-19,Closed,Finance Ops,120.0,Y,24
TKT700468,BKG301905,CUST100848,CMP601153,2026-06-17,In Progress,Finance Ops,120.0,False,72
TKT700469,BKG302638,CUST100622,CMP601109,2026-07-20,Closed,Finance Ops,4.0,Y,24
TKT700470,BKG304221,CUST100272,CMP601477,2026-05-13,Closed,CX Escalations,,N,48
TKT700471,BKG302667,CUST100540,CMP601095,2026-04-05,Escalated,City Ops,18.0,Y,48
TKT700472,BKG302654,CUST100560,CMP600925,2026-04-28,Escalated,Refund Ops,,True,24
TKT700473,BKG304479,CUST100184,CMP601102,2026-06-21,Open,Finance Ops,48.0,Yes,48
TKT700474,BKG304942,CUST100864,CMP601413,2026-02-04,Open,CX Escalations,48.0,No,24
TKT700475,BKG300874,CUST100371,CMP600668,2026-03-23,Resolved,Finance Ops,36.0,No,48
TKT700476,BKG302927,CUST100292,CMP600789,2026-04-12,Escalated,Hotel Ops,18.0,False,72
TKT700477,BKG301455,CUST101020,CMP600232,2026-05-21,Reopened,Hotel Ops,96.0,False,72
TKT700478,BKG302440,CUST100739,CMP600431,2026-03-01,Resolved,Hotel Ops,12.0,Y,24
TKT700479,BKG303484,CUST100381,CMP601007,2026-07-07,Closed,City Ops,4.0,True,24
TKT700480,BKG301481,CUST100279,CMP600618,2026-06-02,Reopened,Finance Ops,12.0,True,24
TKT700481,BKG303143,CUST101127,CMP601480,2026-01-24,open ,Refund Ops,18.0,N,48
TKT700482,BKG302515,CUST100737,CMP600686,2026-03-18,open ,City Ops,18.0,False,24
TKT700483,BKG304605,CUST100327,CMP601012,2026-04-04,Escalated,CX Escalations,18.0,True,72
TKT700484,BKG303403,CUST100494,CMP600366,2026-06-26,In Progress,City Ops,4.0,False,24
TKT700485,BKG302585,CUST100022,CMP601267,2026-02-08,Open,Refund Ops,120.0,N,24
TKT700486,BKG303767,CUST100523,CMP600029,2026-05-19,Resolved,Finance Ops,18.0,Yes,48
TKT700487,BKG301675,CUST100611,CMP601131,2026-02-15,Open,Finance Ops,4.0,False,72
TKT700488,BKG300759,CUST100512,CMP601307,2026-03-08,Open,Hotel Ops,24.0,True,72
TKT700489,BKG303472,CUST100360,CMP600275,2026-04-12,open ,Finance Ops,12.0,True,72
TKT700490,BKG304594,CUST100164,CMP600639,2026-04-11,In Progress,City Ops,48.0,N,72
TKT700491,BKG302471,CUST100735,CMP600459,2026-04-01,In Progress,City Ops,48.0,Y,72
TKT700492,BKG300169,CUST100677,CMP601403,2026-03-05,In Progress,City Ops,4.0,N,72
TKT700493,BKG301297,CUST100124,CMP600933,2026-02-15,Closed,Finance Ops,18.0,Y,48
TKT700494,BKG304045,CUST100023,CMP600127,2026-04-03,Escalated,Finance Ops,24.0,Y,72
TKT700495,BKG303756,CUST100900,CMP600747,2026-07-17,Open,CX Escalations,120.0,True,48
TKT700496,BKG300724,CUST100909,CMP600227,2026-07-10,Open,Refund Ops,8.0,No,72
TKT700497,BKG303909,CUST100268,CMP600590,2026-04-09,In Progress,City Ops,120.0,N,72
TKT700498,BKG304377,CUST100405,CMP600130,2026-06-09,Escalated,City Ops,12.0,True,24
TKT700499,BKG302542,CUST100567,CMP601385,2026-05-23,Reopened,Hotel Ops,36.0,False,72
TKT700500,BKG304995,CUST100622,CMP600085,2026-01-30,open ,Refund Ops,,False,24
TKT700501,BKG303702,CUST100167,CMP601060,2026-05-10,Open,Refund Ops,96.0,No,72
TKT700502,BKG302772,CUST100210,CMP600302,2026-03-07,Closed,Finance Ops,12.0,Yes,24
TKT700503,BKG301977,CUST100600,CMP600485,2026-04-15,Open,City Ops,72.0,Yes,72
TKT700504,BKG302237,CUST100898,CMP600012,2026-07-25,Reopened,Hotel Ops,24.0,Yes,24
TKT700505,BKG304111,CUST100301,CMP600310,2026-03-25,In Progress,Finance Ops,24.0,Yes,48
TKT700506,BKG303933,CUST100141,CMP601224,2026-03-11,Open,Finance Ops,12.0,True,48
TKT700507,BKG301519,CUST100915,CMP600538,2026-07-02,Closed,Finance Ops,36.0,Y,72
TKT700508,BKG301041,CUST100287,CMP601195,2026-04-04,Reopened,Hotel Ops,12.0,Y,24
TKT700509,BKG301599,CUST100134,CMP600134,2026-04-08,Escalated,Refund Ops,4.0,True,72
TKT700510,BKG302366,CUST100474,CMP600598,2026-07-19,In Progress,City Ops,8.0,No,24
TKT700511,BKG303381,CUST100792,CMP600358,2026-04-17,Resolved,Refund Ops,120.0,Y,72
TKT700512,BKG302167,CUST100006,CMP600312,2026-06-01,In Progress,CX Escalations,,Y,72
TKT700513,BKG301337,CUST101199,CMP601406,2026-04-02,In Progress,Refund Ops,36.0,Y,72
TKT700514,BKG300166,CUST101037,CMP600867,2026-03-28,Resolved,CX Escalations,48.0,Y,24
TKT700515,BKG301048,CUST100425,CMP600958,2026-05-15,open ,City Ops,96.0,True,48
TKT700516,BKG302457,CUST100931,CMP601412,2026-04-09,Escalated,City Ops,48.0,No,24
TKT700517,BKG300097,CUST100022,CMP600854,2026-03-25,Closed,Refund Ops,12.0,Yes,72
TKT700518,BKG300693,CUST101000,CMP601008,2026-03-08,open ,City Ops,12.0,False,72
TKT700519,BKG303879,CUST100244,CMP600191,2026-04-28,Resolved,Refund Ops,8.0,Y,24
TKT700520,BKG301767,CUST100591,CMP601489,2026-06-09,Resolved,City Ops,4.0,False,72
TKT700521,BKG302674,CUST101178,CMP600096,2026-06-08,Resolved,Refund Ops,12.0,Y,24
TKT700522,BKG304981,CUST100217,CMP601141,2026-02-07,open ,CX Escalations,72.0,Y,48
TKT700523,BKG304212,CUST101060,CMP601034,2026-04-19,Open,Refund Ops,36.0,Yes,24
TKT700524,BKG301503,CUST100622,CMP600050,2026-02-25,Resolved,Finance Ops,120.0,True,48
TKT700525,BKG301595,CUST100196,CMP600088,2026-05-31,Resolved,City Ops,4.0,False,48
TKT700526,BKG304942,CUST100864,CMP600178,2026-03-18,Closed,Refund Ops,36.0,Yes,72
TKT700527,BKG303448,CUST100021,CMP600579,2026-04-26,In Progress,Refund Ops,12.0,True,24
TKT700528,BKG304806,CUST100828,CMP601112,2026-03-19,Resolved,Hotel Ops,72.0,No,72
TKT700529,BKG301411,CUST101183,CMP600338,2026-04-24,open ,CX Escalations,18.0,Yes,24
TKT700530,BKG303218,CUST100530,CMP600472,2026-06-23,In Progress,CX Escalations,8.0,True,24
TKT700531,BKG302730,CUST100392,CMP600358,2026-08-04,Open,Refund Ops,,N,24
TKT700532,BKG300617,CUST100171,CMP600976,2026-05-26,Open,Hotel Ops,72.0,N,72
TKT700533,BKG300386,CUST101133,CMP601111,2026-05-24,In Progress,CX Escalations,18.0,Y,48
TKT700534,BKG302177,CUST100418,CMP600959,2026-06-23,Closed,Refund Ops,48.0,False,24
TKT700535,BKG302095,CUST100215,CMP600109,2026-04-25,open ,City Ops,36.0,N,48
TKT700536,BKG301534,CUST100804,CMP600805,2026-02-05,Resolved,Refund Ops,12.0,No,72
TKT700537,BKG300161,CUST101126,CMP600460,2026-03-22,open ,CX Escalations,8.0,N,48
TKT700538,BKG303951,CUST100815,CMP600229,2026-04-23,Closed,City Ops,24.0,True,72
TKT700539,BKG303880,CUST100019,CMP600708,2026-04-07,Resolved,Finance Ops,12.0,False,48
TKT700540,BKG303404,CUST100313,CMP600861,2026-07-23,Resolved,Hotel Ops,24.0,N,72
TKT700541,BKG304511,CUST100989,CMP600557,2026-05-18,In Progress,Refund Ops,18.0,False,24
TKT700542,BKG300589,CUST100964,CMP600694,2026-07-04,open ,Refund Ops,,True,72
TKT700543,BKG300609,CUST100765,CMP601357,2026-06-23,Resolved,Hotel Ops,8.0,Yes,48
TKT700544,BKG302946,CUST100036,CMP600256,2026-07-26,In Progress,CX Escalations,4.0,True,48
TKT700545,BKG300088,CUST100354,CMP601221,2026-08-10,Resolved,City Ops,,Y,24
TKT700546,BKG300388,CUST100430,CMP600515,invalid-date,Escalated,Hotel Ops,120.0,N,72
TKT700547,BKG304704,CUST101122,CMP600360,2026-05-17,open ,Hotel Ops,18.0,False,24
TKT700548,BKG301389,CUST100167,CMP600722,2026-02-18,Escalated,City Ops,96.0,Yes,48
TKT700549,BKG303721,CUST100983,CMP600320,2026-02-10,Open,City Ops,,Y,24
TKT700550,BKG300942,CUST100605,CMP601114,2026-08-26,Resolved,Finance Ops,36.0,False,24
TKT700551,BKG304798,CUST100093,CMP601425,2026-03-20,Escalated,City Ops,,Yes,72
TKT700552,BKG304732,CUST100236,CMP600377,2026-06-05,Escalated,CX Escalations,8.0,Y,24
TKT700553,BKG303372,CUST100437,CMP601399,2026-04-22,Reopened,Refund Ops,96.0,Yes,24
TKT700554,BKG304864,CUST101062,CMP601289,2026-04-09,Open,Refund Ops,48.0,False,24
TKT700555,BKG300307,CUST100585,CMP601492,2026-04-30,Reopened,City Ops,24.0,N,24
TKT700556,BKG303645,CUST100428,CMP600011,2026-05-05,open ,Finance Ops,24.0,Y,24
TKT700557,BKG302567,CUST100002,CMP600862,2026-08-05,Open,Refund Ops,,False,72
TKT700558,BKG300450,CUST100026,CMP601485,2026-05-25,open ,Refund Ops,4.0,No,72
TKT700559,BKG303337,CUST100878,CMP601242,2026-03-17,Escalated,Hotel Ops,18.0,N,48
TKT700560,BKG302183,CUST100200,CMP600736,2026-04-13,Closed,Hotel Ops,8.0,True,48
TKT700561,BKG304598,CUST101146,CMP600413,2026-01-16,Escalated,CX Escalations,72.0,N,48
TKT700562,BKG303650,CUST100000,CMP600204,2026-03-06,Closed,Hotel Ops,96.0,Yes,48
TKT700563,BKG300016,CUST101142,CMP601373,2026-06-04,Open,Hotel Ops,4.0,Yes,72
TKT700564,BKG304321,CUST100326,CMP601011,2026-08-21,Resolved,City Ops,120.0,Y,24
TKT700565,BKG304626,CUST100107,CMP600703,2026-02-17,Closed,Refund Ops,96.0,N,24
TKT700566,BKG301398,CUST100702,CMP600968,2026-06-10,Open,City Ops,12.0,True,72
TKT700567,BKG304425,CUST100028,CMP601321,2026-04-20,Closed,City Ops,72.0,False,48
TKT700568,BKG301507,CUST100024,CMP600468,2026-07-07,Open,City Ops,24.0,False,24
TKT700569,BKG304962,CUST100534,CMP600327,2026-06-09,Resolved,Hotel Ops,4.0,Y,72
TKT700570,BKG302547,,CMP601198,2026-03-11,open ,City Ops,,False,48
TKT700571,BKG303875,CUST100934,CMP600148,2026-06-04,Closed,Hotel Ops,96.0,False,48
TKT700572,BKG300737,CUST100496,CMP601005,2026-04-15,Closed,City Ops,24.0,N,48
TKT700573,BKG302335,CUST100096,CMP601272,2026-03-27,Reopened,Hotel Ops,72.0,True,72
TKT700574,BKG301610,CUST100940,CMP600011,2026-05-25,Resolved,Refund Ops,,Yes,24
TKT700575,BKG302633,CUST100100,CMP600011,2026-02-26,open ,CX Escalations,,False,48
TKT700576,BKG304734,CUST101022,CMP600473,2026-02-07,Resolved,Hotel Ops,18.0,Yes,72
TKT700577,BKG303825,CUST101094,CMP601137,2026-04-07,Resolved,City Ops,120.0,True,48
TKT700578,BKG300206,CUST100089,CMP601414,2026-07-14,Reopened,Finance Ops,96.0,Yes,24
TKT700579,BKG302817,CUST100722,CMP600489,2026-07-24,Escalated,Hotel Ops,24.0,Y,24
TKT700580,BKG300535,CUST100331,CMP600023,2026-04-10,Reopened,Refund Ops,24.0,N,72
TKT700581,BKG303148,CUST101037,CMP601116,2026-04-03,open ,Refund Ops,4.0,N,24
TKT700582,BKG301563,CUST100452,CMP600143,2026-02-22,Closed,CX Escalations,120.0,Y,24
TKT700583,BKG301469,CUST101044,CMP600765,2026-04-01,Escalated,City Ops,72.0,No,48
TKT700584,BKG303968,CUST100342,CMP600852,2026-05-23,Resolved,City Ops,12.0,Yes,24
TKT700585,BKG304416,CUST100285,CMP600121,2026-06-03,In Progress,CX Escalations,24.0,Yes,24
TKT700586,BKG300769,CUST100114,CMP600689,2026-03-23,Open,City Ops,,N,48
TKT700587,BKG300669,CUST100850,CMP600297,2026-07-12,Closed,City Ops,18.0,True,72
TKT700588,BKG300206,CUST100089,CMP600164,2026-06-24,Escalated,Refund Ops,8.0,True,48
TKT700589,BKG304307,CUST101076,CMP601055,2026-04-03,open ,Refund Ops,36.0,No,72
TKT700590,BKG301822,CUST100942,CMP600992,2026-03-15,Resolved,Finance Ops,18.0,N,24
TKT700591,BKG303763,CUST100324,CMP600602,2026-02-10,Reopened,CX Escalations,36.0,No,48
TKT700592,BKG303768,CUST100849,CMP600439,2026-05-18,Closed,City Ops,96.0,No,48
TKT700593,BKG303910,CUST100064,CMP600428,2026-03-04,In Progress,City Ops,12.0,N,24
TKT700594,BKG301049,CUST100249,CMP600986,2026-02-07,Resolved,City Ops,12.0,Yes,24
TKT700595,BKG303609,CUST100846,CMP600976,2026-06-28,Resolved,Refund Ops,18.0,N,24
TKT700596,BKG301505,CUST100484,CMP600702,2026-04-14,Resolved,City Ops,48.0,N,48
TKT700597,BKG300863,CUST100904,CMP601146,2026-01-16,In Progress,Hotel Ops,24.0,False,48
TKT700598,BKG302349,CUST100924,CMP600059,2026-03-21,Open,City Ops,18.0,Yes,24
TKT700599,BKG303259,CUST101091,CMP601476,invalid-date,Closed,Refund Ops,,Yes,48
TKT700600,BKG304513,CUST100098,CMP600518,2026-03-20,Closed,City Ops,,True,24
TKT700601,BKG302173,CUST100378,CMP600461,2026-05-06,Closed,CX Escalations,12.0,True,48
TKT700602,BKG300183,CUST100310,CMP601173,2026-05-03,Closed,CX Escalations,4.0,No,72
TKT700603,BKG301709,CUST100656,CMP601313,2026-05-04,Closed,Hotel Ops,8.0,N,72
TKT700604,BKG303336,CUST100977,CMP600832,2026-03-10,Open,CX Escalations,24.0,No,24
TKT700605,BKG301439,CUST100041,CMP600443,2026-07-04,Resolved,Finance Ops,8.0,N,24
TKT700606,BKG303512,CUST100310,CMP600120,2026-02-26,open ,CX Escalations,18.0,Yes,48
TKT700607,BKG304731,CUST100989,CMP600800,2026-04-11,Resolved,City Ops,36.0,Y,72
TKT700608,BKG302367,CUST100404,CMP601324,2026-03-12,Escalated,Finance Ops,24.0,False,24
TKT700609,BKG300606,CUST100363,CMP600115,2026-03-25,Resolved,City Ops,8.0,N,72
TKT700610,BKG304389,CUST101047,CMP601322,2026-02-21,Reopened,Finance Ops,12.0,No,72
TKT700611,BKG302842,CUST101158,CMP601090,2026-05-07,Resolved,Refund Ops,36.0,False,24
TKT700612,BKG304446,CUST100088,CMP601215,2026-04-18,Reopened,Hotel Ops,24.0,No,24
TKT700613,BKG301170,CUST100550,CMP601346,2026-03-13,Resolved,CX Escalations,24.0,No,48
TKT700614,BKG302808,CUST100281,CMP601332,2026-07-09,In Progress,CX Escalations,36.0,Y,72
TKT700615,BKG304741,CUST100160,CMP600389,2026-03-10,Escalated,Hotel Ops,72.0,No,48
TKT700616,BKG303745,CUST101165,CMP600765,2026-03-07,Escalated,Refund Ops,24.0,N,24
TKT700617,BKG301192,CUST100623,CMP600807,2026-06-29,Open,Finance Ops,8.0,Y,48
TKT700618,BKG304263,CUST101113,CMP601244,2026-04-27,Reopened,Hotel Ops,,Y,24
TKT700619,BKG300522,CUST100694,CMP601104,invalid-date,In Progress,Hotel Ops,24.0,N,24
TKT700620,BKG303303,CUST100647,CMP600362,2026-06-23,Resolved,CX Escalations,8.0,No,24
TKT700621,BKG304232,CUST101126,CMP600541,2026-05-18,Resolved,City Ops,24.0,N,48
TKT700622,BKG302916,CUST100917,CMP601004,2026-03-24,Resolved,Hotel Ops,48.0,Y,48
TKT700623,BKG303211,CUST100945,CMP601065,2026-05-30,Resolved,Refund Ops,48.0,N,24
TKT700624,BKG302639,CUST100508,CMP600934,2026-03-12,open ,Refund Ops,96.0,True,72
TKT700625,BKG304499,CUST101192,CMP601198,2026-04-23,Resolved,City Ops,18.0,False,72
TKT700626,BKG303039,CUST100069,CMP600973,2026-04-25,In Progress,CX Escalations,48.0,N,48
TKT700627,BKG303454,CUST100723,CMP600688,2026-03-21,In Progress,Refund Ops,120.0,False,72
TKT700628,BKG300071,CUST100782,CMP600306,2026-08-16,open ,Finance Ops,36.0,N,48
TKT700629,BKG300358,CUST100837,CMP600166,2026-05-13,Reopened,City Ops,48.0,False,48
TKT700630,BKG303739,CUST100479,CMP600978,2026-05-02,Open,Hotel Ops,12.0,No,48
TKT700631,BKG303081,CUST100820,CMP600188,2026-06-24,Escalated,Finance Ops,8.0,N,72
TKT700632,BKG302251,CUST100762,CMP600246,2026-05-12,Closed,Finance Ops,12.0,False,24
TKT700633,BKG303352,CUST100822,CMP601207,2026-03-13,open ,Refund Ops,72.0,Yes,48
TKT700634,BKG302330,CUST100851,CMP600981,2026-06-06,Open,CX Escalations,24.0,Yes,48
TKT700635,BKG300834,CUST100385,CMP600906,2026-07-13,Reopened,Finance Ops,18.0,True,24
TKT700636,BKG302981,CUST100637,CMP600891,2026-04-29,Escalated,Finance Ops,8.0,N,72
TKT700637,BKG304237,CUST100914,CMP601178,2026-07-01,Closed,Refund Ops,24.0,No,24
TKT700638,BKG303523,CUST100843,CMP600079,2026-03-25,Reopened,City Ops,18.0,N,24
TKT700639,BKG301120,CUST100475,CMP600442,2026-07-11,open ,City Ops,18.0,True,72
TKT700640,BKG303042,CUST100296,CMP601024,2026-05-08,open ,Hotel Ops,8.0,False,48
TKT700641,BKG302759,CUST101090,CMP600857,2026-04-15,Reopened,Hotel Ops,,Y,48
TKT700642,BKG300658,CUST100727,CMP600929,2026-06-12,open ,Refund Ops,8.0,False,72
TKT700643,BKG301373,CUST101149,CMP600784,2026-05-01,open ,City Ops,48.0,True,24
TKT700644,BKG304243,CUST100459,CMP600450,2026-05-04,Closed,Refund Ops,72.0,Y,48
TKT700645,BKG301462,CUST100315,CMP601305,2026-04-02,Escalated,Hotel Ops,36.0,Yes,72
TKT700646,BKG302275,CUST100181,CMP601071,2026-05-20,open ,Refund Ops,24.0,Y,48
TKT700647,BKG304317,CUST100980,CMP600918,2026-07-30,Closed,CX Escalations,120.0,No,48
TKT700648,BKG302769,CUST100114,CMP600335,2026-07-03,In Progress,Finance Ops,,False,72
TKT700649,BKG301494,CUST100492,CMP600842,2026-05-15,Closed,City Ops,8.0,Y,48
TKT700650,BKG301830,CUST100426,CMP601174,2026-04-02,Reopened,Finance Ops,96.0,True,48
TKT700651,BKG302312,CUST100930,CMP601325,2026-07-21,Closed,Finance Ops,48.0,No,24
TKT700652,BKG301400,CUST100831,CMP601276,2026-06-17,Escalated,Hotel Ops,48.0,Yes,24
TKT700653,BKG302401,CUST100121,CMP600488,2026-03-02,Open,Refund Ops,12.0,No,48
TKT700654,BKG303468,CUST101058,CMP600022,2026-05-17,Open,City Ops,36.0,Yes,48
TKT700655,BKG304057,CUST100159,CMP600400,2026-05-29,In Progress,City Ops,8.0,True,72
TKT700656,BKG301599,CUST100134,CMP600135,2026-04-19,Resolved,Hotel Ops,4.0,True,24
TKT700657,BKG304765,CUST101069,CMP600009,2026-05-23,Escalated,City Ops,,Y,24
TKT700658,BKG302760,CUST100247,CMP601313,2026-07-30,Closed,City Ops,72.0,False,48
TKT700659,BKG300133,CUST100482,CMP600823,2026-04-17,Reopened,Hotel Ops,96.0,Yes,72
TKT700660,BKG303318,CUST100151,CMP600140,2026-04-16,Escalated,CX Escalations,48.0,Y,72
TKT700661,BKG304869,CUST100243,CMP601312,2026-05-04,In Progress,City Ops,12.0,Y,72
TKT700662,BKG304974,CUST100009,CMP600367,2026-07-09,Resolved,CX Escalations,12.0,No,24
TKT700663,BKG301495,CUST100322,CMP601426,2026-06-03,Resolved,Refund Ops,48.0,No,24
TKT700664,BKG301295,CUST100378,CMP600886,2026-04-23,Escalated,Hotel Ops,36.0,No,72
TKT700665,BKG301255,CUST100749,CMP600107,2026-03-16,In Progress,City Ops,36.0,True,48
TKT700666,BKG300635,CUST100947,CMP601169,2026-05-12,In Progress,City Ops,18.0,Yes,24
TKT700667,BKG303343,CUST100875,CMP601183,2026-01-21,In Progress,Finance Ops,4.0,True,72
TKT700668,BKG301621,CUST101150,CMP600829,2026-02-13,Reopened,City Ops,8.0,Yes,48
TKT700669,BKG301923,CUST100581,CMP600607,2026-02-22,Escalated,Hotel Ops,72.0,Yes,48
TKT700670,BKG300864,CUST100139,CMP600536,2026-03-05,Closed,Finance Ops,120.0,Y,72
TKT700671,BKG304296,CUST100073,CMP600959,2026-04-28,Open,City Ops,36.0,N,48
TKT700672,BKG303050,CUST100784,CMP600795,2026-04-11,Resolved,Hotel Ops,48.0,True,48
TKT700673,BKG304414,CUST100910,CMP601468,2026-04-03,open ,CX Escalations,48.0,No,48
TKT700674,BKG302259,CUST100555,CMP601237,2026-01-31,Closed,Finance Ops,8.0,No,72
TKT700675,BKG304252,CUST100097,CMP601003,2026-06-22,Closed,Refund Ops,96.0,False,24
TKT700676,BKG302476,CUST100495,CMP600162,2026-07-07,Reopened,Finance Ops,4.0,No,24
TKT700677,BKG303611,CUST101124,CMP601369,2026-02-17,Open,Hotel Ops,48.0,N,48
TKT700678,BKG301482,CUST101193,CMP601327,2026-06-06,Closed,Finance Ops,4.0,Yes,24
TKT700679,BKG300076,CUST100586,CMP601047,2026-04-30,In Progress,Hotel Ops,12.0,Yes,24
TKT700680,BKG303755,CUST100458,CMP600288,2026-03-26,Reopened,CX Escalations,36.0,Y,24
TKT700681,BKG301394,CUST100179,CMP600688,2026-05-25,Closed,Finance Ops,12.0,N,48
TKT700682,BKG304262,CUST101146,CMP600222,2026-03-20,Closed,Refund Ops,,N,72
TKT700683,BKG302854,CUST100984,CMP601324,2026-05-01,Reopened,CX Escalations,36.0,Y,48
TKT700684,BKG304717,CUST100343,CMP601165,2026-07-03,Resolved,CX Escalations,8.0,Yes,24
TKT700685,BKG301740,CUST100082,CMP601422,2026-02-13,Open,Finance Ops,12.0,No,48
TKT700686,BKG301831,CUST101158,CMP601467,2026-07-25,Reopened,Hotel Ops,36.0,No,48
TKT700687,BKG302715,CUST101035,CMP600662,2026-04-18,open ,City Ops,24.0,False,72
TKT700688,BKG304264,CUST100223,CMP600302,2026-06-21,Reopened,Finance Ops,12.0,Yes,48
TKT700689,BKG301480,CUST100091,CMP600312,2026-05-03,Closed,Hotel Ops,,False,48
TKT700690,BKG304748,CUST100412,CMP601418,2026-06-19,open ,Refund Ops,8.0,No,48
TKT700691,BKG300158,CUST100800,CMP600484,2026-06-13,Reopened,City Ops,8.0,Yes,48
TKT700692,BKG300430,CUST101092,CMP601273,2026-03-17,Escalated,Refund Ops,96.0,True,72
TKT700693,BKG300337,CUST100387,CMP600043,2026-07-17,Reopened,City Ops,,False,72
TKT700694,BKG302380,,CMP601130,2026-04-05,In Progress,Hotel Ops,96.0,No,24
TKT700695,BKG303962,CUST100383,CMP600528,2026-02-16,Reopened,Refund Ops,8.0,No,24
TKT700696,BKG301028,CUST100306,CMP600214,2026-04-27,Closed,Finance Ops,8.0,Yes,72
TKT700697,BKG300558,CUST100691,CMP601258,2026-03-11,Escalated,City Ops,48.0,True,72
TKT700698,BKG304027,CUST100011,CMP600643,2026-06-08,Open,Hotel Ops,72.0,True,72
TKT700699,BKG301320,CUST100537,CMP601319,2026-03-03,open ,Finance Ops,8.0,True,24
TKT700700,BKG301561,CUST100552,CMP600391,2026-05-17,Reopened,Finance Ops,4.0,Yes,48
TKT700701,BKG302332,CUST100700,CMP601418,2026-06-05,Closed,City Ops,8.0,Yes,72
TKT700702,BKG302771,CUST100976,CMP600515,2026-04-17,open ,City Ops,18.0,No,72
TKT700703,BKG303056,CUST100598,CMP600470,2026-04-16,Closed,Finance Ops,,False,24
TKT700704,BKG302087,CUST100439,CMP600475,2026-04-29,Open,Refund Ops,72.0,Yes,24
TKT700705,BKG304816,CUST100441,CMP601367,2026-02-20,In Progress,Finance Ops,8.0,False,48
TKT700706,BKG304906,CUST101101,CMP601250,2026-02-24,Closed,CX Escalations,,Y,72
TKT700707,BKG301296,CUST100137,CMP600273,2026-05-22,open ,Hotel Ops,4.0,Y,48
TKT700708,BKG303060,CUST100942,CMP601398,2026-07-01,Escalated,CX Escalations,4.0,True,72
TKT700709,BKG302800,CUST100572,CMP601426,2026-07-26,In Progress,Hotel Ops,48.0,Yes,24
TKT700710,BKG302978,CUST100654,CMP601072,2026-04-27,Reopened,Hotel Ops,96.0,Yes,48
TKT700711,BKG300434,CUST101068,CMP600130,2026-06-09,Escalated,CX Escalations,12.0,No,24
TKT700712,BKG304903,CUST100269,CMP600996,2026-05-15,In Progress,CX Escalations,72.0,Y,48
TKT700713,BKG304926,CUST100641,CMP600223,2026-06-21,Escalated,Refund Ops,,No,48
TKT700714,BKG300372,CUST100120,CMP600363,2026-05-11,In Progress,Hotel Ops,18.0,Y,24
TKT700715,BKG300602,CUST101072,CMP601172,2026-04-11,Resolved,Finance Ops,120.0,False,48
TKT700716,BKG304313,CUST101075,CMP600947,2026-03-05,Open,Hotel Ops,48.0,Yes,24
TKT700717,BKG302577,CUST100416,CMP600418,2026-06-19,Open,Refund Ops,,Yes,72
TKT700718,BKG302347,CUST100098,CMP600554,2026-04-13,open ,Finance Ops,48.0,N,72
TKT700719,BKG301163,CUST100005,CMP600555,2026-05-23,Escalated,City Ops,72.0,No,24
TKT700720,BKG300817,CUST100860,CMP600239,2026-06-19,open ,Hotel Ops,36.0,No,48
TKT700721,BKG302611,CUST101163,CMP601453,2026-05-23,open ,Refund Ops,18.0,Yes,72
TKT700722,BKG303209,CUST100738,CMP601312,2026-05-16,In Progress,Hotel Ops,4.0,True,72
TKT700723,BKG300700,CUST100681,CMP600091,2026-06-03,In Progress,Hotel Ops,96.0,Y,24
TKT700724,BKG302422,CUST100526,CMP600951,2026-04-21,Resolved,CX Escalations,18.0,False,24
TKT700725,BKG300254,CUST100919,CMP601327,2026-04-04,Escalated,Refund Ops,4.0,No,24
TKT700726,BKG301257,CUST100837,CMP600611,2026-02-16,Open,Finance Ops,12.0,N,72
TKT700727,BKG304923,CUST100905,CMP600384,2026-05-04,Resolved,Refund Ops,96.0,N,48
TKT700728,BKG301701,CUST100767,CMP600239,2026-03-24,Escalated,Hotel Ops,120.0,True,48
TKT700729,BKG302657,CUST100638,CMP601111,2026-07-10,Escalated,City Ops,36.0,False,48
TKT700730,BKG304078,CUST100726,CMP600777,2026-03-17,Closed,Hotel Ops,18.0,No,24
TKT700731,BKG301638,CUST101061,CMP600401,2026-06-19,Reopened,Finance Ops,96.0,No,48
TKT700732,BKG303591,CUST101112,CMP600802,2026-03-09,In Progress,City Ops,36.0,Y,72
TKT700733,BKG302264,CUST100037,CMP600713,2026-04-12,open ,Hotel Ops,48.0,Y,72
TKT700734,BKG303037,CUST100652,CMP601426,2026-03-26,open ,CX Escalations,8.0,N,24
TKT700735,BKG304621,CUST101185,CMP600225,2026-03-28,Escalated,Finance Ops,8.0,No,48
TKT700736,BKG303957,CUST101131,CMP600691,2026-05-15,Escalated,Refund Ops,96.0,N,72
TKT700737,BKG303327,CUST101175,CMP600232,2026-02-03,Reopened,Hotel Ops,24.0,False,24
TKT700738,BKG303973,CUST101094,CMP601064,2026-05-31,Open,CX Escalations,96.0,N,72
TKT700739,BKG302708,CUST100134,CMP601289,2026-04-28,Resolved,Hotel Ops,18.0,Yes,72
TKT700740,BKG304080,CUST100146,CMP600819,2026-04-09,Closed,CX Escalations,72.0,Yes,72
TKT700741,BKG304979,CUST101162,CMP601026,2026-04-01,Resolved,CX Escalations,36.0,True,24
TKT700742,BKG301617,CUST100848,CMP601230,2026-08-02,open ,Refund Ops,96.0,No,48
TKT700743,BKG303668,CUST100680,CMP600626,2026-04-26,Reopened,City Ops,120.0,No,24
TKT700744,BKG302939,CUST101197,CMP601105,2026-06-23,Reopened,City Ops,96.0,Yes,72
TKT700745,BKG303402,CUST101059,CMP601115,2026-07-06,open ,CX Escalations,120.0,Y,72
TKT700746,BKG301790,CUST100599,CMP600299,2026-07-17,Reopened,Refund Ops,48.0,True,24
TKT700747,BKG300720,CUST100590,CMP601220,2026-03-03,Open,CX Escalations,,False,48
TKT700748,BKG304871,CUST100449,CMP600215,2026-06-07,Reopened,City Ops,,True,24
TKT700749,BKG300314,CUST100996,CMP600001,2026-05-05,Escalated,Finance Ops,4.0,N,24
TKT700750,BKG300107,CUST100580,CMP601030,2026-05-03,Resolved,Hotel Ops,4.0,Y,72
TKT700751,BKG303563,CUST100114,CMP600451,2026-03-20,In Progress,Finance Ops,12.0,No,72
TKT700752,BKG303399,CUST100594,CMP600707,2026-05-28,Reopened,Finance Ops,72.0,True,24
TKT700753,BKG300778,CUST100937,CMP600479,2026-06-05,Resolved,Refund Ops,12.0,False,48
TKT700754,BKG300519,CUST101149,CMP600919,2026-06-02,Closed,Refund Ops,12.0,N,72
TKT700755,BKG304332,CUST100368,CMP600451,2026-02-13,In Progress,CX Escalations,12.0,True,48
TKT700756,BKG303828,CUST100902,CMP600532,2026-05-24,open ,Refund Ops,96.0,Yes,72
TKT700757,BKG301968,CUST100158,CMP600353,2026-04-28,Resolved,Hotel Ops,8.0,N,48
TKT700758,BKG303327,CUST101175,CMP601375,2026-02-01,Open,CX Escalations,8.0,Yes,24
TKT700759,BKG302089,CUST100564,CMP600634,2026-07-10,Reopened,CX Escalations,,Y,48
TKT700760,BKG304105,CUST100000,CMP600611,2026-06-26,Closed,Refund Ops,12.0,Y,72
TKT700761,BKG301141,CUST100181,CMP600144,2026-05-12,open ,City Ops,,Y,72
TKT700762,BKG301471,CUST100302,CMP600209,2026-04-25,Escalated,Finance Ops,4.0,False,48
TKT700763,BKG302687,CUST100428,CMP601002,2026-05-03,Open,City Ops,120.0,False,72
TKT700764,BKG300387,CUST100150,CMP600195,2026-07-14,Resolved,Finance Ops,,Y,48
TKT700765,BKG302628,CUST100984,CMP601010,2026-05-15,Open,CX Escalations,72.0,Y,24
TKT700766,BKG303999,CUST101193,CMP600364,2026-07-13,open ,CX Escalations,18.0,Y,72
TKT700767,BKG301947,CUST101013,CMP600041,2026-01-31,In Progress,Refund Ops,24.0,No,48
TKT700768,BKG300739,CUST101145,CMP600869,2026-08-20,Closed,Hotel Ops,96.0,False,48
TKT700769,BKG303642,CUST101089,CMP600819,2026-04-24,Resolved,CX Escalations,24.0,Yes,24
TKT700770,BKG300119,CUST100392,CMP600320,2026-05-10,Open,CX Escalations,4.0,N,24
TKT700771,BKG302010,CUST100601,CMP601083,2026-05-11,Reopened,Finance Ops,8.0,No,24
TKT700772,BKG300752,CUST101066,CMP600707,2026-03-13,Resolved,Finance Ops,72.0,True,48
TKT700773,BKG303099,CUST100506,CMP600412,2026-06-12,In Progress,Hotel Ops,96.0,N,72
TKT700774,BKG301240,CUST100537,CMP600578,2026-08-03,Closed,Refund Ops,4.0,No,72
TKT700775,BKG300764,CUST100167,CMP600390,2026-03-29,Reopened,City Ops,96.0,False,48
TKT700776,BKG303068,CUST100624,CMP601408,2026-07-06,Escalated,Refund Ops,120.0,Y,24
TKT700777,BKG301822,CUST100942,CMP600231,2026-05-04,Escalated,Refund Ops,24.0,False,48
TKT700778,BKG304424,CUST101141,CMP601428,2026-06-27,Reopened,Hotel Ops,12.0,Yes,48
TKT700779,BKG300738,CUST101063,CMP601102,2026-04-29,Open,CX Escalations,48.0,False,48
TKT700780,BKG304303,CUST100048,CMP600322,2026-03-19,open ,Refund Ops,48.0,True,48
TKT700781,BKG300183,CUST100310,CMP600359,2026-04-30,In Progress,CX Escalations,96.0,False,72
TKT700782,BKG300444,CUST100120,CMP600841,2026-03-27,Escalated,CX Escalations,18.0,False,72
TKT700783,BKG304050,CUST100886,CMP601388,2026-03-21,In Progress,Hotel Ops,,N,48
TKT700784,BKG303596,CUST100189,CMP600523,2026-06-11,Closed,Hotel Ops,72.0,True,24
TKT700785,BKG304996,CUST100628,CMP600177,2026-06-08,In Progress,Hotel Ops,12.0,Yes,72
TKT700786,BKG304893,CUST100693,CMP600147,2026-06-16,Escalated,City Ops,4.0,False,48
TKT700787,BKG300547,CUST101019,CMP600041,2026-03-30,Escalated,City Ops,24.0,N,48
TKT700788,BKG301810,CUST100322,CMP600759,2026-02-24,Resolved,Finance Ops,72.0,True,48
TKT700789,BKG302807,CUST100607,CMP601072,2026-04-05,Escalated,Refund Ops,36.0,No,72
TKT700790,BKG303179,CUST100557,CMP600408,2026-03-05,In Progress,City Ops,120.0,False,24
TKT700791,BKG304557,CUST100806,CMP600694,2026-06-06,Open,Hotel Ops,8.0,Yes,24
TKT700792,BKG301136,CUST101082,CMP600170,2026-07-08,Escalated,CX Escalations,48.0,No,24
TKT700793,BKG303861,CUST100341,CMP600613,2026-04-10,Open,CX Escalations,48.0,N,24
TKT700794,BKG302659,CUST101180,CMP600591,2026-03-01,Closed,Finance Ops,24.0,Yes,24
TKT700795,BKG303767,CUST100523,CMP600865,2026-04-22,open ,Finance Ops,48.0,Y,24
TKT700796,BKG301460,CUST100011,CMP600608,2026-02-16,Open,Refund Ops,24.0,No,48
TKT700797,BKG301820,CUST100506,CMP600948,2026-02-21,Escalated,Refund Ops,12.0,Yes,48
TKT700798,BKG303118,CUST100516,CMP600446,2026-05-03,Closed,Finance Ops,18.0,True,24
TKT700799,BKG301280,CUST100191,CMP600581,2026-05-24,Escalated,Finance Ops,18.0,False,48
TKT700800,BKG301657,CUST100104,CMP601009,2026-06-08,Closed,Finance Ops,120.0,N,24
TKT700801,BKG302955,CUST100215,CMP600360,2026-02-03,In Progress,Finance Ops,24.0,True,72
TKT700802,BKG303499,CUST100247,CMP600147,2026-02-25,open ,City Ops,24.0,False,72
TKT700803,BKG304258,CUST100023,CMP600844,2026-01-31,In Progress,City Ops,72.0,N,72
TKT700804,BKG302069,CUST100560,CMP600326,2026-04-18,open ,City Ops,48.0,True,24
TKT700805,BKG301549,CUST100305,CMP600918,2026-03-21,Reopened,City Ops,96.0,Yes,48
TKT700806,BKG300071,CUST100782,CMP600150,2026-07-31,Resolved,Refund Ops,,No,72
TKT700807,BKG304316,CUST101184,CMP600363,2026-04-23,Resolved,Finance Ops,96.0,Y,24
TKT700808,BKG300130,CUST100350,CMP600075,2026-06-29,Escalated,Finance Ops,4.0,N,48
TKT700809,BKG300863,CUST100904,CMP601067,2026-03-01,Reopened,CX Escalations,12.0,True,48
TKT700810,BKG303812,CUST100958,CMP600775,2026-05-25,Resolved,Finance Ops,8.0,Y,24
TKT700811,BKG300614,CUST100905,CMP600802,2026-07-05,In Progress,City Ops,48.0,False,48
TKT700812,BKG301025,CUST100569,CMP600142,2026-05-18,Open,CX Escalations,48.0,Yes,48
TKT700813,BKG303747,CUST100225,CMP600263,2026-05-30,Open,Finance Ops,8.0,True,48
TKT700814,BKG300787,CUST100498,CMP600951,2026-05-06,Open,Refund Ops,48.0,No,48
TKT700815,BKG301683,CUST100379,CMP600283,2026-05-11,Closed,Hotel Ops,120.0,False,48
TKT700816,BKG300586,CUST100589,CMP600778,2026-05-17,Escalated,Refund Ops,18.0,No,24
TKT700817,BKG301003,CUST101141,CMP601379,2026-05-04,Open,Hotel Ops,36.0,No,24
TKT700818,BKG303769,CUST100258,CMP600677,2026-05-15,Closed,Hotel Ops,96.0,N,72
TKT700819,BKG300446,CUST100525,CMP600462,2026-04-22,Closed,Refund Ops,36.0,N,48
TKT700820,BKG301925,CUST101171,CMP600637,2026-02-20,Reopened,City Ops,120.0,No,24
TKT700821,BKG303487,CUST101142,CMP601129,2026-03-20,open ,City Ops,18.0,Yes,72
TKT700822,BKG300196,CUST100053,CMP600098,2026-07-07,open ,Refund Ops,12.0,Y,48
TKT700823,BKG300069,CUST100924,CMP600179,2026-01-26,Closed,Finance Ops,24.0,False,48
TKT700824,BKG303360,CUST100698,CMP600025,2026-05-23,Reopened,City Ops,48.0,Y,48
TKT700825,BKG303237,CUST100179,CMP601164,2026-03-15,Closed,CX Escalations,120.0,N,48
TKT700826,BKG300002,CUST100507,CMP601337,2026-04-10,Open,CX Escalations,120.0,True,72
TKT700827,BKG303772,CUST100185,CMP600504,2026-05-04,In Progress,CX Escalations,,No,72
TKT700828,BKG300209,CUST100014,CMP600226,2026-03-07,Escalated,City Ops,4.0,False,24
TKT700829,BKG301092,CUST100593,CMP601360,2026-05-14,In Progress,City Ops,48.0,True,48
TKT700830,BKG304428,CUST101180,CMP600372,2026-05-27,open ,Refund Ops,,Yes,72
TKT700831,BKG301143,CUST101101,CMP601241,2026-04-17,Resolved,Finance Ops,120.0,False,72
TKT700832,BKG301981,CUST100999,CMP600193,2026-03-24,Reopened,Refund Ops,120.0,Yes,72
TKT700833,BKG301796,CUST100498,CMP601131,2026-06-11,In Progress,Finance Ops,24.0,Y,72
TKT700834,BKG301324,CUST101014,CMP600494,2026-04-11,In Progress,Hotel Ops,8.0,No,48
TKT700835,BKG302342,CUST101180,CMP600625,2026-06-23,Reopened,Hotel Ops,48.0,Yes,72
TKT700836,BKG302548,CUST100933,CMP600577,2026-02-04,Open,Hotel Ops,72.0,Yes,72
TKT700837,BKG301757,CUST100496,CMP600881,2026-05-10,Reopened,CX Escalations,,Yes,24
TKT700838,BKG302805,CUST101198,CMP601498,2026-02-21,Open,CX Escalations,48.0,Yes,48
TKT700839,BKG302548,CUST100933,CMP601321,2026-01-15,Escalated,Refund Ops,48.0,True,72
TKT700840,BKG304690,CUST100505,CMP601375,2026-02-17,Resolved,Finance Ops,48.0,True,48
TKT700841,BKG303432,CUST100601,CMP600855,2026-03-29,open ,Refund Ops,72.0,No,48
TKT700842,BKG304303,CUST100048,CMP601384,2026-04-25,Escalated,Refund Ops,96.0,Yes,24
TKT700843,BKG302601,CUST100312,CMP600465,2026-05-31,Escalated,CX Escalations,,True,48
TKT700844,BKG304848,CUST101106,CMP600934,2026-04-09,Escalated,Hotel Ops,4.0,No,24
TKT700845,BKG302714,CUST100373,CMP600229,2026-06-20,Reopened,Finance Ops,18.0,True,24
TKT700846,BKG300043,CUST100563,CMP600809,2026-03-08,open ,Hotel Ops,120.0,Y,48
TKT700847,BKG304018,CUST101087,CMP600761,2026-07-10,Escalated,CX Escalations,72.0,True,48
TKT700848,BKG301932,CUST100683,CMP601118,2026-04-01,Resolved,Hotel Ops,120.0,True,72
TKT700849,BKG300350,CUST100764,CMP600605,2026-05-22,open ,Hotel Ops,48.0,False,72
TKT700850,BKG304897,CUST100441,CMP601367,2026-05-05,Reopened,CX Escalations,96.0,Y,24
TKT700851,BKG302320,CUST100566,CMP600954,2026-03-22,Resolved,CX Escalations,24.0,False,48
TKT700852,BKG301553,CUST100982,CMP601132,2026-02-25,Resolved,Finance Ops,72.0,False,24
TKT700853,BKG300537,CUST101065,CMP601219,2026-07-22,Closed,Hotel Ops,72.0,True,72
TKT700854,BKG304180,CUST100919,CMP600869,2026-05-29,In Progress,Refund Ops,8.0,N,48
TKT700855,BKG304508,CUST100299,CMP600330,2026-03-24,open ,Finance Ops,,N,24
TKT700856,BKG303767,CUST100523,CMP600807,2026-07-02,open ,City Ops,120.0,Yes,24
TKT700857,BKG304071,CUST100742,CMP600422,2026-03-27,Escalated,Finance Ops,120.0,True,48
TKT700858,BKG304641,CUST100258,CMP601422,2026-03-24,Resolved,City Ops,72.0,No,72
TKT700859,BKG303676,CUST100210,CMP600223,2026-03-17,open ,Refund Ops,24.0,False,48
TKT700860,BKG302956,CUST100680,CMP600464,2026-06-21,Open,City Ops,72.0,No,48
TKT700861,BKG303489,CUST100564,CMP601176,2026-07-12,Reopened,Finance Ops,8.0,False,72
TKT700862,BKG301716,CUST100282,CMP600178,2026-05-27,Resolved,Finance Ops,36.0,N,24
TKT700863,BKG303915,CUST100328,CMP600119,2026-06-25,Open,Hotel Ops,24.0,Y,48
TKT700864,BKG302818,CUST100702,CMP600207,2026-04-16,open ,Hotel Ops,4.0,No,72
TKT700865,BKG303751,CUST100564,CMP601271,2026-04-14,Escalated,Hotel Ops,120.0,No,48
TKT700866,BKG301590,CUST100795,CMP600489,2026-04-26,In Progress,Hotel Ops,96.0,No,72
TKT700867,BKG302322,CUST101124,CMP600408,2026-04-25,Reopened,Finance Ops,18.0,True,48
TKT700868,BKG301822,CUST100942,CMP600396,2026-04-22,Reopened,City Ops,12.0,Y,48
TKT700869,BKG304363,CUST100087,CMP600091,2026-06-25,Escalated,City Ops,12.0,False,24
TKT700870,BKG302021,CUST100319,CMP600323,2026-04-16,Escalated,Refund Ops,120.0,Yes,48
TKT700871,BKG300640,CUST100003,CMP600176,2026-04-11,Resolved,Finance Ops,48.0,Y,72
TKT700872,BKG300790,CUST100777,CMP601267,2026-07-24,In Progress,City Ops,8.0,False,24
TKT700873,BKG300435,CUST100634,CMP600730,2026-03-04,Open,Finance Ops,24.0,Yes,72
TKT700874,BKG300597,CUST101180,CMP600998,2026-05-13,Open,CX Escalations,48.0,Y,24
TKT700875,BKG303664,CUST100370,CMP601310,2026-07-19,Closed,Finance Ops,4.0,Yes,48
TKT700876,BKG303434,CUST100332,CMP600679,2026-06-16,Open,Refund Ops,12.0,Yes,72
TKT700877,BKG301676,CUST101138,CMP600961,2026-08-23,Closed,City Ops,36.0,No,48
TKT700878,BKG302181,CUST100604,CMP601266,2026-02-13,In Progress,Hotel Ops,96.0,N,48
TKT700879,BKG303563,CUST100114,CMP600788,2026-04-07,Closed,City Ops,4.0,No,24
TKT700880,BKG300065,CUST100873,CMP600626,2026-05-27,Open,CX Escalations,,Yes,48
TKT700881,BKG301733,CUST100575,CMP600115,2026-02-13,Reopened,Refund Ops,12.0,N,72
TKT700882,BKG301505,CUST100484,CMP600002,2026-03-23,Closed,City Ops,24.0,No,24
TKT700883,BKG301484,CUST100865,CMP601023,2026-05-02,Resolved,Finance Ops,12.0,No,24
TKT700884,BKG304848,CUST101106,CMP601314,2026-01-26,Closed,City Ops,96.0,Y,48
TKT700885,BKG301903,CUST100679,CMP600794,2026-04-04,Open,Refund Ops,72.0,No,72
TKT700886,BKG304349,CUST100100,CMP600300,2026-04-17,Open,CX Escalations,72.0,No,24
TKT700887,BKG302320,CUST100566,CMP600462,2026-02-27,open ,CX Escalations,36.0,True,72
TKT700888,BKG304690,CUST100505,CMP600004,2026-05-07,Closed,Refund Ops,120.0,No,72
TKT700889,BKG301836,CUST101121,CMP600733,2026-06-25,open ,Refund Ops,,N,48
TKT700890,BKG300921,CUST100777,CMP601438,2026-04-18,In Progress,Hotel Ops,48.0,Y,48
TKT700891,BKG302716,CUST100757,CMP600128,2026-08-06,Open,Hotel Ops,96.0,Y,48
TKT700892,BKG304459,CUST100502,CMP601452,2026-08-07,Resolved,Refund Ops,18.0,True,24
TKT700893,BKG304657,CUST100843,CMP601233,2026-06-18,Resolved,Finance Ops,48.0,True,24
TKT700894,BKG302957,CUST100292,CMP601084,2026-03-30,Open,CX Escalations,18.0,No,48
TKT700895,BKG304965,CUST100560,CMP601143,2026-02-17,Resolved,Finance Ops,4.0,Yes,72
TKT700896,BKG300863,CUST100904,CMP600959,2026-03-23,Closed,CX Escalations,4.0,N,72
TKT700897,BKG301455,CUST101020,CMP600583,2026-05-09,Closed,Finance Ops,24.0,Yes,48
TKT700898,BKG300646,CUST100557,CMP600789,2026-03-14,open ,City Ops,48.0,No,48
TKT700899,BKG300402,CUST100632,CMP600455,2026-02-07,In Progress,City Ops,12.0,N,24
TKT700900,BKG304293,CUST101080,CMP600020,2026-03-03,Closed,City Ops,120.0,No,48
TKT700901,BKG304524,CUST100516,CMP600081,2026-03-10,In Progress,Refund Ops,48.0,No,24
TKT700902,BKG303400,CUST100832,CMP601446,2026-02-11,Reopened,Finance Ops,36.0,N,72
TKT700903,BKG302673,CUST100303,CMP600974,2026-05-23,Open,CX Escalations,48.0,False,72
TKT700904,BKG301091,CUST100453,CMP600234,2026-08-03,In Progress,City Ops,8.0,True,72
TKT700905,BKG300207,CUST100368,CMP600126,2026-06-10,Open,CX Escalations,18.0,Yes,72
TKT700906,BKG301737,CUST100011,CMP600179,2026-07-05,Closed,Finance Ops,,N,72
TKT700907,BKG300154,CUST100990,CMP601230,invalid-date,Open,CX Escalations,120.0,N,24
TKT700908,BKG304420,CUST100670,CMP601149,2026-02-27,Reopened,Refund Ops,4.0,Yes,24
TKT700909,BKG301170,CUST100550,CMP600465,2026-01-29,Open,City Ops,12.0,No,48
TKT700910,BKG300221,CUST100947,CMP600841,2026-07-07,In Progress,Hotel Ops,48.0,Yes,48
TKT700911,BKG301421,CUST100219,CMP601045,2026-06-23,Resolved,Refund Ops,8.0,False,24
TKT700912,BKG301597,CUST101106,CMP600639,2026-05-03,Open,Refund Ops,18.0,False,72
TKT700913,BKG301675,CUST100611,CMP601189,2026-03-23,Closed,Hotel Ops,120.0,N,48
TKT700914,BKG303033,CUST100858,CMP601198,2026-06-08,Closed,CX Escalations,12.0,Yes,48
TKT700915,BKG304571,CUST100611,CMP601468,2026-06-12,Escalated,Refund Ops,24.0,Yes,24
TKT700916,BKG301428,CUST101016,CMP600362,2026-06-01,In Progress,Hotel Ops,120.0,Y,72
TKT700917,BKG302757,CUST100188,CMP600788,2026-05-18,Closed,CX Escalations,120.0,True,48
TKT700918,BKG302787,CUST100106,CMP601129,2026-04-23,Closed,City Ops,48.0,N,24
TKT700919,BKG303181,CUST100680,CMP601410,2026-08-01,Open,CX Escalations,36.0,N,48
TKT700920,BKG303542,CUST100201,CMP600234,2026-04-02,Escalated,Hotel Ops,12.0,Yes,24
TKT700921,BKG301177,CUST100735,CMP600124,2026-06-28,Open,City Ops,36.0,N,48
TKT700922,BKG301451,CUST101010,CMP601307,2026-02-23,Reopened,Finance Ops,4.0,Y,72
TKT700923,BKG301697,CUST100582,CMP600004,2026-06-30,Escalated,Refund Ops,72.0,N,72
TKT700924,BKG301044,CUST100442,CMP601061,2026-04-20,Escalated,Hotel Ops,36.0,N,24
TKT700925,BKG303508,CUST100464,CMP600121,2026-08-19,Resolved,Finance Ops,24.0,Y,24
TKT700926,BKG303037,CUST100652,CMP600745,2026-03-22,open ,CX Escalations,18.0,True,48
TKT700927,BKG303149,CUST100871,CMP600979,2026-02-26,Escalated,Hotel Ops,12.0,No,48
TKT700928,BKG300031,CUST100930,CMP601178,2026-06-12,Reopened,Refund Ops,,False,72
TKT700929,BKG303054,CUST100154,CMP600881,2026-04-18,Closed,City Ops,24.0,True,72
TKT700930,BKG302224,CUST100059,CMP601491,2026-05-19,In Progress,Refund Ops,8.0,False,24
TKT700931,BKG304521,CUST100628,CMP600104,2026-03-14,Closed,Finance Ops,18.0,False,48
TKT700932,BKG303219,CUST100094,CMP601001,2026-03-28,Escalated,Finance Ops,8.0,N,48
TKT700933,BKG302683,CUST100977,CMP600309,2026-03-28,Closed,CX Escalations,72.0,Y,24
TKT700934,BKG301342,CUST100344,CMP600855,2026-03-06,Open,Refund Ops,4.0,True,24
TKT700935,BKG302652,CUST100927,CMP601125,2026-06-19,open ,Hotel Ops,18.0,Y,24
TKT700936,BKG304978,CUST100513,CMP600622,2026-08-16,In Progress,Refund Ops,120.0,True,24
TKT700937,BKG304672,CUST100322,CMP600522,2026-04-04,open ,CX Escalations,18.0,N,72
TKT700938,BKG304909,CUST100848,CMP600140,2026-05-13,Reopened,City Ops,8.0,N,72
TKT700939,BKG303533,CUST100678,CMP600986,2026-03-31,Open,Hotel Ops,18.0,True,24
TKT700940,BKG303495,CUST101065,CMP601162,2026-07-23,Reopened,Finance Ops,72.0,N,24
TKT700941,BKG303951,CUST100815,CMP600944,2026-02-09,In Progress,Refund Ops,96.0,Yes,48
TKT700942,BKG303282,CUST101085,CMP601039,2026-06-15,Closed,Finance Ops,12.0,True,24
TKT700943,BKG301616,CUST100808,CMP601203,invalid-date,Open,Finance Ops,4.0,False,72
TKT700944,BKG301127,CUST100052,CMP600874,2026-04-17,In Progress,Finance Ops,72.0,No,72
TKT700945,BKG304556,CUST100023,CMP600947,2026-04-13,open ,CX Escalations,4.0,N,72
TKT700946,BKG301437,CUST100484,CMP601202,2026-06-16,Open,Hotel Ops,36.0,True,24
TKT700947,BKG302832,CUST101191,CMP600139,2026-02-05,Open,Finance Ops,36.0,False,48
TKT700948,BKG303368,CUST100248,CMP600512,2026-06-23,Closed,CX Escalations,,False,48
TKT700949,BKG300571,CUST100316,CMP600734,2026-04-04,Resolved,Hotel Ops,8.0,False,72
TKT700950,BKG304789,CUST101196,CMP600532,2026-05-24,Open,Hotel Ops,18.0,Yes,24
TKT700951,BKG304168,CUST101052,CMP601036,2026-05-03,open ,CX Escalations,96.0,Y,72
TKT700952,BKG301648,CUST101061,CMP601075,2026-05-02,In Progress,Refund Ops,4.0,No,72
TKT700953,BKG300650,CUST100643,CMP601071,2026-08-21,Escalated,CX Escalations,8.0,True,24
TKT700954,BKG300681,CUST100035,CMP600164,2026-05-29,Reopened,City Ops,36.0,No,24
TKT700955,BKG302381,CUST100173,CMP600812,2026-08-18,Open,City Ops,24.0,False,72
TKT700956,BKG303937,CUST100415,CMP600275,2026-02-25,Resolved,Finance Ops,72.0,No,72
TKT700957,BKG300257,CUST100387,CMP600483,2026-04-21,open ,City Ops,72.0,Y,48
TKT700958,BKG304237,CUST100914,CMP601099,2026-06-07,Resolved,Hotel Ops,72.0,N,48
TKT700959,BKG300770,CUST101072,CMP601073,2026-03-30,open ,Refund Ops,24.0,Y,48
TKT700960,BKG301977,CUST100600,CMP600874,2026-04-30,Open,City Ops,,True,24
TKT700961,BKG300092,CUST100090,CMP600523,2026-02-26,Escalated,City Ops,120.0,N,48
TKT700962,BKG300189,CUST100496,CMP601146,2026-04-10,Open,CX Escalations,8.0,False,48
TKT700963,BKG304799,CUST100586,CMP600795,2026-04-16,Reopened,Refund Ops,,False,24
TKT700964,BKG302306,CUST100349,CMP601010,2026-04-02,Closed,CX Escalations,120.0,Yes,24
TKT700965,BKG300227,CUST100433,CMP601227,2026-08-01,Escalated,CX Escalations,36.0,True,24
TKT700966,BKG303108,CUST100869,CMP600051,2026-03-15,Closed,Finance Ops,12.0,Y,24
TKT700967,BKG301679,CUST101097,CMP600234,2026-07-24,Closed,CX Escalations,120.0,True,24
TKT700968,BKG300780,CUST100517,CMP600655,2026-05-04,Resolved,Finance Ops,24.0,No,24
TKT700969,BKG304223,CUST100574,CMP600446,2026-01-28,Escalated,CX Escalations,8.0,No,72
TKT700970,BKG301641,CUST100307,CMP601187,2026-04-20,open ,City Ops,18.0,No,72
TKT700971,BKG304255,CUST100011,CMP600696,2026-05-16,Closed,City Ops,36.0,True,24
TKT700972,BKG303853,CUST101111,CMP601486,2026-04-12,In Progress,CX Escalations,18.0,False,24
TKT700973,BKG304288,CUST100912,CMP600739,2026-03-09,In Progress,Hotel Ops,120.0,N,72
TKT700974,BKG304943,CUST100054,CMP600836,2026-04-08,Resolved,CX Escalations,8.0,N,72
TKT700975,BKG300137,CUST100044,CMP600375,2026-06-03,Escalated,City Ops,12.0,N,24
TKT700976,BKG301136,CUST101082,CMP600252,2026-06-15,Reopened,Finance Ops,36.0,True,48
TKT700977,BKG300494,CUST100030,CMP601345,2026-05-12,open ,Finance Ops,96.0,No,24
TKT700978,BKG304489,CUST100411,CMP600630,2026-05-06,Reopened,Finance Ops,12.0,Y,24
TKT700979,BKG304362,CUST100566,CMP601123,2026-07-15,Resolved,Hotel Ops,96.0,No,72
TKT700980,BKG301467,CUST100038,CMP600769,2026-06-01,Escalated,CX Escalations,8.0,No,72
TKT700981,BKG303573,CUST100286,CMP600736,2026-06-07,open ,City Ops,24.0,N,48
TKT700982,BKG302704,CUST100241,CMP600037,2026-04-12,Resolved,Finance Ops,96.0,No,48
TKT700983,BKG301587,CUST100328,CMP600613,2026-07-16,Closed,CX Escalations,120.0,Yes,48
TKT700984,BKG300065,CUST100873,CMP600804,2026-05-11,Reopened,City Ops,4.0,False,48
TKT700985,BKG303800,CUST100573,CMP600696,2026-05-03,In Progress,City Ops,24.0,N,24
TKT700986,BKG301395,CUST101143,CMP600475,2026-03-12,open ,City Ops,48.0,Y,72
TKT700987,BKG301485,CUST100077,CMP601326,2026-06-25,open ,City Ops,8.0,No,24
TKT700988,BKG304537,CUST101152,CMP601332,2026-06-06,Reopened,City Ops,12.0,False,24
TKT700989,BKG303299,CUST100565,CMP600034,2026-06-17,Open,Refund Ops,18.0,Yes,72
TKT700990,BKG301380,CUST100760,CMP601324,2026-03-15,Escalated,Hotel Ops,48.0,False,72
TKT700991,BKG304959,CUST100834,CMP600878,2026-07-13,Open,Finance Ops,18.0,False,72
TKT700992,BKG302717,CUST100748,CMP601116,2026-07-23,Open,City Ops,4.0,Y,24
TKT700993,BKG304580,CUST101104,CMP600883,2026-04-11,Resolved,Refund Ops,18.0,False,72
TKT700994,BKG303050,CUST100784,CMP600681,2026-03-23,Open,CX Escalations,48.0,False,72
TKT700995,BKG301648,CUST101061,CMP600635,2026-02-19,Resolved,Finance Ops,8.0,No,72
TKT700996,BKG304051,CUST100242,CMP600073,2026-04-15,open ,Refund Ops,18.0,True,48
TKT700997,BKG300182,CUST100493,CMP601202,2026-05-22,open ,CX Escalations,96.0,Y,48
TKT700998,BKG303767,CUST100523,CMP600373,2026-05-04,Reopened,CX Escalations,48.0,Yes,24
TKT700999,BKG303712,CUST100109,CMP600471,2026-05-21,Escalated,Refund Ops,48.0,N,24
TKT701000,BKG303092,CUST100791,CMP600300,2026-03-13,Escalated,City Ops,18.0,False,48
TKT701001,BKG304364,CUST100475,CMP600241,2026-06-27,In Progress,City Ops,12.0,True,24
TKT701002,BKG300565,CUST100919,CMP600056,2026-07-30,Resolved,Refund Ops,8.0,Y,24
TKT701003,BKG301616,CUST100808,CMP600175,2026-04-20,Open,CX Escalations,12.0,False,48
TKT701004,BKG302101,CUST101118,CMP600543,2026-06-08,open ,City Ops,96.0,No,24
TKT701005,BKG302556,CUST100366,CMP601450,2026-05-12,Escalated,Hotel Ops,,N,24
TKT701006,BKG304276,CUST100614,CMP601209,2026-04-06,Escalated,City Ops,18.0,False,24
TKT701007,BKG301273,CUST100388,CMP601055,2026-04-15,Resolved,CX Escalations,72.0,N,48
TKT701008,BKG302767,CUST100486,CMP600789,2026-04-25,Resolved,City Ops,24.0,N,72
TKT701009,BKG301213,CUST100368,CMP600529,2026-04-11,open ,Hotel Ops,120.0,No,48
TKT701010,BKG300254,CUST100919,CMP600449,2026-01-30,Open,Hotel Ops,18.0,False,24
TKT701011,BKG304855,CUST100604,CMP600934,2026-06-10,Escalated,Finance Ops,4.0,N,48
TKT701012,BKG301660,CUST100457,CMP601335,2026-03-04,Resolved,Hotel Ops,18.0,False,48
TKT701013,BKG303987,CUST100441,CMP600247,2026-04-24,Closed,City Ops,,False,24
TKT701014,BKG300103,CUST100188,CMP600590,2026-04-14,open ,Refund Ops,8.0,Y,72
TKT701015,BKG302162,CUST100027,CMP601203,2026-05-08,In Progress,Refund Ops,8.0,No,24
TKT701016,BKG301807,CUST100925,CMP601029,2026-04-21,Reopened,Finance Ops,,False,72
TKT701017,BKG301986,CUST100912,CMP600200,2026-05-27,Escalated,CX Escalations,,No,48
TKT701018,BKG304140,CUST101125,CMP600484,2026-06-16,Open,Finance Ops,48.0,Y,72
TKT701019,BKG303440,CUST101031,CMP601413,2026-05-04,Closed,Finance Ops,,N,48
TKT701020,BKG300908,CUST100972,CMP600752,2026-03-15,Resolved,Hotel Ops,72.0,Yes,72
TKT701021,BKG303730,CUST100259,CMP600719,2026-04-14,Escalated,Hotel Ops,18.0,N,48
TKT701022,BKG301227,CUST100709,CMP601096,2026-06-13,Resolved,Finance Ops,12.0,No,72
TKT701023,BKG304461,CUST100787,CMP600115,2026-06-30,Escalated,CX Escalations,48.0,True,24
TKT701024,BKG303528,CUST100787,CMP600186,2026-06-23,In Progress,Finance Ops,4.0,Y,72
TKT701025,BKG300047,CUST100218,CMP600764,2026-03-14,Open,CX Escalations,120.0,Y,24
TKT701026,BKG303317,CUST101151,CMP601114,2026-06-21,Reopened,CX Escalations,24.0,Y,24
TKT701027,BKG303592,CUST100712,CMP601043,2026-04-23,open ,Finance Ops,4.0,Yes,48
TKT701028,BKG303128,CUST100141,CMP601130,2026-05-23,Escalated,City Ops,48.0,Yes,24
TKT701029,BKG300832,CUST101045,CMP600557,2026-06-12,open ,CX Escalations,24.0,No,72
TKT701030,BKG303107,CUST100938,CMP600946,2026-04-02,Resolved,Finance Ops,120.0,Y,48
TKT701031,BKG301057,CUST100119,CMP600597,2026-02-12,Open,Refund Ops,12.0,False,24
TKT701032,BKG302069,CUST100560,CMP600366,2026-05-31,Open,CX Escalations,36.0,Y,24
TKT701033,BKG304443,CUST101029,CMP600731,2026-05-20,Escalated,Finance Ops,,N,24
TKT701034,BKG302290,CUST100920,CMP600553,2026-01-30,Open,Refund Ops,120.0,N,72
TKT701035,BKG303503,CUST100772,CMP600279,2026-06-14,Open,City Ops,8.0,Yes,48
TKT701036,BKG302046,CUST100601,CMP600356,2026-06-11,Open,City Ops,18.0,N,48
TKT701037,BKG302397,CUST100699,CMP601378,2026-07-12,Reopened,CX Escalations,24.0,No,24
TKT701038,BKG302454,CUST100578,CMP601048,2026-06-30,In Progress,CX Escalations,72.0,Y,72
TKT701039,BKG303811,CUST100689,CMP600490,2026-06-20,In Progress,Hotel Ops,,Y,72
TKT701040,BKG304129,CUST100790,CMP600645,2026-05-31,Open,Hotel Ops,72.0,No,24
TKT701041,BKG304533,CUST101040,CMP600910,2026-06-18,Resolved,City Ops,8.0,No,72
TKT701042,BKG302522,CUST100314,CMP600736,2026-04-26,Closed,CX Escalations,96.0,N,72
TKT701043,BKG303053,CUST100606,CMP600652,2026-03-13,open ,CX Escalations,36.0,Yes,72
TKT701044,BKG303642,CUST101089,CMP601266,2026-06-28,Resolved,Refund Ops,,Yes,72
TKT701045,BKG304394,CUST100320,CMP600597,2026-04-06,Escalated,Refund Ops,24.0,Yes,24
TKT701046,BKG303991,CUST101154,CMP601009,2026-02-15,Resolved,Hotel Ops,18.0,Y,72
TKT701047,BKG300349,CUST100663,CMP600602,2026-03-20,open ,Finance Ops,96.0,False,72
TKT701048,BKG300997,CUST100220,CMP600538,2026-07-18,Open,CX Escalations,4.0,Yes,48
TKT701049,BKG304062,CUST100988,CMP601413,2026-06-01,Reopened,Finance Ops,12.0,True,48
TKT701050,BKG303763,CUST100324,CMP601017,2026-03-06,Closed,Finance Ops,18.0,True,24
TKT701051,BKG302132,CUST100298,CMP600206,2026-04-30,Resolved,Refund Ops,,True,24
TKT701052,BKG302323,CUST100979,CMP600876,2026-06-18,Reopened,CX Escalations,96.0,True,24
TKT701053,BKG302469,CUST100386,CMP600556,2026-06-28,Open,CX Escalations,24.0,False,48
TKT701054,BKG301806,CUST100046,CMP600370,2026-07-02,Escalated,CX Escalations,,N,72
TKT701055,BKG300515,CUST100815,CMP600520,2026-05-12,Escalated,City Ops,72.0,Y,24
TKT701056,BKG301684,CUST101148,CMP600725,2026-06-30,Reopened,Hotel Ops,120.0,Yes,72
TKT701057,BKG301137,CUST101174,CMP600200,2026-04-07,In Progress,CX Escalations,4.0,Yes,48
TKT701058,BKG304100,CUST100214,CMP600937,2026-06-19,Resolved,CX Escalations,4.0,False,24
TKT701059,BKG304523,CUST100947,CMP600108,2026-06-14,Resolved,Hotel Ops,72.0,True,72
TKT701060,BKG301478,CUST100460,CMP600492,2026-04-03,In Progress,Finance Ops,36.0,True,24
TKT701061,BKG304463,CUST100951,CMP601113,2026-06-22,Resolved,Refund Ops,18.0,N,48
TKT701062,BKG303418,CUST101173,CMP600059,2026-05-30,Resolved,CX Escalations,8.0,True,24
TKT701063,BKG302645,CUST100712,CMP601286,2026-04-15,open ,CX Escalations,96.0,No,24
TKT701064,BKG300004,CUST100445,CMP600736,2026-05-22,Resolved,City Ops,4.0,N,48
TKT701065,BKG302064,CUST100709,CMP600866,2026-04-18,open ,Finance Ops,4.0,N,72
TKT701066,BKG300810,CUST100985,CMP600254,2026-04-08,Escalated,Refund Ops,24.0,Yes,72
TKT701067,BKG303693,CUST100540,CMP600920,2026-06-08,open ,City Ops,36.0,Y,48
TKT701068,BKG303120,CUST100229,CMP600689,2026-05-25,Resolved,Hotel Ops,24.0,No,48
TKT701069,BKG303743,CUST100846,CMP600395,2026-04-17,Reopened,Hotel Ops,12.0,Y,24
TKT701070,BKG302074,CUST100502,CMP600152,2026-05-04,Reopened,Refund Ops,12.0,Y,72
TKT701071,BKG303968,CUST100342,CMP600444,2026-07-04,Escalated,Finance Ops,,N,24
TKT701072,BKG300987,CUST100172,CMP600068,2026-04-14,Closed,Finance Ops,96.0,True,24
TKT701073,BKG304392,CUST100239,CMP600192,2026-07-06,Closed,Finance Ops,120.0,True,72
TKT701074,BKG301191,CUST100686,CMP601420,2026-07-02,open ,Finance Ops,72.0,No,24
TKT701075,BKG304656,CUST100053,CMP601038,2026-02-24,In Progress,Hotel Ops,96.0,Y,72
TKT701076,BKG303510,CUST100086,CMP600066,2026-03-28,Reopened,Hotel Ops,48.0,N,48
TKT701077,BKG300660,CUST100939,CMP601359,2026-06-01,Escalated,Hotel Ops,96.0,Yes,24
TKT701078,BKG301674,CUST100930,CMP600091,2026-03-23,open ,CX Escalations,120.0,Y,72
TKT701079,BKG300588,CUST100964,CMP600408,2026-05-06,In Progress,CX Escalations,36.0,No,48
TKT701080,BKG302465,CUST100373,CMP601231,2026-04-12,Resolved,Finance Ops,120.0,False,72
TKT701081,BKG302624,CUST100541,CMP600577,2026-04-03,Reopened,CX Escalations,18.0,N,72
TKT701082,BKG304951,CUST100447,CMP600752,2026-04-18,Open,Refund Ops,72.0,Yes,24
TKT701083,BKG304219,CUST100054,CMP600755,2026-06-10,Resolved,City Ops,18.0,No,72
TKT701084,BKG303887,CUST100298,CMP600072,2026-03-02,In Progress,Hotel Ops,12.0,Y,24
TKT701085,BKG304319,CUST100782,CMP600228,2026-03-31,In Progress,Finance Ops,12.0,False,24
TKT701086,BKG302364,CUST100421,CMP600123,2026-02-18,Escalated,Hotel Ops,96.0,True,48
TKT701087,BKG300043,CUST100563,CMP601412,2026-03-07,Resolved,CX Escalations,36.0,Y,48
TKT701088,BKG304000,CUST100770,CMP601281,2026-07-27,Open,Finance Ops,36.0,False,24
TKT701089,BKG301278,CUST100118,CMP600616,2026-04-05,Escalated,Finance Ops,48.0,N,24
TKT701090,BKG300467,CUST101193,CMP600464,2026-06-15,Escalated,Finance Ops,24.0,False,48
TKT701091,BKG304006,CUST100588,CMP601289,2026-08-04,Open,Refund Ops,4.0,Y,48
TKT701092,BKG304153,CUST101158,CMP600109,2026-04-18,In Progress,Finance Ops,96.0,Yes,24
TKT701093,BKG301255,CUST100749,CMP600415,2026-03-19,Closed,City Ops,120.0,No,24
TKT701094,BKG301979,CUST101122,CMP601213,2026-07-09,Escalated,CX Escalations,24.0,N,72
TKT701095,BKG304996,CUST100628,CMP601006,2026-06-20,Closed,Hotel Ops,36.0,Y,24
TKT701096,BKG303216,CUST100009,CMP601196,2026-06-07,Open,CX Escalations,72.0,N,48
TKT701097,BKG303041,,CMP600733,2026-06-11,Resolved,Finance Ops,72.0,N,24
TKT701098,BKG303661,CUST100816,CMP600405,2026-02-14,In Progress,CX Escalations,18.0,True,48
TKT701099,BKG304433,CUST100312,CMP600151,2026-06-18,Open,Refund Ops,96.0,Y,72
TKT701100,BKG302191,CUST100924,CMP600513,2026-03-16,Open,Refund Ops,4.0,N,24
TKT701101,BKG304806,CUST100828,CMP600769,2026-01-25,Escalated,Finance Ops,72.0,N,48
TKT701102,BKG302077,CUST100003,CMP601192,2026-05-02,open ,Finance Ops,36.0,True,72
TKT701103,BKG301877,CUST100073,CMP600610,2026-05-08,Open,Hotel Ops,72.0,False,48
TKT701104,BKG301101,CUST100766,CMP601026,2026-06-18,In Progress,Refund Ops,96.0,No,48
TKT701105,BKG301361,CUST101022,CMP600519,2026-07-01,In Progress,Refund Ops,12.0,False,48
TKT701106,BKG300789,CUST100599,CMP600112,2026-07-05,Closed,CX Escalations,120.0,No,48
TKT701107,BKG303828,CUST100902,CMP601153,2026-05-27,Open,Hotel Ops,96.0,No,72
TKT701108,BKG300124,CUST101100,CMP600894,2026-03-17,Closed,Finance Ops,72.0,True,24
TKT701109,BKG302988,CUST100216,CMP601368,2026-03-19,Closed,City Ops,24.0,True,72
TKT701110,BKG303006,CUST100743,CMP601296,2026-06-01,Escalated,Hotel Ops,,False,24
TKT701111,BKG302366,CUST100474,CMP600259,2026-06-24,Reopened,CX Escalations,96.0,Y,72
TKT701112,BKG304924,CUST101180,CMP601321,2026-02-27,Open,City Ops,24.0,No,48
TKT701113,BKG302621,CUST100415,CMP600400,2026-05-15,Reopened,City Ops,18.0,No,24
TKT701114,BKG304107,CUST100840,CMP601052,2026-04-19,Closed,CX Escalations,4.0,N,24
TKT701115,BKG303855,CUST101129,CMP600737,2026-06-12,Escalated,Refund Ops,120.0,Yes,72
TKT701116,BKG301237,CUST100716,CMP601284,2026-07-28,In Progress,CX Escalations,120.0,Yes,48
TKT701117,BKG301058,CUST100849,CMP600429,2026-06-18,Resolved,Finance Ops,24.0,Yes,48
TKT701118,BKG300010,CUST100901,CMP601165,2026-07-20,open ,CX Escalations,72.0,True,48
TKT701119,BKG302472,CUST101140,CMP600201,2026-05-15,Open,Refund Ops,8.0,Yes,24
TKT701120,BKG303964,CUST100159,CMP601473,2026-06-08,open ,City Ops,12.0,Y,24
TKT701121,BKG300973,CUST100034,CMP600727,2026-06-24,Reopened,Refund Ops,36.0,N,72
TKT701122,BKG301117,CUST100120,CMP601491,2026-07-11,Reopened,Finance Ops,18.0,No,48
TKT701123,BKG300650,CUST100643,CMP601345,2026-08-06,In Progress,Hotel Ops,4.0,N,72
TKT701124,BKG302924,CUST100797,CMP600207,2026-01-12,In Progress,City Ops,18.0,Yes,48
TKT701125,BKG304093,CUST100925,CMP600660,2026-03-18,Reopened,CX Escalations,12.0,Yes,24
TKT701126,BKG303164,CUST100760,CMP600428,2026-03-05,Escalated,Finance Ops,72.0,True,24
TKT701127,BKG300936,CUST100080,CMP600114,2026-03-27,open ,Hotel Ops,,N,24
TKT701128,BKG300137,CUST100044,CMP600110,2026-06-29,In Progress,Refund Ops,24.0,True,48
TKT701129,BKG303560,CUST100708,CMP600161,2026-03-05,In Progress,Hotel Ops,8.0,No,48
TKT701130,BKG300863,CUST100904,CMP600564,2026-04-10,Resolved,CX Escalations,36.0,Yes,48
TKT701131,BKG304548,CUST100542,CMP600904,2026-06-14,open ,Hotel Ops,,Y,24
TKT701132,BKG300718,CUST101049,CMP600693,2026-05-27,Resolved,City Ops,8.0,No,48
TKT701133,BKG304826,CUST100567,CMP600918,2026-07-13,Open,CX Escalations,48.0,False,48
TKT701134,BKG301814,CUST100632,CMP600861,2026-06-24,open ,CX Escalations,120.0,Yes,24
TKT701135,BKG301231,CUST100239,CMP600190,2026-03-02,In Progress,City Ops,,No,72
TKT701136,BKG301007,CUST101141,CMP600156,2026-05-20,Escalated,Refund Ops,24.0,Y,24
TKT701137,BKG303694,CUST100567,CMP600622,2026-05-07,open ,Hotel Ops,72.0,N,24
TKT701138,BKG301829,CUST100215,CMP601243,2026-06-22,open ,CX Escalations,,Yes,24
TKT701139,BKG303532,CUST100776,CMP601155,2026-04-03,Closed,CX Escalations,18.0,Y,24
TKT701140,BKG303224,CUST100864,CMP600595,2026-03-21,Reopened,Refund Ops,48.0,Yes,48
TKT701141,BKG304336,CUST101124,CMP600057,2026-05-20,Resolved,Hotel Ops,24.0,True,24
TKT701142,BKG300239,CUST100020,CMP601358,2026-05-11,Resolved,Hotel Ops,4.0,Y,72
TKT701143,BKG301586,CUST100097,CMP600814,2026-06-27,Open,City Ops,72.0,True,72
TKT701144,BKG302412,CUST100275,CMP601260,2026-07-14,Reopened,City Ops,4.0,True,72
TKT701145,BKG303837,CUST101090,CMP601179,2026-07-31,Open,Hotel Ops,48.0,Y,48
TKT701146,BKG302042,CUST100092,CMP601023,2026-01-18,open ,City Ops,8.0,No,72
TKT701147,BKG303127,CUST101150,CMP600156,2026-05-22,Escalated,CX Escalations,96.0,False,72
TKT701148,BKG301537,CUST100296,CMP600246,2026-07-21,open ,Finance Ops,120.0,Y,72
TKT701149,BKG301866,CUST100244,CMP600887,2026-06-21,Open,City Ops,48.0,True,48
TKT701150,BKG302403,CUST100158,CMP601008,2026-05-07,Reopened,CX Escalations,48.0,Y,48
TKT701151,BKG302160,CUST100133,CMP600364,2026-02-05,In Progress,City Ops,48.0,Yes,72
TKT701152,BKG303169,CUST100961,CMP601056,2026-06-22,Escalated,City Ops,12.0,Yes,72
TKT701153,BKG304004,CUST100891,CMP600690,2026-04-29,Closed,Refund Ops,4.0,False,24
TKT701154,BKG303861,CUST100341,CMP600817,2026-05-07,open ,City Ops,36.0,True,24
TKT701155,BKG303077,CUST100270,CMP600216,2026-03-16,Reopened,Refund Ops,36.0,Y,24
TKT701156,BKG304799,CUST100586,CMP601003,2026-05-18,Escalated,Hotel Ops,48.0,Yes,72
TKT701157,BKG304932,CUST100717,CMP601145,2026-04-30,Open,CX Escalations,96.0,True,24
TKT701158,BKG303839,CUST100321,CMP600927,2026-04-25,Escalated,Refund Ops,48.0,False,48
TKT701159,BKG301334,CUST101079,CMP600648,2026-03-04,Open,Hotel Ops,48.0,N,72
TKT701160,BKG304387,CUST100908,CMP601499,2026-03-16,In Progress,Finance Ops,8.0,True,24
TKT701161,BKG302431,CUST100697,CMP601339,2026-04-21,Escalated,City Ops,18.0,True,72
TKT701162,BKG300953,CUST100977,CMP600194,2026-03-27,open ,City Ops,36.0,Yes,48
TKT701163,BKG304423,CUST101106,CMP600093,2026-05-29,Escalated,City Ops,72.0,Yes,24
TKT701164,BKG300054,CUST100567,CMP601281,2026-04-12,In Progress,CX Escalations,36.0,False,24
TKT701165,BKG300364,CUST100605,CMP600452,2026-03-22,open ,Finance Ops,4.0,True,24
TKT701166,BKG303059,CUST101121,CMP600387,2026-01-16,In Progress,City Ops,120.0,Y,72
TKT701167,BKG303012,CUST100326,CMP600953,2026-06-22,open ,Refund Ops,24.0,Yes,72
TKT701168,BKG300959,CUST101072,CMP600811,2026-08-06,In Progress,Finance Ops,4.0,N,72
TKT701169,BKG300976,CUST100717,CMP600308,2026-02-22,open ,City Ops,120.0,False,24
TKT701170,BKG300906,CUST100031,CMP600905,2026-05-26,In Progress,Refund Ops,36.0,Y,24
TKT701171,BKG303495,CUST101065,CMP600736,2026-06-09,In Progress,Finance Ops,120.0,N,72
TKT701172,BKG300637,CUST100916,CMP600082,2026-05-13,Escalated,Finance Ops,72.0,Yes,24
TKT701173,BKG300658,CUST100727,CMP601326,2026-04-04,Resolved,City Ops,24.0,No,72
TKT701174,BKG301393,CUST100248,CMP600492,2026-03-18,Resolved,Hotel Ops,18.0,No,24
TKT701175,BKG300380,CUST100997,CMP601411,2026-03-25,Reopened,City Ops,24.0,N,48
TKT701176,BKG300090,CUST100094,CMP600820,2026-04-04,open ,Hotel Ops,4.0,True,72
TKT701177,BKG304173,CUST100808,CMP600251,2026-04-02,Open,CX Escalations,24.0,True,72
TKT701178,BKG301184,CUST100120,CMP600305,2026-07-28,Resolved,Hotel Ops,48.0,No,48
TKT701179,BKG304152,CUST100620,CMP601196,2026-04-03,Escalated,Hotel Ops,120.0,No,24
TKT701180,BKG304373,CUST100934,CMP600059,2026-02-04,Resolved,Finance Ops,120.0,N,72
TKT701181,BKG303331,CUST100373,CMP601418,2026-06-09,Reopened,City Ops,4.0,False,24
TKT701182,BKG304808,CUST100403,CMP601184,2026-03-28,Reopened,Finance Ops,12.0,Y,24
TKT701183,BKG301366,CUST100812,CMP600975,2026-01-07,open ,Refund Ops,96.0,Yes,48
TKT701184,BKG303773,CUST100343,CMP600614,2026-07-28,In Progress,CX Escalations,,Yes,24
TKT701185,BKG303788,CUST101044,CMP600090,2026-05-07,Reopened,City Ops,18.0,N,24
TKT701186,BKG302881,CUST100948,CMP600044,2026-03-15,Escalated,Finance Ops,12.0,False,24
TKT701187,BKG304965,CUST100560,CMP600072,2026-04-15,In Progress,CX Escalations,24.0,False,24
TKT701188,BKG304635,CUST100968,CMP601017,2026-03-06,open ,City Ops,24.0,True,24
TKT701189,BKG303242,CUST100347,CMP601416,2026-05-10,open ,Refund Ops,18.0,True,24
TKT701190,BKG304124,CUST100987,CMP600570,2026-04-30,Open,Finance Ops,4.0,Y,24
TKT701191,BKG300810,CUST100985,CMP601127,2026-05-07,In Progress,Refund Ops,24.0,Yes,72
TKT701192,BKG301017,CUST100903,CMP600051,2026-03-25,In Progress,Finance Ops,24.0,False,48
TKT701193,BKG301065,CUST101172,CMP601226,2026-06-08,open ,Finance Ops,36.0,True,72
TKT701194,BKG303884,CUST100980,CMP600198,2026-06-22,Escalated,CX Escalations,36.0,True,72
TKT701195,BKG303565,CUST100630,CMP601436,2026-03-21,Escalated,Finance Ops,96.0,Yes,72
TKT701196,BKG303259,CUST101091,CMP600349,2026-04-12,In Progress,City Ops,96.0,No,24
TKT701197,BKG302661,CUST100997,CMP600685,2026-03-08,Resolved,Finance Ops,24.0,Yes,24
TKT701198,BKG301114,CUST101184,CMP601426,2026-08-04,open ,Finance Ops,72.0,Yes,24
TKT701199,BKG304225,CUST100615,CMP600741,2026-07-24,Reopened,CX Escalations,12.0,Y,48
TKT701200,BKG300648,CUST101071,CMP600173,2026-02-18,Resolved,CX Escalations,48.0,Y,48
TKT701201,BKG303908,CUST101111,CMP600886,2026-04-01,Open,Refund Ops,8.0,N,24
TKT701202,BKG301223,CUST100072,CMP601441,2026-05-24,open ,City Ops,,Y,48
TKT701203,BKG303478,CUST100488,CMP600838,2026-03-03,Escalated,Finance Ops,8.0,N,72
TKT701204,BKG300949,,CMP601196,2026-06-23,Reopened,Hotel Ops,8.0,No,24
TKT701205,BKG301646,CUST100303,CMP600771,2026-05-09,Resolved,Finance Ops,12.0,N,24
TKT701206,BKG301459,CUST100982,CMP600096,2026-03-07,In Progress,Refund Ops,4.0,Yes,24
TKT701207,BKG302763,CUST101106,CMP601211,2026-03-29,Resolved,CX Escalations,8.0,N,24
TKT701208,BKG304660,CUST101050,CMP600731,2026-02-15,Open,CX Escalations,12.0,No,72
TKT701209,BKG301112,CUST101103,CMP600799,2026-06-07,In Progress,City Ops,96.0,No,72
TKT701210,BKG300277,CUST100776,CMP601006,2026-05-11,open ,CX Escalations,8.0,No,72
TKT701211,BKG304093,CUST100925,CMP601382,2026-03-11,Open,City Ops,12.0,True,48
TKT701212,BKG302561,CUST100307,CMP600075,2026-05-12,Open,CX Escalations,120.0,Yes,48
TKT701213,BKG302428,CUST101041,CMP600035,2026-02-12,Escalated,CX Escalations,48.0,Yes,24
TKT701214,BKG300605,CUST100923,CMP600150,2026-06-27,Reopened,Refund Ops,36.0,False,48
TKT701215,BKG300962,CUST100939,CMP600976,2026-05-14,Resolved,Hotel Ops,48.0,False,72
TKT701216,BKG304825,CUST100090,CMP600296,2026-03-26,Open,CX Escalations,8.0,Y,48
TKT701217,BKG304757,CUST100719,CMP601143,2026-04-17,open ,Hotel Ops,72.0,No,72
TKT701218,BKG300974,CUST101006,CMP600639,2026-07-07,In Progress,City Ops,,Y,48
TKT701219,BKG301407,CUST100873,CMP600392,2026-06-02,open ,Hotel Ops,72.0,True,24
TKT701220,BKG302200,CUST100888,CMP600946,2026-05-12,open ,Hotel Ops,24.0,False,24
TKT701221,BKG303683,CUST100496,CMP600609,2026-07-18,Open,Finance Ops,24.0,False,24
TKT701222,BKG302141,CUST100685,CMP601368,2026-03-26,In Progress,Hotel Ops,24.0,N,72
TKT701223,BKG302609,CUST100432,CMP600911,2026-03-18,Escalated,CX Escalations,36.0,Y,72
TKT701224,BKG300798,CUST100014,CMP601026,2026-05-15,Reopened,CX Escalations,4.0,N,48
TKT701225,BKG302702,CUST100138,CMP600544,2026-04-29,Closed,CX Escalations,24.0,False,24
TKT701226,BKG301878,CUST100808,CMP600630,2026-04-20,Escalated,Hotel Ops,36.0,True,48
TKT701227,BKG302081,CUST100237,CMP601025,2026-01-22,open ,Refund Ops,72.0,N,24
TKT701228,BKG302610,CUST100805,CMP600424,2026-04-03,Resolved,Finance Ops,4.0,Yes,48
TKT701229,BKG303699,CUST100177,CMP601254,2026-04-18,Reopened,CX Escalations,,True,72
TKT701230,BKG300477,CUST100050,CMP600828,2026-05-23,Resolved,Finance Ops,72.0,Yes,48
TKT701231,BKG303560,CUST100708,CMP600864,2026-04-02,Escalated,Finance Ops,48.0,No,72
TKT701232,BKG304515,CUST101053,CMP601463,2026-02-18,In Progress,CX Escalations,24.0,False,72
TKT701233,BKG302694,CUST100567,CMP600804,2026-07-25,open ,CX Escalations,96.0,Y,24
TKT701234,BKG302055,CUST100174,CMP600617,2026-03-27,In Progress,Refund Ops,18.0,No,24
TKT701235,BKG300145,CUST100757,CMP600723,2026-04-12,Closed,Hotel Ops,24.0,False,72
TKT701236,BKG304570,CUST100487,CMP600587,2026-07-22,Closed,Hotel Ops,24.0,Y,72
TKT701237,BKG301153,CUST100019,CMP600194,2026-01-30,Open,CX Escalations,24.0,True,48
TKT701238,BKG303267,CUST100659,CMP600645,2026-04-13,Open,Refund Ops,96.0,Yes,24
TKT701239,BKG304109,CUST100843,CMP601265,2026-03-17,In Progress,Finance Ops,96.0,Yes,24
TKT701240,BKG304826,CUST100567,CMP600819,2026-07-20,Open,CX Escalations,8.0,True,48
TKT701241,BKG300463,CUST100356,CMP601099,2026-05-19,Escalated,Finance Ops,,Yes,24
TKT701242,BKG301406,CUST100683,CMP600936,2026-07-12,open ,Refund Ops,18.0,Y,72
TKT701243,BKG300228,CUST101125,CMP601103,2026-05-19,open ,CX Escalations,36.0,Y,48
TKT701244,BKG301392,CUST101173,CMP600101,2026-05-20,Resolved,Refund Ops,4.0,True,72
TKT701245,BKG304525,CUST100844,CMP601347,2026-06-03,Resolved,CX Escalations,36.0,Yes,24
TKT701246,BKG302785,CUST100906,CMP600880,2026-02-22,Open,Hotel Ops,8.0,False,24
TKT701247,BKG301457,CUST100125,CMP600358,2026-03-17,Closed,Refund Ops,120.0,False,48
TKT701248,BKG301143,CUST101101,CMP600681,2026-05-11,Resolved,Refund Ops,,N,72
TKT701249,BKG301635,CUST100537,CMP601429,2026-02-11,Resolved,CX Escalations,8.0,True,24
TKT701250,BKG303088,CUST100239,CMP601257,2026-06-28,Reopened,Hotel Ops,36.0,Yes,72
TKT701251,BKG303455,CUST101187,CMP601422,2026-06-22,Open,Finance Ops,8.0,No,72
TKT701252,BKG300210,CUST100343,CMP600443,2026-05-26,open ,Refund Ops,36.0,Y,48
TKT701253,BKG304983,CUST100129,CMP600223,2026-05-14,Escalated,Refund Ops,96.0,N,24
TKT701254,BKG304476,CUST100935,CMP600090,2026-05-20,In Progress,Hotel Ops,12.0,False,72
TKT701255,BKG301812,CUST100045,CMP601100,2026-06-15,Escalated,Refund Ops,36.0,Yes,24
TKT701256,BKG304244,CUST100940,CMP601451,2026-04-03,Open,Finance Ops,24.0,True,72
TKT701257,BKG302497,CUST100018,CMP601340,2026-06-07,Resolved,Refund Ops,12.0,Yes,24
TKT701258,BKG302075,CUST100449,CMP600129,2026-01-19,open ,CX Escalations,96.0,No,24
TKT701259,BKG302157,CUST100893,CMP600364,2026-04-01,Open,Refund Ops,96.0,No,48
TKT701260,BKG303931,CUST100262,CMP600029,2026-03-01,Open,CX Escalations,18.0,N,48
TKT701261,BKG300171,CUST100661,CMP600716,2026-04-28,open ,Hotel Ops,96.0,Yes,48
TKT701262,BKG302690,CUST100967,CMP601196,2026-08-08,Escalated,Finance Ops,36.0,N,72
TKT701263,BKG304503,CUST100111,CMP601360,2026-03-28,In Progress,Refund Ops,8.0,N,24
TKT701264,BKG303440,CUST101031,CMP600378,2026-05-13,In Progress,CX Escalations,8.0,False,72
TKT701265,BKG301668,CUST100689,CMP600777,2026-05-15,Escalated,Hotel Ops,,True,48
TKT701266,BKG304965,CUST100560,CMP601422,2026-03-19,In Progress,Refund Ops,8.0,Yes,24
TKT701267,BKG302213,CUST100203,CMP600565,2026-06-16,Open,Finance Ops,18.0,Y,72
TKT701268,BKG303009,CUST100431,CMP600858,2026-05-05,Closed,Hotel Ops,8.0,Y,48
TKT701269,BKG303794,CUST100437,CMP601132,2026-03-25,Reopened,City Ops,36.0,Yes,72
TKT701270,BKG301383,CUST100603,CMP600762,2026-02-07,Reopened,Hotel Ops,24.0,No,48
TKT701271,BKG304283,CUST100277,CMP600982,2026-06-17,Reopened,Refund Ops,4.0,N,24
TKT701272,BKG300824,CUST100209,CMP600756,2026-03-14,In Progress,Hotel Ops,,No,24
TKT701273,BKG301466,CUST100546,CMP600129,2026-07-12,Resolved,Refund Ops,120.0,True,48
TKT701274,BKG300361,CUST100685,CMP600006,2026-04-20,Closed,CX Escalations,4.0,No,72
TKT701275,BKG301710,,CMP600290,2026-04-20,Resolved,CX Escalations,36.0,True,72
TKT701276,BKG304942,CUST100864,CMP600872,2026-03-29,Closed,Finance Ops,18.0,Y,72
TKT701277,BKG304032,CUST100385,CMP601392,2026-06-08,open ,City Ops,12.0,No,24
TKT701278,BKG300608,CUST101022,CMP600692,2026-03-01,Escalated,Hotel Ops,120.0,Y,24
TKT701279,BKG303825,CUST101094,CMP600985,2026-04-09,Reopened,CX Escalations,120.0,False,24
TKT701280,BKG302802,CUST100922,CMP600642,2026-02-28,open ,Hotel Ops,,No,72
TKT701281,BKG302575,CUST100819,CMP600905,2026-06-06,Open,Hotel Ops,48.0,True,48
TKT701282,BKG304412,CUST101137,CMP600365,2026-05-17,Reopened,Finance Ops,48.0,N,72
TKT701283,BKG300431,CUST100296,CMP601182,2026-04-06,Resolved,CX Escalations,18.0,No,72
TKT701284,BKG302778,CUST100146,CMP601369,2026-03-25,In Progress,Refund Ops,4.0,Yes,24
TKT701285,BKG303680,CUST100234,CMP600734,2026-04-29,open ,Hotel Ops,18.0,True,72
TKT701286,BKG300364,CUST100605,CMP600531,2026-02-04,Escalated,Hotel Ops,18.0,True,72
TKT701287,BKG302386,CUST100683,CMP601046,2026-05-29,open ,CX Escalations,12.0,No,72
TKT701288,BKG301687,CUST100309,CMP601279,2026-04-20,Open,CX Escalations,36.0,Y,72
TKT701289,BKG304090,CUST100026,CMP601347,2026-04-04,Resolved,CX Escalations,12.0,No,72
TKT701290,BKG300080,CUST100742,CMP600787,2026-05-14,Reopened,Refund Ops,72.0,N,24
TKT701291,BKG304895,CUST101164,CMP601023,2026-06-18,In Progress,City Ops,18.0,True,48
TKT701292,BKG301451,CUST101010,CMP600581,2026-03-07,In Progress,CX Escalations,12.0,Y,48
TKT701293,BKG303350,CUST100461,CMP601058,2026-06-22,In Progress,City Ops,48.0,N,72
TKT701294,BKG301276,CUST100394,CMP601364,2026-04-15,Escalated,Refund Ops,120.0,No,24
TKT701295,BKG304563,CUST100835,CMP600402,2026-07-18,Closed,Hotel Ops,12.0,N,48
TKT701296,BKG301689,CUST100555,CMP601227,2026-01-24,Reopened,CX Escalations,120.0,No,24
TKT701297,BKG301082,CUST101117,CMP601346,2026-04-18,Resolved,CX Escalations,96.0,Yes,72
TKT701298,BKG301666,CUST100915,CMP601467,2026-05-07,Closed,Refund Ops,36.0,N,48
TKT701299,BKG302999,CUST100677,CMP601329,2026-07-15,open ,City Ops,,No,24
TKT701300,BKG300515,CUST100815,CMP600738,2026-05-26,In Progress,Finance Ops,96.0,True,48
TKT701301,BKG302085,CUST101057,CMP601057,2026-05-06,open ,Hotel Ops,120.0,True,48
TKT701302,BKG302013,CUST100125,CMP600603,2026-05-02,Resolved,City Ops,,N,48
TKT701303,BKG301312,CUST100222,CMP600255,2026-04-20,Closed,CX Escalations,72.0,True,48
TKT701304,BKG301452,CUST100618,CMP600249,2026-05-17,Closed,City Ops,8.0,Yes,72
TKT701305,BKG303233,CUST101128,CMP600465,2026-04-15,Resolved,CX Escalations,8.0,False,72
TKT701306,BKG301299,CUST100479,CMP600329,2026-08-08,Open,Refund Ops,72.0,True,48
TKT701307,BKG302755,CUST100779,CMP600635,2026-05-27,Closed,Refund Ops,96.0,Yes,48
TKT701308,BKG302811,CUST100147,CMP600003,2026-06-12,In Progress,Hotel Ops,72.0,Y,72
TKT701309,BKG300448,CUST100751,CMP600772,2026-03-23,Escalated,Hotel Ops,,Yes,72
TKT701310,BKG303706,CUST100585,CMP600273,2026-07-30,Closed,City Ops,96.0,Yes,72
TKT701311,BKG301019,CUST100743,CMP600349,2026-03-13,Open,City Ops,24.0,Y,72
TKT701312,BKG302989,,CMP600667,2026-06-22,Open,Hotel Ops,24.0,True,48
TKT701313,BKG302212,CUST100617,CMP600763,2026-04-09,In Progress,Refund Ops,120.0,False,72
TKT701314,BKG300565,CUST100919,CMP600626,2026-07-22,Resolved,Finance Ops,,Yes,48
TKT701315,BKG303034,CUST100081,CMP600469,2026-04-14,Resolved,Refund Ops,48.0,True,72
TKT701316,BKG304019,CUST100427,CMP600048,2026-03-30,Escalated,Refund Ops,18.0,False,48
TKT701317,BKG302757,CUST100188,CMP600928,2026-03-05,Closed,Hotel Ops,12.0,Yes,24
TKT701318,BKG304265,CUST100735,CMP601043,2026-06-20,Open,Hotel Ops,4.0,Y,48
TKT701319,BKG301387,CUST100490,CMP601053,2026-01-19,open ,Hotel Ops,18.0,True,48
TKT701320,BKG303470,CUST100056,CMP600910,2026-04-03,Closed,CX Escalations,,Y,72
TKT701321,BKG300697,CUST100272,CMP600885,2026-06-23,In Progress,CX Escalations,120.0,Yes,72
TKT701322,BKG304422,CUST100275,CMP600064,2026-05-24,Resolved,City Ops,12.0,True,48
TKT701323,BKG302159,CUST100617,CMP600477,2026-03-21,Reopened,Refund Ops,72.0,True,24
TKT701324,BKG301484,CUST100865,CMP601050,2026-07-04,Resolved,CX Escalations,,N,72
TKT701325,BKG302415,CUST100485,CMP600319,2026-06-04,Escalated,Finance Ops,12.0,Y,72
TKT701326,BKG301441,CUST100700,CMP601291,2026-07-30,open ,City Ops,12.0,Yes,48
TKT701327,BKG304678,CUST100661,CMP600654,2026-06-11,open ,CX Escalations,36.0,N,72
TKT701328,BKG300161,CUST101126,CMP600658,2026-03-16,Closed,City Ops,12.0,False,24
TKT701329,BKG301465,CUST100313,CMP601183,2026-03-09,In Progress,City Ops,72.0,True,24
TKT701330,BKG302221,CUST100638,CMP601398,2026-07-31,Escalated,Finance Ops,,N,72
TKT701331,BKG303264,CUST100021,CMP600749,2026-04-27,open ,Hotel Ops,18.0,No,72
TKT701332,BKG303919,CUST100308,CMP600877,2026-03-23,In Progress,Hotel Ops,4.0,Y,72
TKT701333,BKG301923,CUST100581,CMP600152,2026-03-29,Open,City Ops,4.0,False,72
TKT701334,BKG302521,CUST100015,CMP600976,2026-05-06,In Progress,Hotel Ops,36.0,True,48
TKT701335,BKG304480,CUST100887,CMP600244,2026-06-11,open ,Finance Ops,36.0,N,72
TKT701336,BKG304068,CUST100157,CMP601414,2026-04-02,Closed,Finance Ops,8.0,Yes,48
TKT701337,BKG302251,CUST100762,CMP600770,2026-03-10,Escalated,CX Escalations,96.0,No,72
TKT701338,BKG300882,CUST100912,CMP601316,2026-02-02,In Progress,Finance Ops,4.0,No,24
TKT701339,BKG300521,CUST100006,CMP600875,2026-05-30,Closed,Refund Ops,18.0,N,72
TKT701340,BKG301130,CUST101044,CMP601047,2026-06-09,open ,Refund Ops,48.0,False,72
TKT701341,BKG303148,CUST101037,CMP601029,2026-04-23,Open,CX Escalations,72.0,N,48
TKT701342,BKG304973,CUST101012,CMP601283,2026-03-18,Escalated,CX Escalations,8.0,True,72
TKT701343,BKG302951,CUST100285,CMP600381,2026-06-02,Reopened,Finance Ops,36.0,No,24
TKT701344,BKG300480,CUST100367,CMP600321,2026-07-21,Resolved,Finance Ops,8.0,Y,48
TKT701345,BKG300021,CUST100880,CMP600602,2026-02-14,Open,CX Escalations,4.0,True,24
TKT701346,BKG303832,CUST100402,CMP601081,2026-06-27,Open,Hotel Ops,96.0,Yes,24
TKT701347,BKG304828,CUST100547,CMP600176,2026-06-20,Reopened,CX Escalations,8.0,False,48
TKT701348,BKG302315,CUST100710,CMP600528,2026-04-08,Open,Refund Ops,120.0,True,48
TKT701349,BKG303726,CUST100079,CMP600874,2026-02-05,Closed,CX Escalations,72.0,Y,24
TKT701350,BKG301648,CUST101061,CMP600147,2026-05-06,In Progress,CX Escalations,72.0,N,72
TKT701351,BKG304502,CUST100955,CMP600217,2026-03-24,Resolved,CX Escalations,24.0,False,48
TKT701352,BKG302400,CUST101052,CMP600532,2026-06-06,Open,Hotel Ops,36.0,No,24
TKT701353,BKG303243,CUST100330,CMP601489,2026-03-01,Open,Refund Ops,96.0,Yes,72
TKT701354,BKG303193,CUST100681,CMP600234,2026-05-30,Open,City Ops,96.0,False,24
TKT701355,BKG300749,CUST100386,CMP600718,2026-02-06,Open,Refund Ops,18.0,No,72
TKT701356,BKG300349,CUST100663,CMP600662,2026-03-30,Closed,Refund Ops,,Yes,72
TKT701357,BKG302478,CUST100507,CMP600420,2026-02-23,Resolved,Refund Ops,12.0,True,24
TKT701358,BKG301887,CUST100641,CMP600059,2026-05-27,open ,Finance Ops,120.0,Y,48
TKT701359,BKG300618,,CMP600785,2026-02-25,open ,Finance Ops,18.0,Y,48
TKT701360,BKG300169,CUST100677,CMP600126,2026-03-27,open ,Refund Ops,,No,72
TKT701361,BKG302113,CUST101019,CMP601468,2026-03-03,Closed,Finance Ops,4.0,Yes,48
TKT701362,BKG301159,CUST100585,CMP600195,2026-01-31,Reopened,Hotel Ops,4.0,N,48
TKT701363,BKG300012,CUST100123,CMP600564,2026-03-22,open ,Refund Ops,96.0,False,72
TKT701364,BKG304420,CUST100670,CMP600574,2026-01-17,Escalated,City Ops,24.0,Y,72
TKT701365,BKG300451,CUST100835,CMP601057,2026-03-23,open ,Hotel Ops,24.0,Yes,24
TKT701366,BKG300225,CUST100092,CMP600930,2026-01-29,Closed,Hotel Ops,18.0,Yes,24
TKT701367,BKG302033,CUST100900,CMP600718,2026-08-07,Resolved,Hotel Ops,48.0,N,24
TKT701368,BKG301297,CUST100124,CMP601452,2026-01-31,Open,Hotel Ops,24.0,Yes,72
TKT701369,BKG303658,CUST100034,CMP601130,2026-03-26,In Progress,Finance Ops,8.0,False,48
TKT701370,BKG301867,CUST100476,CMP600272,2026-06-21,Resolved,City Ops,96.0,False,72
TKT701371,BKG303943,CUST100282,CMP601302,2026-02-18,Escalated,Hotel Ops,18.0,True,48
TKT701372,BKG303844,CUST100926,CMP601331,2026-05-13,Escalated,City Ops,18.0,True,72
TKT701373,BKG302452,CUST100047,CMP600055,2026-04-12,Reopened,CX Escalations,36.0,Yes,48
TKT701374,BKG303444,CUST100413,CMP601288,2026-04-12,Escalated,Refund Ops,48.0,True,72
TKT701375,BKG303344,CUST100570,CMP601268,2026-03-11,Escalated,City Ops,18.0,False,24
TKT701376,BKG302129,CUST100895,CMP600676,2026-07-28,Open,Hotel Ops,120.0,False,48
TKT701377,BKG300585,CUST100849,CMP600517,2026-03-23,open ,City Ops,18.0,Yes,72
TKT701378,BKG303870,CUST100033,CMP600010,2026-07-08,Closed,City Ops,120.0,Yes,24
TKT701379,BKG302959,CUST101116,CMP601028,2026-05-27,Resolved,City Ops,36.0,False,48
TKT701380,BKG301606,CUST100657,CMP600345,2026-05-14,Open,Finance Ops,4.0,No,72
TKT701381,BKG301340,CUST100148,CMP601342,2026-05-29,open ,CX Escalations,8.0,False,48
TKT701382,BKG300889,CUST101051,CMP601382,2026-03-27,Reopened,Finance Ops,4.0,Y,72
TKT701383,BKG300098,CUST100310,CMP601039,2026-06-27,Escalated,Finance Ops,8.0,True,24
TKT701384,BKG302745,CUST100459,CMP601045,2026-06-04,open ,City Ops,8.0,False,24
TKT701385,BKG301226,CUST100804,CMP600199,2026-03-31,Closed,Hotel Ops,120.0,No,72
TKT701386,BKG301471,CUST100302,CMP600230,2026-04-08,Open,CX Escalations,96.0,No,24
TKT701387,BKG303839,CUST100321,CMP601340,2026-05-30,Resolved,CX Escalations,4.0,False,72
TKT701388,BKG303240,CUST101106,CMP600647,2026-06-10,open ,Hotel Ops,24.0,Yes,48
TKT701389,BKG302907,CUST101163,CMP600274,2026-02-23,open ,Refund Ops,48.0,True,48
TKT701390,BKG302530,CUST101088,CMP600155,2026-02-09,Open,City Ops,,Yes,48
TKT701391,BKG301687,CUST100309,CMP601405,2026-05-28,open ,Hotel Ops,36.0,No,72
TKT701392,BKG300649,CUST100501,CMP601310,2026-04-13,Open,Finance Ops,36.0,Yes,72
TKT701393,BKG301423,CUST100201,CMP600614,2026-05-06,In Progress,Refund Ops,36.0,Y,24
TKT701394,BKG301860,CUST101186,CMP601049,2026-03-25,Closed,City Ops,4.0,False,72
TKT701395,BKG303530,CUST101129,CMP600862,2026-03-12,Closed,Refund Ops,72.0,Yes,72
TKT701396,BKG302750,CUST100350,CMP600911,2026-06-10,In Progress,Hotel Ops,18.0,True,48
TKT701397,BKG300617,CUST100171,CMP600879,2026-08-07,Closed,Hotel Ops,36.0,Y,48
TKT701398,BKG300428,CUST100125,CMP600474,2026-04-02,Resolved,City Ops,24.0,True,72
TKT701399,BKG300900,CUST101034,CMP600091,2026-07-20,In Progress,Hotel Ops,8.0,No,72
TKT701400,BKG301729,CUST100607,CMP600147,2026-07-29,Closed,City Ops,48.0,False,72
TKT701401,BKG301189,CUST100620,CMP600916,2026-06-05,Escalated,Hotel Ops,4.0,Y,24
TKT701402,BKG302081,CUST100237,CMP600348,2026-02-26,Closed,Hotel Ops,8.0,No,24
TKT701403,BKG300617,CUST100171,CMP601188,2026-06-22,In Progress,CX Escalations,,True,48
TKT701404,BKG301765,CUST100175,CMP601422,2026-06-29,Closed,Refund Ops,36.0,False,24
TKT701405,BKG302566,CUST100086,CMP600561,2026-03-05,Closed,Refund Ops,24.0,No,72
TKT701406,BKG304162,CUST100940,CMP600968,2026-03-28,In Progress,City Ops,24.0,No,48
TKT701407,BKG304334,CUST100094,CMP601098,2026-03-10,Open,City Ops,120.0,True,72
TKT701408,BKG300041,CUST100284,CMP600096,2026-05-14,Escalated,Refund Ops,12.0,Yes,24
TKT701409,BKG302282,CUST100144,CMP600744,2026-05-18,Reopened,Finance Ops,,Y,72
TKT701410,BKG301729,CUST100607,CMP600754,2026-06-12,Closed,Finance Ops,24.0,No,24
TKT701411,BKG301951,CUST101176,CMP601466,2026-06-06,Escalated,Hotel Ops,48.0,N,72
TKT701412,BKG303656,CUST100794,CMP601203,2026-03-12,Escalated,Refund Ops,36.0,No,48
TKT701413,BKG300144,CUST100213,CMP601121,2026-04-10,Escalated,Hotel Ops,4.0,No,24
TKT701414,BKG300756,CUST100445,CMP601126,2026-04-25,Resolved,Finance Ops,12.0,Y,24
TKT701415,BKG303278,CUST100893,CMP600825,2026-06-12,In Progress,City Ops,12.0,No,24
TKT701416,BKG304339,CUST100606,CMP601069,2026-04-13,open ,Hotel Ops,,No,48
TKT701417,BKG302938,CUST100120,CMP600346,2026-05-01,Reopened,Refund Ops,18.0,False,48
TKT701418,BKG304351,CUST100716,CMP600813,2026-07-05,Resolved,CX Escalations,24.0,Yes,24
TKT701419,BKG304819,CUST101112,CMP601291,2026-06-10,Closed,Finance Ops,48.0,True,24
TKT701420,BKG303678,CUST100238,CMP600679,2026-04-21,Reopened,City Ops,96.0,N,72
TKT701421,BKG302944,CUST101174,CMP601276,2026-01-19,Closed,Hotel Ops,12.0,N,24
TKT701422,BKG303262,CUST100998,CMP600608,2026-05-01,Open,Finance Ops,4.0,True,48
TKT701423,BKG304902,CUST100947,CMP600613,2026-08-17,Reopened,CX Escalations,36.0,No,24
TKT701424,BKG301046,CUST100300,CMP600028,2026-06-01,Resolved,Finance Ops,24.0,N,48
TKT701425,BKG300079,CUST100955,CMP600633,2026-06-07,open ,CX Escalations,24.0,Y,24
TKT701426,BKG302937,CUST100429,CMP600187,2026-05-11,Closed,Finance Ops,48.0,Yes,24
TKT701427,BKG301458,CUST100840,CMP600112,2026-04-02,Open,Hotel Ops,8.0,N,48
TKT701428,BKG300541,CUST100383,CMP600032,2026-04-10,open ,Finance Ops,72.0,Yes,72
TKT701429,BKG300687,CUST100902,CMP600271,2026-01-29,Escalated,Finance Ops,12.0,Y,24
TKT701430,BKG301958,CUST100352,CMP601025,2026-05-06,Closed,City Ops,36.0,Yes,72
TKT701431,BKG304189,CUST100906,CMP600013,2026-05-16,Closed,City Ops,48.0,False,72
TKT701432,BKG301153,CUST100019,CMP601284,2026-04-02,Open,City Ops,120.0,True,24
TKT701433,BKG304801,CUST100085,CMP600898,2026-04-08,Resolved,Hotel Ops,96.0,Y,24
TKT701434,BKG302821,CUST100433,CMP600481,2026-05-19,open ,City Ops,72.0,False,48
TKT701435,BKG304199,CUST100632,CMP600298,2026-03-14,Escalated,City Ops,72.0,No,48
TKT701436,BKG303525,CUST100727,CMP600462,2026-06-22,Reopened,CX Escalations,48.0,True,48
TKT701437,BKG300462,CUST101155,CMP600182,2026-07-10,Closed,Refund Ops,48.0,Y,24
TKT701438,BKG303009,CUST100431,CMP601137,2026-06-01,open ,CX Escalations,96.0,True,48
TKT701439,BKG300294,CUST100698,CMP600596,2026-06-17,Escalated,CX Escalations,8.0,Y,72
TKT701440,BKG301187,CUST101021,CMP601197,2026-03-17,Open,Hotel Ops,48.0,No,48
TKT701441,BKG301441,CUST100700,CMP601234,2026-06-26,In Progress,Finance Ops,8.0,Y,72
TKT701442,BKG304089,CUST101145,CMP601051,2026-06-22,Escalated,Refund Ops,72.0,False,24
TKT701443,BKG304950,CUST100195,CMP601034,2026-05-21,open ,Finance Ops,120.0,N,48
TKT701444,BKG300658,CUST100727,CMP600895,2026-05-05,Reopened,CX Escalations,4.0,Yes,24
TKT701445,BKG302749,CUST100849,CMP600504,2026-05-24,In Progress,CX Escalations,72.0,True,24
TKT701446,BKG301303,,CMP601198,2026-05-13,Escalated,Hotel Ops,8.0,Yes,72
TKT701447,BKG303938,CUST100024,CMP600467,2026-04-09,open ,Refund Ops,96.0,Yes,24
TKT701448,BKG304669,CUST100718,CMP600786,2026-02-15,Resolved,Finance Ops,,True,24
TKT701449,BKG303448,CUST100021,CMP600682,2026-03-27,Closed,City Ops,8.0,False,72
TKT701450,BKG304907,CUST100307,CMP600703,2026-03-25,open ,Refund Ops,18.0,True,24
TKT701451,BKG300635,CUST100947,CMP600778,2026-05-11,Resolved,Refund Ops,72.0,Yes,72
TKT701452,BKG304080,CUST100146,CMP600189,2026-03-03,open ,Refund Ops,48.0,Y,48
TKT701453,BKG304193,CUST100143,CMP601439,2026-03-06,Reopened,CX Escalations,48.0,False,72
TKT701454,BKG302019,CUST100647,CMP600769,2026-03-29,Reopened,City Ops,96.0,N,24
TKT701455,BKG303654,CUST100749,CMP601425,2026-05-07,Escalated,CX Escalations,12.0,N,72
TKT701456,BKG301002,CUST100262,CMP600231,2026-06-13,Resolved,Refund Ops,48.0,False,48
TKT701457,BKG303615,CUST100311,CMP600146,2026-06-19,Escalated,City Ops,8.0,Yes,72
TKT701458,BKG304387,CUST100908,CMP600950,2026-03-18,open ,Hotel Ops,4.0,No,24
TKT701459,BKG300208,CUST101097,CMP600362,2026-06-26,Open,CX Escalations,,N,24
TKT701460,BKG302231,CUST100771,CMP601467,2026-07-13,Open,City Ops,,True,72
TKT701461,BKG302654,CUST100560,CMP600267,2026-05-27,Open,CX Escalations,,False,24
TKT701462,BKG300352,CUST100175,CMP600318,2026-01-29,open ,City Ops,12.0,N,24
TKT701463,BKG304479,CUST100184,CMP600931,2026-05-09,Open,Refund Ops,18.0,False,72
TKT701464,BKG300688,CUST100974,CMP600481,2026-05-03,In Progress,City Ops,48.0,True,24
TKT701465,BKG301048,CUST100425,CMP601421,2026-05-05,Escalated,Hotel Ops,72.0,No,72
TKT701466,BKG304867,CUST101069,CMP600892,2026-07-21,Closed,CX Escalations,72.0,False,48
TKT701467,BKG302153,CUST100678,CMP601126,2026-05-15,open ,CX Escalations,8.0,Yes,24
TKT701468,BKG301625,CUST100745,CMP600980,2026-06-02,open ,CX Escalations,12.0,True,24
TKT701469,BKG303675,CUST100523,CMP600012,2026-01-27,Escalated,Finance Ops,24.0,Yes,72
TKT701470,BKG302456,CUST101112,CMP601421,2026-03-07,In Progress,Hotel Ops,120.0,Y,48
TKT701471,BKG301385,CUST101128,CMP600521,2026-04-04,Resolved,Hotel Ops,120.0,False,72
TKT701472,BKG304365,CUST100294,CMP600663,2026-06-17,open ,City Ops,12.0,False,48
TKT701473,BKG304908,CUST100420,CMP600346,2026-04-11,Resolved,Refund Ops,24.0,Yes,24
TKT701474,BKG301449,CUST100539,CMP600802,2026-04-04,In Progress,CX Escalations,8.0,Yes,24
TKT701475,BKG302916,CUST100917,CMP600222,2026-03-25,In Progress,Hotel Ops,96.0,False,48
TKT701476,BKG300897,CUST100205,CMP600712,2026-06-21,Open,Hotel Ops,18.0,Y,24
TKT701477,BKG302467,CUST100529,CMP601374,2026-04-18,Closed,Hotel Ops,8.0,No,24
TKT701478,BKG303349,CUST100400,CMP601426,2026-04-28,Escalated,City Ops,12.0,Y,24
TKT701479,BKG304110,CUST101167,CMP600255,2026-03-18,Closed,CX Escalations,96.0,False,24
TKT701480,BKG_ORPHAN_TKT_0,CUST_ORPHAN_TKT_1480,CMP600310,2026-05-19,open ,Refund Ops,,Y,24
TKT701481,BKG_ORPHAN_TKT_1,CUST_ORPHAN_TKT_1481,CMP601199,2026-05-13,Reopened,City Ops,8.0,N,72
TKT701482,BKG_ORPHAN_TKT_2,CUST_ORPHAN_TKT_1482,CMP600100,2026-07-13,Escalated,City Ops,,True,72
TKT701483,BKG_ORPHAN_TKT_3,CUST_ORPHAN_TKT_1483,CMP600423,2026-05-15,Reopened,Refund Ops,18.0,N,24
TKT701484,BKG_ORPHAN_TKT_4,CUST_ORPHAN_TKT_1484,CMP601238,2026-05-20,Closed,City Ops,96.0,True,72
TKT701485,BKG_ORPHAN_TKT_5,CUST_ORPHAN_TKT_1485,CMP600331,2026-05-12,open ,City Ops,48.0,N,24
TKT701486,BKG_ORPHAN_TKT_6,CUST_ORPHAN_TKT_1486,CMP600833,2026-08-02,Closed,City Ops,96.0,False,72
TKT701487,BKG_ORPHAN_TKT_7,CUST_ORPHAN_TKT_1487,CMP600244,2026-06-13,In Progress,Hotel Ops,8.0,Yes,72
TKT701488,BKG_ORPHAN_TKT_8,CUST_ORPHAN_TKT_1488,CMP600863,2026-06-01,Reopened,Hotel Ops,,Yes,72
TKT701489,BKG_ORPHAN_TKT_9,CUST_ORPHAN_TKT_1489,CMP601149,2026-05-11,Resolved,City Ops,96.0,True,72
TKT701490,BKG_ORPHAN_TKT_10,CUST_ORPHAN_TKT_1490,CMP601349,2026-07-24,Escalated,City Ops,72.0,Y,48
TKT701491,BKG_ORPHAN_TKT_11,CUST_ORPHAN_TKT_1491,CMP601139,2026-07-12,Reopened,Refund Ops,72.0,N,48
TKT701492,BKG_ORPHAN_TKT_12,CUST_ORPHAN_TKT_1492,CMP600857,2026-06-12,Resolved,Hotel Ops,24.0,N,48
TKT701493,BKG_ORPHAN_TKT_13,CUST_ORPHAN_TKT_1493,CMP601177,2026-07-16,Closed,Finance Ops,,Yes,48
TKT701494,BKG_ORPHAN_TKT_14,CUST_ORPHAN_TKT_1494,CMP600057,2026-08-06,Closed,City Ops,96.0,N,48
TKT701495,BKG_ORPHAN_TKT_15,CUST_ORPHAN_TKT_1495,CMP600059,2026-05-28,Reopened,Refund Ops,,No,48
TKT701496,BKG_ORPHAN_TKT_16,CUST_ORPHAN_TKT_1496,CMP600296,2026-05-29,Closed,CX Escalations,36.0,True,48
TKT701497,BKG_ORPHAN_TKT_17,CUST_ORPHAN_TKT_1497,CMP600075,2026-05-21,Resolved,Finance Ops,120.0,No,72
TKT701498,BKG_ORPHAN_TKT_18,CUST_ORPHAN_TKT_1498,CMP601126,2026-06-05,open ,Finance Ops,96.0,N,72
TKT701499,BKG_ORPHAN_TKT_19,CUST_ORPHAN_TKT_1499,CMP601242,2026-05-23,Resolved,City Ops,,No,72
